ear,ear_velocity,perclos,mar,head_pitch,head_yaw,head_roll,blink_frequency,gaze_eccentricity,yawn_duration_sec,class_label,fatigue_severity
0.324901424590337,-0.002765286023423693,0.021051437938282094,0.24316851262029565,5.069738916611636,-2.8168463156097125,1.627680130757894,14.378038075156383,0.013315340740964198,0.0,0,0.08
0.258252465024609,-0.011245750584819454,0.006170407916121032,0.23862595075686216,1.0968947980538575,0.405169228127543,-4.274244558640371,14.09466046416186,0.02623434282813116,0.0,0,0.08
0.29198083930243585,-0.005833874995865536,0.0065640339819464455,0.21290179648412755,-2.883374599884089,1.2531815700285325,-5.8790103716393265,11.351348828855492,0.07452067140896573,0.0,0,0.08
0.3321539973998623,0.00342736562379941,0.019202300308178145,0.16157444916160849,6.228488904875663,2.0617097374107685,-5.289120466088201,17.134293892881782,0.0028794743229909876,0.0,0,0.08
0.2896923399908212,0.012233525776817357,0.03096570253944858,0.14643129907109445,0.7631504965951417,1.9875805884213837,2.9266353813670776,14.322890167541486,0.012356157012089499,0.0,0,0.08
0.33437577467182594,0.02712480057141646,0.013800134619959216,0.19445582422033655,8.152146265863877,-0.21495623465970923,4.693930967442019,6.830892135685895,0.0006310258330467208,0.0,0,0.08
0.31261141204714515,-0.00598014700931735,0.0381923518959845,0.23911576178966065,-0.07308087309458955,-4.8509616173591255,-1.5052711307536097,19.20390741195726,0.03973987418685256,0.0,0,0.08
0.3129123264804412,0.019372899810657786,0.010919663156542846,0.19184481108258303,3.0442210887195573,0.03068073985476534,-0.7037614001254408,11.04620240282355,0.004773014432161866,0.0,0,0.08
0.3051614286500197,0.008081017136290768,0.056038794558309284,0.10324915138803833,1.8939444982031324,0.36138125964615864,7.389726337455858,15.326736623266072,0.004503800188789349,0.0,0,0.08
0.3442846844354506,0.015038660653735483,0.043238588173045926,0.20347428375201082,10.761822503239914,-5.94321795078413,-1.6988931888083156,16.348779777806744,0.037792657735986876,0.0,0,0.08
0.263480097068016,0.0013712594961205467,0.005512337645710066,0.14866986830655052,0.7117539351772977,4.881103304218018,-3.692592949301866,16.796109771114452,0.01491888364868479,0.0,0,0.08
0.3177964838274527,0.015636457435546206,0.007766092279058116,0.19001971401383505,3.3857928379879025,-4.080148329470945,0.6967610914830107,17.025753656545383,0.0002165226228252378,0.0,0,0.08
0.3659732353343427,0.00947665841823575,0.004370448654595212,0.22634382316029616,-1.2827292734068418,5.780256775465931,1.238342780809495,18.877210559980714,0.0017186200025208621,0.0,0,0.08
0.2833145671112343,-0.016316205699308767,0.016483633386787395,0.18052007567511627,7.8141363086292674,-1.5879409994277365,8.160507499768856,18.189835717177523,0.014061992540613586,0.0,0,0.08
0.27787322505816664,0.009649448304863707,0.013034589237506802,0.1989295049829418,1.708684349372509,-5.08076230841043,-4.544541674057594,14.437197667765426,0.0044317818221211724,0.0,0,0.08
0.31519542777553544,0.007706347594576736,0.007618817166565691,0.18232834873783998,-2.5718811913224924,2.1467241620896997,1.6823535791047033,19.790679351113468,0.009756026457849806,0.0,0,0.08
0.3254510580162598,0.010275719018244176,0.011237231372096012,0.21816007053972808,4.605565005223192,-1.8916154678420738,2.276907661479802,13.2951117491185,0.02734788901588389,0.0,0,0.08
0.37943975700020527,-0.03734530385183496,0.04952309957860276,0.16112272536842265,6.355802387869464,0.3856801145727766,-3.2332343337879186,13.496437017590111,0.022824420263473946,0.0,0,0.08
0.3113671551971144,-0.013032006952116343,0.056252768724675065,0.09899429653369571,2.7458172590777106,-3.970718788610328,2.5573000043886718,13.226177415485548,0.00086995307858981,0.0,0,0.08
0.3251496183694137,0.01731510388340243,0.005852271140229112,0.2506181696112439,3.619926843843822,-7.565303726010271,2.753585841164328,23.427546689544215,0.011889436869832274,0.0,0,0.08
0.3480073344755987,-0.014153389312375616,0.02205348467374157,0.08,-2.0975505653371593,-1.5154089083589617,-3.7433495458945485,21.713439563760723,0.047041850974252376,0.0,0,0.08
0.35323819867198347,-0.028717243023588787,0.04174041993597384,0.18796238782293878,-0.4008675086351787,0.4188125099401135,-1.1559407905852805,16.39731070837937,0.01211132833077,0.0,0,0.08
0.373991001239688,-0.03904175599045004,0.014405246253631343,0.19123967470940129,-0.4907980792823752,-1.2487335021436512,-1.4790028039764984,13.937223350695259,0.0030246805448982477,0.0,0,0.08
0.3369879962629975,0.006145990417532186,0.029267739062236946,0.20989174420493045,4.441481061733859,-0.1254095637848888,0.35198214992634597,20.47182713525949,0.015883322217669908,0.0,0,0.08
0.3034695639031834,0.021975537039743802,0.028166796540016154,0.23221915228617315,2.084015366531036,4.091717827769783,-0.9308002697803681,17.134582233709548,0.07286782319158434,0.0,0,0.08
0.2854533795029958,0.041847745513709206,0.010208484946901152,0.2049647926820862,4.51338203705712,-0.07348063708148773,-2.6917631144574945,16.26531595367804,0.022327167753577813,0.0,0,0.08
0.28523508409622467,-0.006427716833059869,0.031058567109174588,0.1897986628443489,-0.027772701484519047,-2.8262298337099367,0.6961498120729088,10.931704804759367,0.06903127450466567,0.0,0,0.08
0.2884466733624269,-0.004268943034236945,0.016699562940473024,0.17923935168389243,-2.0101174585512354,-0.11107881595433958,-0.865975916760415,17.129514961183315,0.04917967715026204,0.0,0,0.08
0.30673719554629425,0.00803423444197883,0.03551042376994437,0.18896369927241666,2.0503696031271796,0.5860565912929903,-2.3190293515663996,16.0857856099063,0.024515371298542782,0.0,0,0.08
0.3745954737253467,-0.01534695125776099,0.03398583030812221,0.2675921173287069,-1.2331931414206059,-5.038331053084656,-1.7981779363320665,8.566364964915676,0.03052111699088526,0.0,0,0.08
0.3202526792733148,0.037523416784317726,0.043242453861007106,0.1271906717191743,9.325835063417415,7.0766407243277225,-1.4075269563141144,10.004029148181928,0.056281716422231495,0.0,0,0.08
0.30656380464242144,0.024756326239469235,0.0034090450949158103,0.18020974798872733,2.1879223750589682,-2.700392828875462,1.8685497970424962,12.26332849716092,0.07433418600083555,0.0,0,0.08
0.3313484463426667,-0.022492841836757385,0.0021323368097930307,0.24204607902090092,2.4626985371714345,7.075783104382959,0.20255544423032684,23.212617737086955,0.03328355442445664,0.0,0,0.08
0.3293612784875544,0.027372631150646975,0.005881149403318454,0.2223369794739835,-5.034957945692457,-7.0995510759946505,-6.117696533280302,15.057076079444048,0.017095253700801186,0.0,0,0.08
0.35885846636713875,-0.02760202916429783,0.0023296713852942546,0.09730231599840493,1.6435198419488464,-7.826817003029119,2.0090176464901153,17.28309386133897,0.009045308159711435,0.0,0,0.08
0.30811962708180485,0.019102846410024767,0.006039490067189051,0.15878969526510237,-1.1714913290493767,-0.6421821597273469,-3.1057269672581223,14.062227431284864,0.0317883035794243,0.0,0,0.08
0.2890082347602224,0.00427959821468444,0.018805757561271202,0.15877995409557888,-0.30327296257872005,-1.650310182909864,-6.905763494206754,10.696831282305066,0.012194225872466607,0.0,0,0.08
0.327296708891673,0.006225003090870722,0.07004801749150265,0.1157421471896971,2.813854543468892,-4.53810447170582,-4.266761128793022,13.736994905151157,0.006165385746613132,0.0,0,0.08
0.3606142490521769,0.01763279513898901,0.012871672923845001,0.2409249630907863,4.155640174738634,-6.223476925958739,-0.5710160342508246,12.93533611315335,0.047380667138645714,0.0,0,0.08
0.26804297278542577,0.011259384733811417,0.012146823111254805,0.18194086511779306,-1.323800465644151,1.622740954679033,-0.15071432834741086,15.163681835967566,0.09792637340979211,0.0,0,0.08
0.29269686008295004,0.015107824516515121,0.03702238227020346,0.11322378875514512,4.17344076951974,-3.9757425536750803,1.7117960057794779,13.328592952101191,0.040393640701811916,0.0,0,0.08
0.31779167505164446,-0.018086332502088173,0.04889370016019316,0.15392655568791364,2.1895946852656563,-5.162480191703715,-1.153666632689476,19.52202483225054,0.01135305424407615,0.0,0,0.08
0.3258941253374585,0.02883137241315801,0.00037837033225447155,0.19484583493485236,-0.4159407468632823,0.5195387248373995,-0.46703170617623846,20.087237215809324,0.0044056468790013735,0.0,0,0.08
0.2953718132778252,-0.008651163756392419,0.029455913934773873,0.21484498813726768,0.6959058713286355,7.207283532983669,-1.2242261190646542,8.866564126877511,0.026674816253252093,0.0,0,0.08
0.31055255137568655,0.033528746245505656,0.02653835442304143,0.18942458232434262,5.083460775547867,-8.871517474679049,3.4312621296207872,17.18473742623045,0.03208340080383142,0.0,0,0.08
0.31545598765175487,0.004964411726006722,0.016603734179970443,0.1828626494887757,0.08937021293953329,2.873878954478351,1.0009863158608447,19.631389804902646,0.004539642060390523,0.0,0,0.08
0.30190375194119884,-0.019575274315646148,0.01159382681714094,0.2147842368042264,7.422551435219804,2.4806094193422052,5.630387437674198,13.291737803137494,0.010200880687577669,0.0,0,0.08
0.25663839253287163,0.02992088622978366,0.031651292210522784,0.27783007918467306,2.51688472790091,0.6563687676293574,2.177299871696076,17.683532311078498,0.0322183037575016,0.0,0,0.08
0.366460734894251,0.026908400923099554,0.05791480655153513,0.14041580718965677,1.4968523196014074,0.3343494737321676,3.282574555412846,10.076373795998133,0.001101183331016661,0.0,0,0.08
0.27963686874219496,-0.033097133437315386,0.03395383814040536,0.16656861202839487,8.676086101157573,-1.5575481081816287,-4.509428859354319,15.139899275699195,0.02261649575107223,0.0,0,0.08
0.30307196409373965,0.013924127296268367,0.04487784137251578,0.16924445237780678,-2.4261036349666814,15.440158819499162,0.17765530204346477,16.048752521695313,0.00751700298733714,0.0,0,0.08
0.2927901397935929,-0.010937178824807842,0.0221282357892357,0.16980091130316577,8.015971954330755,-15.905818850358072,3.2745205557673853,20.3612981737417,0.012374907496353242,0.0,0,0.08
0.2677746491584654,-0.015556333751817506,0.0036064728064641406,0.21742713572589845,7.086220379976635,4.330032384259411,-3.3871553136516876,14.164179068020792,0.026024063908477918,0.0,0,0.08
0.30279023805525596,-0.00749641615099195,0.02878059792366001,0.1367574668960041,4.4637424277770545,3.5586075478103023,-0.9286393179419709,17.141465577847413,0.02608012344113714,0.0,0,0.08
0.2943183093844288,0.020980184516737787,0.015547789043785565,0.12878282590014867,9.01917672793746,-12.491576447302332,5.089369104870115,16.738561135209164,0.04076818468378056,0.0,0,0.08
0.3088709589272545,0.02206603764033043,0.02037431287225133,0.19231207075568235,-4.840673570626502,-8.089112532634278,2.229792282068145,16.598029033447798,0.0918130605134509,0.0,0,0.08
0.29380720959071915,-0.015566094508046253,0.030084821413791797,0.22116622549302573,3.890389929652172,1.536178405883254,2.948072951836542,21.82916055561902,0.004372343681502781,0.0,0,0.08
0.25477377306005067,-0.02559153933471403,0.010658591537423517,0.18747067057908312,-1.0215317294132902,-3.6691068179516897,-4.219983290544667,12.768683638611835,0.05501121710720852,0.0,0,0.08
0.2815180333350417,0.052647641296747816,0.026687699481722144,0.15697448695048904,2.4880392585814457,15.360507229612768,-0.2881796991739496,20.022456641999867,0.004702463105636145,0.0,0,0.08
0.30895034528509113,0.0354160127127102,0.006450197193742584,0.20529630956222084,5.890217798506919,3.7308597733031785,-4.7106741596713695,13.455019884612959,0.06563717894882119,0.0,0,0.08
0.3077669971269986,0.01241344195101356,0.03308321352016061,0.20239161791724158,6.323122902218487,5.003532927293424,1.37754023768531,15.754420009894735,0.014967292444087302,0.0,0,0.08
0.3228885465739776,0.004153753743262223,0.03471652113337886,0.1367577383836695,6.212611413331614,-0.23733092313993026,2.0445020921178734,16.099114316456614,0.011813222121718796,0.0,0,0.08
0.3128836233082295,-0.00924550577410085,0.014360600058627347,0.23023024502294082,-1.5784292088780156,-1.1212298649681542,-1.3191931748225247,21.064422595238064,0.011147841550139035,0.0,0,0.08
0.31801150797607775,0.01779261591246874,0.015475538987400436,0.1593084619959851,7.63738976074232,13.793388741715502,-1.0885156813189771,14.4407411750973,0.01053422298170944,0.0,0,0.08
0.29739439548712426,-0.0056356921772101444,0.005749218944709552,0.17861260450452873,2.936858930146083,9.30300295688446,-2.995062122216373,19.445128394668043,0.07249885655564997,0.0,0,0.08
0.27631833935313105,0.007648194923681012,0.01931429306206605,0.15449040062994734,-0.1239878200072706,-3.738843158548586,-1.6664313574807639,13.769145054427188,0.0012939071974765368,0.0,0,0.08
0.35261512743969564,-0.011414925874989526,0.007374448297008352,0.188116920834052,-4.062976459988928,9.28503120798037,5.387633019286565,13.855239583304648,0.062113761490468225,0.0,0,0.08
0.3185759617217471,0.0066891357997405,0.018863744795075483,0.12482723087941891,-0.9237201597676763,-0.19876183724278257,5.383673590553363,14.1883604533734,0.04665785081182455,0.0,0,0.08
0.38580797277620865,-0.010617375458406414,0.009175393978728364,0.20335712741303855,0.5628316368517619,3.5439289841538555,3.3261107417487232,18.871687634190774,0.028866614007572677,0.0,0,0.08
0.35146476973112584,0.012974197751792853,0.016103368881465498,0.19474693235491605,0.4266447506905573,0.17246893760890492,3.835355587821896,16.66884673806966,0.02840110958317596,0.0,0,0.08
0.3293645254342323,0.043265094466109204,0.013862780928106331,0.1761881787045219,3.116086103081357,3.647379058299235,0.5598273694690743,14.43748234907315,0.010439108046111891,0.0,0,0.08
0.3139890902244063,-0.014002416298783465,0.06223181442524279,0.15764312610913644,3.5088475002580832,9.393144175406043,-0.1972507832189634,14.056801656573805,0.017242234490969517,0.0,0,0.08
0.24403582130139756,0.01297272669441922,0.035777346649074546,0.15743685477053085,1.1103488861777375,-6.881751772400635,-0.3437709009239064,18.216436258062515,0.04902985178573546,0.0,0,0.08
0.2892427579035627,0.017957770775206838,0.023831794506189774,0.23775058416293038,4.022007242445964,-0.1735493050492197,0.8090080721912123,15.194802475412661,0.03452212718829572,0.0,0,0.08
0.32343125680051943,-0.018887375550861053,0.023586685995247797,0.2083601503035405,-2.1228700112060928,-0.2985990578945088,1.1249338150191266,13.349101690855917,0.017325988912086202,0.0,0,0.08
0.26707674693645855,-0.031828092949925765,0.03322663465800231,0.10441837076217875,1.3078604852123288,-4.128958140601635,7.416838386817981,14.264468376974504,0.008289613940518553,0.0,0,0.08
0.3227637268535489,-0.0004835395419625932,0.011389341829514737,0.1336654124322983,4.099555114655802,10.689750542552204,-2.628956003922544,16.131810816087782,0.019117331253877348,0.0,0,0.08
0.30156699121342134,0.019777654746180366,0.02134168577759623,0.21698534731651076,9.247920496539486,2.147554372150612,1.1797894541510325,18.385057781250502,0.03217310297134374,0.0,0,0.08
0.29394294365318296,0.0022906673243092792,0.022502232227121215,0.15243248727641728,0.52191353271108,1.2272963765444729,-3.0947287406104738,14.147456168588231,0.04256125026225761,0.0,0,0.08
0.3742681107583559,-0.018664268152911955,0.03284618814079339,0.18480125306873044,-0.009022864776495165,1.2695698222823597,3.273138306494002,15.612432998217564,0.042150272878677626,0.0,0,0.08
0.35721960289870097,-0.031236137227909435,0.04841909269340029,0.1784596612199717,-4.5318091221679335,-3.436610547291155,2.4014947252979173,16.627461115493393,0.004634317746294539,0.0,0,0.08
0.35140274062442356,0.008032510109829468,0.011930405940474717,0.15313506528247794,3.295200510423781,-1.7489398739609416,-4.951473630113285,15.823520018974794,0.042433949034250955,0.0,0,0.08
0.22454372138109774,-0.023111360962114347,0.03605586949132259,0.22643307149514078,-4.223594601959582,-1.6343758229988539,-6.285472568039957,16.889608622861708,0.07506891997473794,0.0,0,0.08
0.29715654517102263,-0.016767749822357705,0.031198608353579484,0.2630699193424336,3.450622489004676,7.792431023662779,-0.9099253858078453,17.32904165429043,0.003910133487690332,0.0,0,0.08
0.30888333290470477,-0.0026183194553949856,0.0064397585558301045,0.10007197261871568,2.5573703744850573,2.715209350928008,-0.4007395239156474,19.80053219653732,0.011505662276649413,0.0,0,0.08
0.3058123111553448,-0.018769358204116973,0.036679731082809176,0.25656125415467146,4.188863752228016,-5.502958831176215,-0.09266290671474021,23.011925435137364,0.026142351161200013,0.0,0,0.08
0.3415196318802284,0.003951319803447642,0.022939891668739592,0.13427980349078064,-1.0865132896675136,1.7797699180570532,3.0154277198340536,15.116669847874427,0.026142012694207392,0.0,0,0.08
0.3236060290454194,-0.033695707896409244,0.006277720492698772,0.20804690969243592,7.159026113501496,-1.5683995497307366,0.36149987636790304,12.399639834048205,0.0002876161580565698,0.0,0,0.08
0.2667984735221712,-0.017703269979996956,0.058642586744175114,0.12707640826370006,2.678775169408078,-4.20069523923005,3.268994595049384,21.368923422973484,0.013725432833419779,0.0,0,0.08
0.3002550584947413,-0.009084885503065248,0.029021628066528544,0.11418405012172432,11.314476033686264,4.35090839629045,2.0399192265502677,18.014140336230504,0.028184336467025253,0.0,0,0.08
0.31843574271908126,-0.003777933755689506,0.04697530624114643,0.17606641492820999,5.883602927737238,-3.7046796747545887,-5.736309483254581,17.38893533047082,0.03811039297230762,0.0,0,0.08
0.33822313563964645,-0.0026853620671502105,0.01641118747579579,0.1266389802032718,2.6419048279953827,-5.623368293002937,4.192244109181116,15.736995416164941,0.02265371571457022,0.0,0,0.08
0.2971178337662424,0.024123067913411834,0.03167586337160171,0.15348396329796207,6.597678913054859,-1.8054241161681548,-0.8259696705162901,18.62981595476581,0.011052020285413397,0.0,0,0.08
0.33684773130833323,0.03639146093397311,0.011139973047742655,0.2658059651109355,4.097450989011643,-4.409462486866797,-1.0623229243439607,17.587382418108117,0.0031882154078167603,0.0,0,0.08
0.30558993995114536,-0.03073895920052641,0.0245031489809616,0.28318837350617276,3.658167257519153,-4.633824151958852,-4.306856484640321,9.304127511873412,0.029773795721413795,0.0,0,0.08
0.35885189869385614,-0.0220155856567337,0.009667513612120262,0.14920107075765432,-0.48727320202556523,4.208238389035337,3.09318874196416,16.379899366099533,0.05955363111270236,0.0,0,0.08
0.32122169709542714,0.013899958015537497,0.06934188471056363,0.17776923689369176,-1.9627695545508135,3.7764815093207256,-2.74487720334809,16.284468949684598,0.023366217501462515,0.0,0,0.08
0.34708279525631314,-0.010678182026335999,0.0026852049593124585,0.18566867654559618,-0.9967169625165204,1.3520565221344036,-1.582407970841569,17.265868048982792,0.03786460986104464,0.0,0,0.08
0.3387010695038375,-0.02141188676471204,0.014700638234897171,0.20031965307650174,10.62297265282716,-6.78871812391458,2.508971168986654,16.109434070370362,0.020014174428456825,0.0,0,0.08
0.30703331040426574,0.011368820125123089,0.03155717263495673,0.1497701936202862,-2.1463036654251892,7.878411093532289,0.15160744678201826,16.59674032264151,0.04633894790809338,0.0,0,0.08
0.3345329889760086,-0.013008260694199874,0.038654183422865245,0.1677910118258133,4.031030681246001,0.32393051067475775,-5.407226722482651,13.737146675826468,0.02913246451640288,0.0,0,0.08
0.30567737332835154,0.010802254233662534,0.004994046208454774,0.23962904547399808,-0.25459610970537083,-2.4655869377951047,-1.1016726478649788,13.526351349736379,0.003946577484942162,0.0,0,0.08
0.3151124866712646,-0.03068597252768917,0.07178621521781327,0.21737279644957094,1.485970076576777,5.936216629692788,-1.5213236823978251,11.90135351038451,0.013638627545189835,0.0,0,0.08
0.3327746548090794,-0.0005978094780459936,0.019648388001613403,0.19567216021610184,-1.9764249321687708,-0.18563398293374464,-5.8804740248814955,23.21195515815618,0.04920357369752191,0.0,0,0.08
0.28200196122780413,0.023364354436337293,0.012842083950428686,0.11545754408493035,3.139559570288796,1.2425631733977092,3.4269793636150556,12.077121720678644,0.014001315822265365,0.0,0,0.08
0.2953626577556289,-0.0017668531801819007,0.030401229574343044,0.19197170321625967,-0.5619737390767368,1.010371154851479,-3.5738704178634184,16.219398889104056,0.020843558243335416,0.0,0,0.08
0.31409605993248213,0.0047392283142408545,0.019632044031640317,0.14113543845957394,4.721061517181921,6.946889052144057,-1.354228972801917,14.473812793225422,0.0022430986650861305,0.0,0,0.08
0.331568599319952,0.012142622015672368,0.04877898405948352,0.1699666793417981,4.566749748618598,7.347762523357991,-1.7500739166820445,16.135071790794616,0.09120791734148836,0.0,0,0.08
0.3378352038424371,0.02911237380162233,0.04991331649470771,0.2229002934923921,4.227283363099993,-1.2622209513662743,-1.784328763666987,11.515458142831008,0.009153993102311691,0.0,0,0.08
0.2769037490283495,-0.009676222630821931,0.013212780744708746,0.21262948850157187,3.216504682679237,1.5953908788830897,2.5126881100751173,13.15224125379114,0.015865571971585623,0.0,0,0.08
0.33204633358149455,-0.020776036560051118,0.025367303599230957,0.15394572424832684,2.121915401062659,-8.951616878828249,1.4833302422508554,18.532647667122227,0.021386785318857796,0.0,0,0.08
0.38805049342541187,0.03622750057329963,0.021931697615881908,0.20692725405079831,0.998127844032358,-0.11774091486284748,2.4853635470853197,12.756504141277365,0.10088101659091084,0.0,0,0.08
0.284484386373721,0.005213256663008148,0.0058081455012209135,0.19778410672880561,3.111932258970834,8.728863869950455,-4.3495696964427175,12.127921365700804,0.004027451270003555,0.0,0,0.08
0.298815005437247,-0.016343709332179907,0.017966443228936885,0.1189737474171962,7.050336413708728,-3.3111488753546805,7.674597857004757,14.02513340469914,0.023945666723623225,0.0,0,0.08
0.3718451072990919,0.02416732461186285,0.03350119107457772,0.1472720446631077,1.9865021703561918,-1.0211077351495708,-1.3596841479818256,18.437356066098502,0.03189355274201021,0.0,0,0.08
0.2757493265759948,-0.0038731891855943623,0.018040273997385954,0.24053798972968524,4.52324673821911,-6.145120945975229,5.562277699002565,20.273617934338734,0.003307382203924377,0.0,0,0.08
0.2988337967178684,0.02177497239408372,0.04171168975982209,0.18563544987644814,-5.073757462251407,1.9390062851086887,-0.44280775889600604,14.368872243461151,0.08440212738817288,0.0,0,0.08
0.3254080031970915,-0.010654016793238227,0.015613992089672067,0.17889940379797453,9.089006386678976,9.967555287287219,-1.3712887697588156,13.892257788733769,0.02359840765012259,0.0,0,0.08
0.3329824083515407,0.024538664477686153,0.018906374829754585,0.1709408443239389,3.4694620272647123,5.481507757399497,-2.4095368520410343,21.224409991358325,0.0024116155571338744,0.0,0,0.08
0.23727279219181174,0.017680907927220994,0.035379692203846735,0.18267962868899487,4.063756870816398,-9.375275141319257,-1.5871580320388845,18.779926378676393,0.011235071266753745,0.0,0,0.08
0.3239928994730058,-0.0007128296459496714,0.0019053624505266412,0.15061633692807802,-1.241009748057524,1.203415183385657,3.4459120482861456,12.44462363357561,0.050151557476262494,0.0,0,0.08
0.31529324665831676,-0.007340556781666447,0.008321060607475053,0.1974623921663067,5.6157393643447815,-14.177594613251031,-3.0291921141298124,18.16703991351819,0.0010747965076912764,0.0,0,0.08
0.3045131067668548,0.027497528382963696,0.013493940020621098,0.1849068126397918,8.498713833878242,1.9384756386961746,-0.7570605063788628,14.978660558795596,0.12646371589620475,0.0,0,0.08
0.33649329331441474,-0.0015567439402560408,0.007257999348938387,0.16294569615177826,6.593782836787019,0.6796224632265868,-4.3148339349521,19.217301271013213,0.03157532388226679,0.0,0,0.08
0.29658034313023746,0.02562032723470226,0.016182575644980525,0.1542580067073015,6.119843270324645,-2.008651992639245,-1.21094538972599,12.657070972277264,0.01530454059961811,0.0,0,0.08
0.31072658370018275,0.028244411108308585,0.015941932372476788,0.13750425887412482,3.7132283888305944,-1.1228655900272928,2.957189987039589,20.15585118047663,0.017101688659858484,0.0,0,0.08
0.3158315290473201,-0.007063325856213767,0.02733867475384818,0.13973829738881435,6.559514244516182,7.902690404039191,-0.35420558097323623,8.57350785346992,0.025113911614556107,0.0,0,0.08
0.28002093303115266,-0.010095498424564349,0.03040148174896998,0.1643296740382471,-1.6896407379940102,9.69225413681665,-0.9669614076340196,20.260054822889238,0.008270695919542605,0.0,0,0.08
0.32211190271009826,-0.00048391212781832333,0.007063599693266126,0.16141530810806426,2.804638623491357,1.6997272292768528,-0.776714921112232,18.05342830516346,0.012124276956446408,0.0,0,0.08
0.31379138738639234,0.0387785799811657,0.008570836869741364,0.2005563139863566,2.718327127758392,2.1037805956413553,1.4675613904429905,18.221525139966197,0.006571600047873256,0.0,0,0.08
0.33017721103608194,0.03799763869790431,0.02323966019851723,0.09309321815943855,5.389686708601687,-3.2119691157235364,-0.2715998469124823,17.16193115699155,0.0096239155515644,0.0,0,0.08
0.3253931739452825,-0.005190933551678344,0.02803881036659347,0.14258245191821617,6.343928464700129,-3.215780670684288,2.4241733948434354,17.28550559690469,0.0018041402725159222,0.0,0,0.08
0.309417411823368,-0.006063595656685509,0.05270719896660597,0.21801230367894303,8.842453490327701,-0.626695311224829,-0.5064651695700318,16.245182570896134,0.0014394359734850497,0.0,0,0.08
0.28217940597428276,0.004767379654695703,0.03331631147227323,0.08,4.711501278123631,-3.924454098764543,-5.4918986905693705,17.789209098337434,0.0388199075644597,0.0,0,0.08
0.35836834773965937,0.02629828907168095,0.044428194267211334,0.17015750047480205,-1.372986381264767,13.025656304986882,-0.5276574372970099,16.4312168237457,0.03192338227425587,0.0,0,0.08
0.2913205191479664,0.0038921491047448544,0.014464812928649805,0.1628279110193096,-0.7696839194954239,-8.437904782031003,-0.24931671788608428,10.733478690891491,0.005683530761669555,0.0,0,0.08
0.3007237276885041,-0.015043128111811663,0.01738883737137591,0.17359468817733437,4.685360305801863,1.2791797694261349,-2.2559079952164574,14.883311225166837,0.027767378709803673,0.0,0,0.08
0.3670357205725902,-0.0012132162762924154,0.016057050714319773,0.19068506604045932,4.034900092919735,-9.487144212192801,2.6851149422283465,14.309286319107962,0.008888428093871957,0.0,0,0.08
0.35836661884766274,0.01793678631731064,0.020118712608689224,0.1715547904468922,-1.9487181086047358,-0.7875418025538283,0.23055564887630464,15.213004063671725,0.08032971513590577,0.0,0,0.08
0.2772880276767146,0.0282186475949254,0.017741541288183938,0.2181254653565298,3.1484966608072966,-3.6746242478426274,1.0845105756183049,11.996958274377683,0.00036877451814077593,0.0,0,0.08
0.30614387465683207,-0.03763698090995278,0.011326157266600563,0.23062831363458802,-1.4646993928580034,5.816743203160421,1.2815830856150545,13.73820441554669,0.018847612226266443,0.0,0,0.08
0.34001746954128936,-0.013412404181532897,0.04981763266543649,0.17462765034117808,5.243233092639128,4.760932323313278,-5.2455959197145425,20.565190850073535,0.05940341968020741,0.0,0,0.08
0.2772710070935441,-0.008216285759091696,0.006423031581645648,0.23241234984478432,7.582735243159824,-3.373008159469813,-0.6276656212335834,10.107966327226674,0.04171336893493992,0.0,0,0.08
0.27296953384360234,-0.011849285183057886,0.01750971248982887,0.16104642611716335,1.9421909164868836,3.2777054880221974,0.019266809432813448,14.472649383157009,0.001062533172239684,0.0,0,0.08
0.3022361181199869,0.03197294341009434,0.0318025213314392,0.20787817618042942,0.6647220409759602,7.038747825519848,1.1089265765942817,15.6244424959852,0.01286727529552369,0.0,0,0.08
0.27418224980802836,0.002858861895274135,0.03356650430800759,0.10795769063389044,-0.17069519893608698,-4.726702511449433,-1.862542794753348,15.411496634953236,0.011672950202641131,0.0,0,0.08
0.25062100568872636,0.014958205122350677,0.005831912945887095,0.08,0.8559831124795567,6.6057578099914265,5.875042362661782,11.696576419416541,0.01305368350784055,0.0,0,0.08
0.38933030041051103,-0.030059406567903065,0.020801334384014415,0.1923220215801641,0.4334057303128356,1.6147616474706439,-1.0295768264922316,18.175501614496177,0.0753074753021624,0.0,0,0.08
0.3213130118170656,-0.0005852562736995671,0.04156350134561941,0.14377070796549524,-0.6150653545952793,-3.573967764260953,4.123314279512452,8.525140251074566,0.010294242566888177,0.0,0,0.08
0.3083531799815114,0.005711081497153139,0.02408319495020488,0.17210646318770695,1.3949068653859533,-1.169449682116086,3.4013102906011934,18.077448527983016,0.028635971723542212,0.0,0,0.08
0.29834444640733343,0.019039207270196038,0.05177439129795277,0.12481527340844277,-1.577399650701611,-4.103757010794581,-1.606840015276235,18.998159866189873,0.00036524792336292136,0.0,0,0.08
0.32548534861344874,0.008427596221961651,0.007895850424530155,0.20833215388804255,-1.0682180262827061,1.2709024738468675,-2.4607239883461047,15.915902496717885,0.020231785066157262,0.0,0,0.08
0.3056644398785345,0.00213574386948347,0.031225202611757017,0.18853174829491753,7.820084891052655,0.01850476095016177,-0.5376314238761664,16.28879444763116,0.0046188910739766295,0.0,0,0.08
0.28711825664301355,0.017458383735415736,0.008386715960390872,0.17224695444908786,-4.163172169723468,-0.7951000772513788,0.2366882897955258,16.080985530843588,0.01777591065488408,0.0,0,0.08
0.27073538802642666,0.00015928565294660892,0.024786077227367358,0.22955785411757748,-2.4214132702111666,4.693095647734561,2.5301178664711754,17.95807176598263,0.03227280541616449,0.0,0,0.08
0.3927898011673323,-0.014776057374604435,0.04314507252551936,0.16362870247547584,-0.5047601288862662,0.09227388823263405,2.8652891383244286,12.384957699945312,0.0015789756506209259,0.0,0,0.08
0.283986093528673,-0.005459507998396702,0.010510228606991736,0.21497556722850908,1.3616217527000163,5.6698299923323905,-0.6787826135212546,18.646186627275263,0.07076542730070827,0.0,0,0.08
0.29251724027165255,0.03137557208205698,0.00326247013832756,0.22944522887224872,-2.22154806836995,6.350907261181948,0.6099088307072246,15.003609375145958,0.031046068566004992,0.0,0,0.08
0.29649432205445764,-0.05665039141552417,0.023086964447386265,0.13117150296343366,6.940487287794112,-1.9205518856663417,-1.189986479465753,17.68883417090007,0.022332613345989873,0.0,0,0.08
0.3077270714039362,0.01941882662753722,0.047428010628331276,0.14391793782569956,6.300703742673834,-8.21222726135801,4.643999261772056,13.335073598503183,0.007918053977525886,0.0,0,0.08
0.3280956229324703,-0.03487696233265796,0.022777730988243466,0.1402260250156595,5.115918848176005,-14.459329002640848,-0.23211717399831866,16.052567293080013,0.018670259069747102,0.0,0,0.08
0.3264135734552563,0.021072247984873203,0.008453152729103913,0.18078466630775958,1.0492195012414367,1.1534085851713858,2.9425603474124253,13.402196679329279,0.03346270105391902,0.0,0,0.08
0.2659742420274268,0.019773383387160053,0.020791875585226986,0.11596384086093937,-1.313988099120984,-0.6195285608942843,-4.929566433462502,15.38450958448775,0.0011193295961864093,0.0,0,0.08
0.3106265946488789,0.0046140181143736695,0.005887344877799282,0.23126575180015074,4.230764242900499,-6.668747741622192,0.7395143352960146,17.743776119738747,0.010437045317453039,0.0,0,0.08
0.28567427466368983,-0.025151557178292327,0.01383496554248744,0.16720609906980624,2.6070319689949617,-5.010857409780138,6.26861616508432,10.373186405086795,0.01953946954072158,0.0,0,0.08
0.3042988289499552,-0.007148908456208544,0.011353223320199073,0.1230417139019942,0.9333906830623409,-2.575466521791971,1.7656598093121594,10.406564768406884,0.014970475648606082,0.0,0,0.08
0.3156911850283119,-0.013239643555932181,0.026643188062850074,0.25217392439146974,1.2363848330908054,4.318547652889091,-3.879818873613491,12.65247268113697,0.021061330620161835,0.0,0,0.08
0.3006082590843054,-1.4171891532918344e-05,0.004073197435977549,0.16119831408961993,3.063512918608194,-2.620318416243573,-0.19839784387746737,23.349026262082802,0.004423272476660293,0.0,0,0.08
0.3323257591449981,-0.00362448346436206,0.007166483782185724,0.10533840194557534,6.0300547593476885,-4.107778954560024,2.371876797488306,9.104636638008575,0.023274072171847723,0.0,0,0.08
0.31042819203509303,-0.019078788387932897,0.011018299766967287,0.25905762338061944,-4.256966446844205,9.703275449811743,0.3130678125696388,12.85425583086905,0.08270463448893521,0.0,0,0.08
0.304326388276689,0.018433002238489187,0.01149053337759436,0.12990426222347523,3.4545275304998713,5.321324340583802,-1.2622853810431598,6.88525150180503,0.04207087207055504,0.0,0,0.08
0.34707346575466463,-0.02142107359298098,0.023341973077591192,0.10885649663973931,3.278607303675909,-3.025078986046029,-0.24456801930493766,17.216867692384177,4.5482732630397047e-07,0.0,0,0.08
0.28972875762515166,0.000683048349760492,0.008787791926977876,0.20717493131826012,-2.5951761406346243,3.9978750054552714,1.3877738785618536,9.959676449232912,0.015533102518824102,0.0,0,0.08
0.2960678721307184,0.00924121786503793,0.036096978955179874,0.15609959221233433,7.689479446794031,10.433397982785474,2.9365741523453863,16.298613498977584,0.04492909407276689,0.0,0,0.08
0.32255194662666054,0.028031971858928587,0.04705648050190618,0.16464114912190592,3.000800825006778,11.974004938703786,9.329755668016082,18.123530706976638,0.049210654468428115,0.0,0,0.08
0.30037997123328425,0.035904227118246444,0.02026328648414812,0.21355762001878448,-0.46901274618769273,-3.349810523676183,-3.3004626989150845,17.538254307170792,0.02865034376445378,0.0,0,0.08
0.3098321194351286,0.013374833111850254,0.006916344381341319,0.1682413220934327,1.7136029925677327,-9.107242480084857,-1.0710876024198281,19.11634107231925,0.019448582443553554,0.0,0,0.08
0.3102118947588453,-0.013206422789468942,0.028730680315057728,0.09386628320515021,6.388610847014783,-2.873024736050425,-2.588327292129362,18.427176191698976,0.036035414606102,0.0,0,0.08
0.33050707969601434,-0.027319114224010687,0.04026718094567841,0.16522891443015186,2.5735538693690043,-10.65741139738992,1.2259584344420125,12.39719972136275,0.04438545979742081,0.0,0,0.08
0.29112209818921636,0.030674554198329984,0.020525001817844613,0.1737640728825333,-0.1931491859624037,0.9601093551167261,1.5053482085026348,19.910895855658612,0.004388781834716926,0.0,0,0.08
0.2975960451663017,0.005205610131657723,0.009854622180627728,0.18131187981646346,-1.0339813388002779,-1.382404285234604,-2.772699432804913,19.115694438936753,0.011991673784016048,0.0,0,0.08
0.26510412234729763,-0.013000478688137964,0.02813323357616782,0.18829069317595776,2.2773773481450017,-4.33042532002352,0.5304626164181939,14.08661970394457,0.02909516212497612,0.0,0,0.08
0.27101256289217207,0.01659464835758349,0.046659600928428954,0.13509820775022344,-1.6700112840570545,6.105968801061015,0.814485932476944,17.93016696333833,0.006378333002771897,0.0,0,0.08
0.34141953119864343,0.02339179984855547,0.016094931919398647,0.20288229766856575,1.751235932002756,6.746120159223016,-1.0022316929398216,17.9761207406276,0.10539890803809009,0.0,0,0.08
0.30929343547377286,-0.003487085158056717,0.02571780249025655,0.1625294305104713,-4.426308402954717,10.497503425232523,4.144362236071459,11.477080567130335,0.02847592524313634,0.0,0,0.08
0.3188267238704048,-0.00468815600632644,0.01118213873363623,0.1773128683980258,-0.8630399564430071,4.092312394275719,4.461738466007782,13.969813655204849,0.06650645214036792,0.0,0,0.08
0.324990553309088,0.009440045418385487,0.01678075418274264,0.21476624257557092,5.549163349066968,-4.579716625071489,0.11381350634280608,18.391651474838742,0.027511872656061333,0.0,0,0.08
0.2864204190209505,-0.027620892063075497,0.02018266449367291,0.12645576801107006,4.7716744921264445,-3.63516492455336,5.15813371862189,22.973803736088414,0.08110198393872607,0.0,0,0.08
0.2935132859227426,0.01719175773959604,0.01388861599578394,0.17944649015623051,-0.7589110962566954,-2.9587369343986323,4.330896010406443,11.602225870022604,0.004209158435988646,0.0,0,0.08
0.33371115688155134,0.006801025891377809,0.02293068773017266,0.13659397893768807,-1.3016421199158206,17.69456655185235,3.7340387422103603,11.271239718271925,0.06975335988702484,0.0,0,0.08
0.32646651505952096,-0.005099115871073957,0.01586411490275985,0.17080801477699223,-1.4056257370412544,1.0512685134510722,8.95577700781023,17.286185829160065,0.035483785566201194,0.0,0,0.08
0.3226028347135552,0.01213701186431342,0.07869842904675219,0.20222050585368992,-1.6747460459443775,-2.5042008816305064,-0.8852697427137189,19.41535851770648,0.016113224178551867,0.0,0,0.08
0.2887126043575248,-0.02517009821350669,0.017608954837811334,0.12489529996983051,-0.259096016683769,6.128299772576391,6.265328318609775,10.449058407167147,0.04495770257259488,0.0,0,0.08
0.283951218043709,0.010692581722448706,0.02628317302285252,0.18342748645613435,0.6570760203211132,-4.7366721614459255,1.3004691523455674,13.178763544375684,0.0054847516942679465,0.0,0,0.08
0.3029613829012776,-0.053695760942349846,0.012144493579212172,0.13552131896903344,-2.385609944605606,5.029421277426842,3.733494228063173,16.46207322916145,0.04659011811358197,0.0,0,0.08
0.34670706647255883,-0.004778256839680573,0.05779682952365609,0.1774590170153858,0.8971912283165344,5.644176862936093,1.488494716793809,16.154937906721898,0.002788639880186525,0.0,0,0.08
0.31633851076838415,-0.005895585685994871,0.001325586424915689,0.15502618441147104,1.2618985693766018,-3.6284679872292767,-6.616698171297207,19.139731689104963,0.023724056624540628,0.0,0,0.08
0.3295456597401852,-0.022753713408496332,0.01632727802575538,0.15063304804886016,2.3279822256542415,2.7436824276914464,4.3674669664403,18.465772889386532,0.03474215505398807,0.0,0,0.08
0.3222928838787849,-0.01722175820347141,0.04003919593731236,0.19186302180563047,3.852739181070339,1.1837535937872388,0.9339260203286546,21.94985081101733,0.04155350654891303,0.0,0,0.08
0.2790242828941738,0.007958540998936179,0.059222064401590065,0.13641467850630445,-1.1390476325108136,-2.2230485915401736,-4.216701057535926,16.05466416882361,0.0048843355843992175,0.0,0,0.08
0.2827673145955924,0.030385678472835378,0.02165000497509626,0.13632264398418747,5.560990003346035,1.0310360387611874,1.659753659954351,11.885418880313019,0.00936190200073231,0.0,0,0.08
0.3238961887629737,-0.027342756129204917,0.04869833202487678,0.152129127262817,4.3281062683389075,1.562653580001336,-1.616525568578215,12.470058605733271,0.0022951507870056904,0.0,0,0.08
0.3204895014189908,-0.03129605542724111,0.0225853585617284,0.16682208854611633,4.927482817153182,2.0103481745047054,0.9484678715483348,17.64243656432984,0.004122670783700301,0.0,0,0.08
0.33270366039960947,0.012249375880272046,0.007293951229247542,0.19335439866274137,7.725467127324734,6.490600366036972,-3.9366575802942188,18.17724496607117,0.02679885721537187,0.0,0,0.08
0.32160425562067607,0.021819608503719338,0.04919857149892452,0.18579551332387564,2.095612173139822,-2.108485414282395,4.690240076496325,13.135499669202995,0.004998044583478852,0.0,0,0.08
0.32102947878974264,-0.042000530153032484,0.024308788783790346,0.25816629735001145,-0.022986817047746744,-6.353445522339603,4.4449902073877965,22.869055166857784,0.03366081352606028,0.0,0,0.08
0.2877254730238485,-0.009706116707357366,0.029077619069931677,0.25948244446797764,-0.12388359124785797,-2.0108266870287106,1.0270135034688643,21.43956147250171,0.03761468443835905,0.0,0,0.08
0.311305440059304,0.011162790290370126,0.00025229859506708803,0.1954529327124624,1.182115116055514,10.53285418989294,4.719059175644569,14.36968050808643,0.0011064395332508895,0.0,0,0.08
0.3158507495208438,-0.015165641377751804,0.004807243733961458,0.20518118336887242,-1.2172630386399694,5.372132584575597,-1.8947331874959943,16.886078333132936,0.06571094257824599,0.0,0,0.08
0.2945071106833729,-0.003929331668561943,0.02032724255016708,0.1729290334753687,-4.194473195454987,-2.946922482852628,-0.8546264801090124,15.10337086626617,0.08499726469925778,0.0,0,0.08
0.3081470740041961,0.009588830361721278,0.042272546569669334,0.1605118831522029,0.5923147287339636,-4.619976397184744,-3.888349992749683,14.403577103840341,0.007020917097321974,0.0,0,0.08
0.297610065335697,-0.018533966176946217,0.024295268766385082,0.1656148131019015,3.204429356766968,1.1030070979350262,8.07910099194149,17.224300085987675,0.014456635242400824,0.0,0,0.08
0.30758200752109716,-0.016661121140015174,0.042117523268120606,0.24955405407413325,0.7150289355283532,10.99534226087521,2.4424552863547997,17.687233545673852,0.01033706100131536,0.0,0,0.08
0.3016334981754773,0.01690315942368643,0.028509430120022244,0.22987566862138878,1.751983962535873,5.70869566234852,-1.0995210611041555,10.036449446106484,0.025270670820142314,0.0,0,0.08
0.30269848061874943,-0.005996763925497611,0.041350083922053006,0.19182497954988378,-4.0665701976831645,8.861606556709646,-3.503338653803805,16.758714473169203,0.009818891739770476,0.0,0,0.08
0.29176374217972545,-0.010782454062979572,0.009147213394558531,0.1358054882774992,2.8821657080554672,7.30775491383335,-1.539589093540188,13.487283882383394,0.025882287866992103,0.0,0,0.08
0.29406357116177206,0.009677533023760796,0.004913053195039704,0.14645656806211074,-1.5467236891338292,3.2089040180754616,3.6869415074671856,13.76942288539922,0.01593211053697866,0.0,0,0.08
0.30906823201387296,-0.018193668339636673,0.009255275535265305,0.09047075066700111,-6.482800610540265,-3.6411910671430525,1.373059758160656,6.383733050461679,0.03123122094740953,0.0,0,0.08
0.29421256430447734,0.02776675556416896,0.012275305199837027,0.18565028560349853,-6.522265919228802,4.609243299790424,0.6461895163688638,17.778940238861065,0.0005252074231517816,0.0,0,0.08
0.24747661181504235,0.034493932995222173,0.013854815174364408,0.15720668287044964,3.3180349422920363,-9.103042180030075,2.251737502565297,14.543319582901612,0.061605007484128047,0.0,0,0.08
0.2939399473895133,0.007169072364192405,0.007642670571774268,0.17297744218003136,4.6746192190316265,0.5884052372336673,3.887615345589043,13.484086643369444,0.010230018592205764,0.0,0,0.08
0.3127525745334512,0.005044807928533548,0.016515880279279898,0.21476618369987585,0.17784189590451716,-5.335444969369946,2.8659016747132586,19.066163773854278,0.06738434934796982,0.0,0,0.08
0.2918805812209231,-0.004590973107206942,0.002931682681027121,0.20561919180803295,1.2379875760087546,1.9443421693293637,-3.443074169447002,16.298233073718652,0.030891970390356672,0.0,0,0.08
0.34617983549640446,0.015548147055290226,0.018544104529267847,0.1420433391670065,8.989452791662233,5.593149385562309,-0.7096658616568381,19.974670515140303,0.014921552899341044,0.0,0,0.08
0.2941306687580795,-0.021131152855205056,0.04599330188378334,0.10717586797805931,3.0802294335656883,-11.473529852518661,-0.20590213825640583,11.210897364085163,0.0030401057662178895,0.0,0,0.08
0.3373408816652417,0.0021150758254296085,0.054227293651544356,0.1905608032533468,7.089414000427071,4.394952616678814,0.8661709884750698,10.207893973200964,0.0005113169250190625,0.0,0,0.08
0.3063187319921283,0.0018674474855330248,0.003738786921314845,0.20408473281569933,3.6933677944343017,12.484595424235135,-5.232992157834772,18.037855671473164,0.11071563279794251,0.0,0,0.08
0.28418844967661494,0.0025900090201619818,0.012660642072257929,0.12658073723600433,-5.462180404312489,6.171926276735339,1.2886890006104383,17.51686015506863,0.030749420998096143,0.0,0,0.08
0.2680864544466103,-0.021561242999274283,0.01735966270846239,0.08,-0.2222773917917129,-7.808061161013476,1.4533398158368138,17.61583203148977,0.02994726173120985,0.0,0,0.08
0.2983443767445097,0.006721423358513381,0.1004768116444909,0.15367006350664605,2.6423093984625647,0.31984452359256227,5.170396020201309,17.7467994791308,0.0033016943873143785,0.0,0,0.08
0.3038016616091186,0.0035966215907581277,0.023103201751835105,0.09800234885690087,3.6132015609811265,2.5657036895086938,-4.6840570073319,20.829435449090198,0.010251184080319586,0.0,0,0.08
0.28648739436626713,0.02314692623447134,0.05982607409373878,0.16417277152974943,-2.7994388887183934,-1.7535312926630415,0.45930597880297624,19.56355036677063,0.00473720373976316,0.0,0,0.08
0.31055204892350313,0.00707095726397353,0.014524969958889253,0.20770891020467436,7.857817249069199,-3.3695276122396765,5.969565220012672,17.228298767134973,0.013220102194978083,0.0,0,0.08
0.3265912025755707,0.003037552192278795,0.07128599279004495,0.1353125415317199,4.618706469929253,-2.8395902809982925,7.050617400017165,6.674836876239436,0.02292070666400601,0.0,0,0.08
0.33279136886452504,0.03015267117827368,0.007374882671875219,0.2033417721204755,7.386678895019464,-2.8460726514208368,0.22030355772335655,14.822674679113586,0.03905682389939185,0.0,0,0.08
0.3208425195181931,0.008870034411690498,0.004911118871856284,0.10520734641871343,0.6887058946292126,-2.030963785753784,4.488306700276679,14.334039891647713,0.060550561323345596,0.0,0,0.08
0.2873262549952491,-0.022653381037537924,0.02211678240582363,0.16567882481012056,-0.37561268808120873,-0.637328963052068,0.25044337655955273,14.180087190573673,0.01490828731875848,0.0,0,0.08
0.2976552056631346,-0.013533416064960276,0.06018724664691107,0.23979752909812943,-4.935305417934672,2.045716141329758,-3.0585186071525614,19.270497241309577,0.0465304862886,0.0,0,0.08
0.24618317738945514,0.024204870010137526,0.018984973589421153,0.15151304543295824,-5.941844081671049,-3.660137864990136,2.032078565059266,13.287380337016966,0.0060986971427431265,0.0,0,0.08
0.2987553383013458,0.013462640413794247,0.00028164795414211693,0.1925273789545992,1.312208260354896,-1.0180089526873324,-2.419088091408904,11.29045809963262,0.018326730874108556,0.0,0,0.08
0.3147416046976039,0.031355922623929444,0.012649177853766127,0.211041116553739,0.7499353572973184,3.660139018706703,-1.4074240952372943,11.001480265942158,0.006269170006443563,0.0,0,0.08
0.3254688426533187,-0.007509877727044348,0.05131916529361475,0.2332229961615616,0.4931982803857382,-1.2378888217159734,1.8156711030547665,19.90401654083397,0.02893749059090998,0.0,0,0.08
0.33136966478740487,-0.02628291708910433,0.047356330615801794,0.10467399167765663,5.712180284022769,3.256970107624059,4.408747612082659,17.033995502977096,0.0007650997810516705,0.0,0,0.08
0.2896901458462441,0.011726659511562737,0.01049322242216586,0.1980490127727403,5.606493504237456,10.130652934476789,4.869789556458603,19.210603064755713,0.04470140782821194,0.0,0,0.08
0.2942665559121204,0.014578183111255645,0.004414301776749799,0.20780811600335997,6.291546971971575,1.952621156602862,-0.858505910063912,8.597967967440534,0.07174640287624309,0.0,0,0.08
0.2492257638066587,-0.0037123493583584156,0.02030556022684545,0.25645676348558893,-0.1833703438843104,-5.221537341103351,0.65733180010323,16.27000675059094,0.0015692950651488937,0.0,0,0.08
0.33813746612531964,-0.015461669111409624,0.032229829083228884,0.22234914119535515,-2.2705394024039114,-1.6774098255992587,-2.9930237182219463,19.628263902967394,0.018258459887480292,0.0,0,0.08
0.3189447539797158,0.023644680578766303,0.052089027812941224,0.15151116945403795,6.850432949681826,10.408991347363365,3.4950963145183715,11.640421309349058,0.03229159607930111,0.0,0,0.08
0.29865976302945346,-0.015203788979241729,0.01910659429673249,0.20884541450182326,-3.1900385599289223,-4.547137176035257,0.07457251125380758,14.948407959137871,0.04862212966022014,0.0,0,0.08
0.3266217331334772,0.0019827667883624916,0.01407382317244403,0.24013679313715997,0.868453117921498,-3.7144364191032517,-0.09453697326906875,16.96159665961221,0.015140487507222479,0.0,0,0.08
0.32014070443305126,-0.016354309514602615,0.0038582351279954166,0.22549258169458916,-1.667710181319718,1.959745305390804,5.196147874104246,18.460086295082927,0.028873829752358613,0.0,0,0.08
0.3208498318374105,0.014900611258255992,0.029803258253818354,0.1394096202725659,0.8158155987150553,-1.4409168738449474,7.664058977706347,13.752318716130052,0.021648134019751526,0.0,0,0.08
0.28287795130792,0.013147299267791422,0.004755962850852745,0.15642913392842775,-1.3508377275798784,-6.476354742596124,2.508986158006368,16.83590285165245,0.02838109773751177,0.0,0,0.08
0.32722213662682004,-0.010383146455873805,0.058240282492677445,0.25185443291707854,0.5032788960392653,-0.9333941671310135,2.2985880275223214,19.536448391877293,0.01766511122885654,0.0,0,0.08
0.35885405664316966,-0.04512499869496454,0.006410342308564827,0.1663636849061568,1.6478221232958248,2.0295149251750697,-0.5441562093278575,14.269759817501491,0.01815046342547795,0.0,0,0.08
0.2806083632584958,-0.0412991477516947,0.018159982764709853,0.12578209987550842,9.971330501080118,-4.675773597128591,0.5175803487692694,17.788020462019112,0.07328785011802039,0.0,0,0.08
0.2741411870920227,-0.03593476025956106,0.05247518286006458,0.14141848820359235,-1.3615661448217637,4.058650898968628,0.24237488916593797,13.616306937848623,0.024644333277615237,0.0,0,0.08
0.340809587899592,0.003697357677052694,0.03829949322336568,0.1855624159461367,-1.08294823880345,-2.6417807226453514,-0.6650657399972015,11.977199364244445,0.022505777692253162,0.0,0,0.08
0.3546733932498487,-0.0009172251873804309,0.007340786897874895,0.20279041428794586,4.238308246041868,-4.881182096197415,-0.3041347687926006,14.27529545114972,0.0173898441467827,0.0,0,0.08
0.313785337109859,0.02758325176394996,0.02208027650755218,0.16387696043739877,-3.0587457270242338,9.1757793050372,0.3949337007578536,13.936514156026597,0.08379190398050962,0.0,0,0.08
0.29403494310618433,0.006516817042958495,0.04027635226376945,0.23538128190375623,6.964589375514907,3.442122180015322,-4.564790527898008,22.11358628127921,0.04168189725728754,0.0,0,0.08
0.33667111366839675,0.022058554654853197,0.057508043878560254,0.15543509739966735,-4.177509413393545,0.7936367429845279,-1.7775286956387908,16.822422561856865,0.02017474675213341,0.0,0,0.08
0.2975915300311107,-0.010764723719823087,0.04454685873622716,0.2621188809800665,1.2089238211775426,1.134667299623644,-2.1830170645686726,16.033128179079387,0.0013710476515476659,0.0,0,0.08
0.36691866084319336,0.010939221909265806,0.01950978734267004,0.12653098244496278,0.04802673517109879,4.925801306210404,-4.912814752370015,16.418600919334864,0.009942506701100782,0.0,0,0.08
0.24683059174479027,-0.022270384648559852,0.06018821193207528,0.1774326335484472,2.4415585564307882,3.0445255669997326,-2.7477741817872814,19.970031778608742,0.01711484179771378,0.0,0,0.08
0.30359629661948684,0.01241495110558848,0.032017832307104886,0.17807645970676908,-1.5899662526688383,-7.873094865166696,1.508144675319771,14.7809729124649,0.05456647205471937,0.0,0,0.08
0.26882603356347695,-0.011948467302864562,0.026454179407472266,0.11009453960686953,3.3588954374990276,1.6920157501011341,0.4791531860463002,14.718154058826372,0.0031592016015389397,0.0,0,0.08
0.24349543481937808,0.0031451687357059665,0.025954212102281514,0.24516665459603781,7.472393927055251,-7.012446170958758,-7.881196070424498,14.175096178634366,0.008485401012636925,0.0,0,0.08
0.36573107030613194,0.0513981407095067,0.003383307569776644,0.14750390604250319,6.8186977599748175,-3.7445922739542614,-4.864182468366507,17.51812227310221,0.022264294451203027,0.0,0,0.08
0.3193939642003947,-0.005242902877358115,0.07864189139792624,0.11728562298538175,-5.38963353811166,0.7173415475909084,-0.005209569827086227,15.202392064572683,0.008479195731540393,0.0,0,0.08
0.31369234604968543,-0.017824370002135017,0.03648475863949593,0.22778368882054922,1.8474396582334043,0.298816745416995,2.8086270287398496,16.646836058714086,0.029196298069793944,0.0,0,0.08
0.3493595121572184,0.002886869345933878,0.04320290712367378,0.15446869093886023,4.090247683501309,-11.008848177807334,-4.667910078953721,22.519612723250418,0.027082447833892964,0.0,0,0.08
0.27119477124387714,-0.01438013335362808,0.0021501429368951798,0.2041648355835407,1.5705808371439343,5.9965141960674675,5.70987806318148,18.639265766053313,0.04431567610373611,0.0,0,0.08
0.3402140000941948,-0.0055327173832289325,0.016111393109322535,0.1800273127582993,5.167185651213881,4.714872055780854,-2.4202391406284667,10.07561434571172,0.0073571994009945536,0.0,0,0.08
0.31334117805520156,0.020087532695262644,0.013526390185859364,0.16863379608284812,4.12438640913843,9.734990045406082,0.06661180362790976,10.8867627147192,0.006413740860225435,0.0,0,0.08
0.2815632184819304,-0.010027385433356368,0.003152066609135925,0.15462856609242387,7.36572790149481,-4.156529146188255,-4.524563563061786,11.950575337001979,0.003038660283354746,0.0,0,0.08
0.3089497716998129,0.019804769074103654,0.008902910723236594,0.16275497721699603,-0.2599276441283038,2.5392742467421066,0.9944557860652765,16.49618050636378,0.032471402988918915,0.0,0,0.08
0.24740567024886745,-0.020927097467407504,0.017867189585443824,0.19249512841866287,1.4844032635272413,2.043924818472848,3.609143556617774,18.713983065812812,0.04667254484409546,0.0,0,0.08
0.3201606195376507,0.008038379103478458,0.01392788958122342,0.21280632747021938,1.1850914878336072,10.839097263972057,-1.0521313338704885,19.67497958607699,0.005512455135449376,0.0,0,0.08
0.3468764435289115,0.0018220173321224467,0.04264190772997706,0.17393142265691083,-0.37228853772892023,1.8882378453268118,1.4191527846996386,19.28064552137307,0.02587274749791155,0.0,0,0.08
0.30054739806417674,-0.0044188452300952105,0.005531060482108434,0.23810466981944717,5.986098535586323,-4.37798774292676,-3.067756050816274,14.939635180939947,0.0003021881802850659,0.0,0,0.08
0.31118341144722217,-0.027365378774512582,0.0036035757786599806,0.17367384622510718,-2.550951983245569,0.14644403719897275,0.6444795183498039,14.033761268094947,0.046431645786415565,0.0,0,0.08
0.25640873603935943,0.01020455290339215,0.018155259132477418,0.08735424548124493,2.3372953089689354,9.907419472123717,2.689765962708055,10.147125789014385,0.08781266560853529,0.0,0,0.08
0.3063382860363617,-0.028182138555119543,0.016706090023625397,0.20085119620055258,2.5976778940367877,-1.7303532018017944,-0.35982382087941767,18.59142492832033,0.009888008944999789,0.0,0,0.08
0.31535429991656166,0.029111616369787076,0.02498710782722986,0.162071015347994,9.617734032698962,-3.6323575435652344,3.415246561967128,16.09804520375611,0.0479951838451386,0.0,0,0.08
0.3093316306244886,0.004965478658228916,0.004875405258037773,0.2065881098133244,-0.21168334946920808,6.010949122091623,-1.4927125151556215,13.262987776211371,0.0030334736131571506,0.0,0,0.08
0.25686794340735725,0.009430847608364115,0.010423897349654647,0.17655721228836427,-2.225311997222966,-6.351022325974874,-2.761748682017637,14.27628363208217,0.037817928170842494,0.0,0,0.08
0.28344253941627334,0.00970002583046456,0.010662718220223976,0.16350344727134078,8.279465745039868,0.4118222905662925,-1.917691683840396,12.881886358202795,0.017874596756158736,0.0,0,0.08
0.2619918668648887,0.009762096354386114,0.008052918878023778,0.10125983146247784,5.161514100171409,7.803161151576036,0.4902164220672114,11.815316802006755,0.004803218047075875,0.0,0,0.08
0.2562068064239627,-0.002683112841845285,0.029621302309835833,0.1326387776710976,3.6138756724316696,-3.29615912961265,3.9443394767895104,14.020710491238237,0.019902484320500874,0.0,0,0.08
0.32462680891260154,0.00557983589496948,0.037316932273972585,0.15886811813348084,-3.6076322708649515,7.921105183190504,0.892814828391367,12.20470077040007,0.06039937467291787,0.0,0,0.08
0.3006907688384529,-0.01562593413646117,0.004206461002778184,0.21312918760738492,0.05044233483957883,3.2018879722133224,4.230641414443224,15.492231915037287,0.004123650918957312,0.0,0,0.08
0.27678529549592645,-0.02219905674072498,0.058967923097142494,0.203653969670336,-0.1446886664959588,-1.5842265719664068,-3.183880595134445,15.840872583548485,0.01026701958984158,0.0,0,0.08
0.35960851805476857,0.030905143395094866,0.08690998714708606,0.12092300289872393,3.524977065912291,-0.8155637391346031,1.8543273076217655,21.283101926926918,0.0846299294973491,0.0,0,0.08
0.3041115804583619,-0.0028623147392755548,0.03443494651817504,0.20145163638068758,4.793283263024808,-1.5177101953545842,4.540008835067177,17.393098104866546,0.05697933206254344,0.0,0,0.08
0.25275993588630075,0.023872897311464553,0.007787654788016796,0.2084219640919114,0.66937127774731,6.562185844148648,-0.37328196931925556,14.008404232036822,0.019743350046516464,0.0,0,0.08
0.30033915536523825,-0.022709333916203396,0.04166297264812999,0.18874136169643782,1.5339584866120717,9.988810975442714,-2.652475439831304,6.9405417872853015,0.034962909188522386,0.0,0,0.08
0.31672704233605875,-0.02071821970024913,0.013068678109568724,0.19849934496267416,3.8957363968454035,-4.323756345544607,4.556155058150381,18.304373791728715,0.039465860036962376,0.0,0,0.08
0.3216493601627035,-0.011427485048345539,0.025026786921558956,0.14909725004975036,-4.582370456167256,9.03327115143497,3.4937504136058433,15.69460395385969,0.010743394473017294,0.0,0,0.08
0.3228455874343173,-0.024163576472911764,0.008633443065656018,0.20282028833418064,4.520595105711445,-11.26031238409642,1.2315960432277553,19.080997776443233,0.017062318536742963,0.0,0,0.08
0.3330651902790669,-0.007341408119633448,0.005607437791874116,0.23162577843690188,7.832101102257299,-8.977194924456011,0.23094942422146209,16.434254540018227,0.021858244377846742,0.0,0,0.08
0.2785103350327018,-0.004987282032518915,0.06900593395428821,0.0967160518724405,-0.08762700042011762,3.0412647383433677,-0.3806421423065826,13.109055376907193,0.054234355680676624,0.0,0,0.08
0.2958620877789244,0.011015754702335276,0.03152500270679179,0.18113830324732635,1.8810333833784645,-3.2766660164314176,1.790586543222788,15.186934271923407,0.00022890225865129698,0.0,0,0.08
0.32081943674307384,0.047815323295354484,0.057471487692156924,0.15480461790544758,-0.8602528825497053,-3.6594045772315345,4.726168422168496,16.100767848084686,0.0030085320866271585,0.0,0,0.08
0.3159604002864222,0.02355089449539172,0.018833707636503178,0.17647635023883707,8.738318984067597,11.063392152011703,-3.7058414842988237,12.07246366741651,0.004848499325566903,0.0,0,0.08
0.3022059957769746,0.005610646811105169,0.031217133246521207,0.12335091776829417,8.483903864997554,-0.6784820153174117,-2.890750333590124,11.957969071138958,0.06342868569900696,0.0,0,0.08
0.28933343372273784,0.018537337715039164,0.054141200568280444,0.16339598844146522,-1.761841159143029,0.20774843255547654,4.1101309835129705,10.284927565283697,0.0022831765453978524,0.0,0,0.08
0.31584527020810416,0.004416170157761825,0.005125389605888272,0.17051952119949487,3.0011812407321696,4.854696409451522,-1.188438269811965,13.313709236313976,0.006685487301304385,0.0,0,0.08
0.3189173282014037,-0.018285626215932837,0.01859187421270417,0.17420381683674274,1.6280688336419948,-1.475272534502605,-3.51980866801179,15.633228290868454,0.09652911871414366,0.0,0,0.08
0.3008314266679506,-0.008147627347636221,0.03600853104682274,0.1710272411648758,2.319026107596864,-5.155398852578527,-0.6183735217579235,18.6611265637245,0.06525594768502649,0.0,0,0.08
0.3526151286181319,-0.01822670606184193,0.004277611339112289,0.15640420974148436,1.353776065496446,-3.749258506593301,-2.941222229394114,12.187275011950753,0.06314046232544358,0.0,0,0.08
0.33658573565754385,0.024243173771006623,0.013101258943286844,0.1892736836853939,-0.7049648329696958,-6.56618878530086,-1.7644630709632514,20.963835740172016,0.016662378393200856,0.0,0,0.08
0.2988197324814408,-0.002905025885099771,0.01674709918498383,0.13840773875892462,2.4783947128697963,-3.812538641014532,5.053045548374943,19.500076002824876,0.021402751349119214,0.0,0,0.08
0.35968624756171885,-0.00563604761373448,0.02133098599321931,0.19351830112928473,3.0248873443279125,2.9006393515802325,4.014076207886553,17.290583207469258,0.0808046620667347,0.0,0,0.08
0.2310780958951281,-0.015316199601174228,0.01430761904526749,0.1713147570021519,2.892364900239577,7.574939369261702,-5.585850404622142,16.393124079144343,0.022117742691764884,0.0,0,0.08
0.3338145540143145,-0.00785884003612809,0.01600114631541654,0.17357475521898022,3.8391223362012523,-1.0489221837832559,-3.9875554000346476,15.785840467773424,0.03447611895555219,0.0,0,0.08
0.29971363415327307,-0.019443047964053228,0.04289142202680489,0.19437903190188502,-3.235113248307715,11.606331167451179,-0.4797480685063209,19.27776440855671,0.05413288224243689,0.0,0,0.08
0.2951236548396955,-0.006123317157110198,0.07512041572182257,0.20284717624876836,-4.587455433171384,3.627554068215029,-2.027441913099958,10.499476724622877,0.11430645089449284,0.0,0,0.08
0.2912105417145098,-0.004104567651116203,0.007228719724117208,0.13495784156355797,1.361259250046801,2.5803941230519105,2.540839505309739,16.51278220335455,0.00019882700772340996,0.0,0,0.08
0.32675009269635114,-0.006784739345192428,0.002320351327527649,0.1078454882975054,-2.7040805290110415,-2.01239952227297,7.534618790610428,15.858072845462178,0.004491386992729526,0.0,0,0.08
0.322591168250718,0.02573251620207057,0.018117893818867716,0.1328216134196888,1.6607213013610291,9.060664079582464,1.066295772281248,20.781836464880065,0.015942163447339133,0.0,0,0.08
0.3309606644055113,-0.034341238968840976,0.018997169327885973,0.26784892568611196,2.287523742875499,2.8286391989690403,3.171048848844406,16.695781059185986,0.03390216170067491,0.0,0,0.08
0.35273487463740844,-0.045225820535002736,0.00623018199040836,0.1683296547096585,-5.550127612032504,-3.5785051115599087,5.852555407103789,16.948874622139616,0.010473343603562913,0.0,0,0.08
0.29428806091685733,-0.001942622183152745,0.001495327957560858,0.14133648436058738,-3.283701224253204,-12.742098103948976,0.8689610946292736,16.16055005709598,0.00594861088803228,0.0,0,0.08
0.33919304683045215,0.005244294644737098,0.007117538945225097,0.20422424930525251,1.443798720851205,7.230573920700174,-1.3272689677307101,14.805888967654962,0.05253846585497364,0.0,0,0.08
0.2641849643023106,-0.007644544771323036,0.011524805054250084,0.125375303832394,-0.34106720355815945,-7.442125512905832,0.8809463215892113,15.764696532471547,0.08457482790384621,0.0,0,0.08
0.33195866507529537,-0.022743575516051204,0.006806516758799442,0.19533740125614577,7.578501552844705,-6.2712861739242625,-1.1891865605293637,15.408621776681212,0.03427070325385639,0.0,0,0.08
0.30678205702567174,0.020933496545618747,0.03902615257068622,0.21602132309326366,5.727738169265239,6.579913612596576,3.251762899606825,21.61431938717034,0.053527290640437285,0.0,0,0.08
0.2906328378389382,-0.004009492183157567,0.0015176031720543822,0.18767590943492143,3.297035184140788,13.669458423493651,-5.897786982440934,15.709987646124295,0.014335546454663475,0.0,0,0.08
0.3114248040475493,-0.021992945880985246,0.015765218184789733,0.20863490978763838,4.59772186481225,3.490673758313335,-1.2303787355542686,16.99566470312565,0.027198869012751658,0.0,0,0.08
0.3458644195247644,0.03436814145296923,0.0003338859780267618,0.18893083343681044,3.5847976015367187,-10.850138594504475,1.2103105886138723,13.299010729368108,0.09043349370519511,0.0,0,0.08
0.3712620895878364,0.017775462340223022,0.030872091686507022,0.187916666693683,0.37503020452188807,-3.700985262733626,1.7277133107970082,15.476989798961187,0.023273224787997104,0.0,0,0.08
0.334597757579057,-0.01805399328445067,0.046979759123745087,0.1414319971430702,5.053336603735506,3.0679598649741298,3.9911450569741818,20.623716084237135,0.004601831925029041,0.0,0,0.08
0.3354064631165474,0.021634433887901875,0.015716332403329453,0.17755697314590496,5.10658411357659,-0.3368056977575088,-4.168797490300696,19.64319928982581,0.024900858853302642,0.0,0,0.08
0.24344956719846755,0.022496741202314038,0.05500407270966342,0.1346886019492902,0.712062534162994,0.6528222582324492,3.004099368872587,16.926045876101888,0.09334954554167985,0.0,0,0.08
0.24308595942626623,0.019915624567550576,0.021153622614219592,0.16909821114552762,3.2434327631792454,-9.472051211417936,-0.6375040940734954,20.126319397328338,0.017754405351125244,0.0,0,0.08
0.3129966086322764,-0.02547434801450899,0.018477823515839077,0.1918630775412122,2.382943335466253,-3.5599493377796048,-1.615384381867626,19.475254192534347,0.02361939908967375,0.0,0,0.08
0.3298615550427542,0.01494145687693105,0.038618465924192005,0.22651354310139943,-1.4770094208636664,-2.0577909969399246,1.1492464711344568,13.183342286834414,0.049277632926435604,0.0,0,0.08
0.3216211444189897,0.0373444840862463,0.03558643441462213,0.20056250209699103,4.550877988727665,2.699401376456357,2.695853518795941,11.210729177810922,0.018168471375843667,0.0,0,0.08
0.318574098603842,-0.010677098587840685,0.009184746592279686,0.15688316892669157,-2.9460813453866876,4.053059986078713,1.4155870140930236,12.909621105436285,0.03439082319121575,0.0,0,0.08
0.3423054443397304,0.004582936689982251,0.024864758915645595,0.1258996524223711,3.257131020292145,-1.124621851865169,1.491464485060318,14.969932465489295,0.002772018806296867,0.0,0,0.08
0.317968509795176,-0.00098409832346737,0.039022541782814724,0.22231256723283183,-0.2933593568637809,-1.658938533520517,4.075748608853484,14.760374355625046,0.004318396971081401,0.0,0,0.08
0.2830650980072311,0.02693286862868963,0.003397077821214981,0.22577172274239754,5.890470570830969,-0.663213582046092,3.6530944325742456,16.891099194548218,0.08588433561742502,0.0,0,0.08
0.2836457859597382,-0.021817931799455372,0.032151829367048856,0.16786599730091462,8.094101248916157,-8.19868576136438,-5.167030070609358,9.233484749170493,0.010197954886428242,0.0,0,0.08
0.3275294249930593,-0.0025492593643476904,0.010706802166785854,0.21357396456926409,7.799414079093398,-8.556734212567058,0.8348969373834946,14.932772256749354,0.012550760566761516,0.0,0,0.08
0.36157121838525463,-0.004885618795530682,0.02146452827926616,0.13083265608798333,2.0237526776605983,5.152131068793756,-1.1834180802840641,17.118574274282516,0.09552769388959924,0.0,0,0.08
0.30102454682717694,-0.008976076023255628,0.056258217677893324,0.2528217563176726,0.6452627036056116,-1.0328656422508404,2.1765851191139562,16.47835154907009,0.021885354509912254,0.0,0,0.08
0.34579338837553086,-0.015391247623302485,0.03441690947593907,0.18784963762666881,2.5714040519683192,0.06010754099642818,4.036143742883163,15.620583224938258,0.014950257529339487,0.0,0,0.08
0.3493057572424269,0.034597707973668894,0.0049468212667513976,0.16985295689830476,-0.9330603739454153,-4.01882014845517,-2.627170756499563,20.019560847868032,0.013462468778596508,0.0,0,0.08
0.2946287727796992,-0.023424323467545395,0.06735735851718316,0.17576724970009208,8.669529371754466,-2.4688270448277647,2.0150945514637777,13.995614259442455,0.03239365040211433,0.0,0,0.08
0.2880109330262872,-0.006141166378174241,0.038834061640818,0.21351056886186356,-3.787728279211432,-0.3551914464516155,-4.394090621081833,20.601851256954983,0.15507759312288466,0.0,0,0.08
0.22503022225047578,0.03497151828117068,0.021177040643161997,0.17861797504184146,3.1276751525052484,-1.0364209510020252,1.101287525201581,15.532407723352806,0.01805369603284325,0.0,0,0.08
0.3746478603214943,-0.01599259648334078,0.01036239659675818,0.16867127844219068,0.7060823124934912,-6.950479035436741,0.5929479086985204,17.402421429799972,0.022340969850863708,0.0,0,0.08
0.31106698222098983,-0.024696914273381824,0.03314787979340539,0.137795692980782,5.7250783839822965,4.3914594370342,3.097670437060792,21.473650507148363,0.06011453180146595,0.0,0,0.08
0.2927074127099547,0.0179508714060759,0.05022662469841184,0.1419974601013549,-3.085644728696302,-7.48375587018092,-0.8822954214169001,16.947927805418843,0.004655362295038255,0.0,0,0.08
0.3481771048878571,-0.02992029114298854,0.031685799817485184,0.20311914094558228,1.5077936360404023,3.529472675709778,-0.27691618140232194,21.44707585968096,0.06795930787553132,0.0,0,0.08
0.3277759092195328,-0.009264782738450704,0.0186212666398112,0.22737026580784692,2.150505295380076,-1.6410058907997904,0.5960275725902483,17.811320347050994,0.04566610125966559,0.0,0,0.08
0.30089307024202255,-0.0157976861833384,0.012570180861705492,0.18077376283247015,3.6269098778444557,-5.771309173235696,0.40412240430841345,15.585219473997807,0.03581714994220264,0.0,0,0.08
0.3110202428868444,0.015366679845806292,0.010742542624802837,0.19659091563155162,-0.21629490893595893,2.2927830263798086,5.9966152078191435,23.097088926018202,0.0020845477426040472,0.0,0,0.08
0.30231157527245284,0.01169366563835844,0.016381495042241144,0.19179885822835285,6.7370136641258656,-3.5398661445156745,1.9833076072049074,11.573314508850682,0.006752706459468442,0.0,0,0.08
0.3215260621601769,0.005223536139490185,0.05260894233380659,0.16988946979615258,0.383017603211085,1.5927759569743638,4.082028108323116,16.092936738298143,0.05570508437793283,0.0,0,0.08
0.3105814371309408,0.02157067092125894,0.02035389073879268,0.08,0.6434789162884038,7.000709959219247,-0.3039747486896874,8.676133779877954,0.019824921130475383,0.0,0,0.08
0.2904802051789485,-0.014665373676083535,0.015267488044321586,0.19057073086582546,-5.567615605014495,-2.31410798430319,-0.15560659130970592,15.522842051370105,0.048356257728148125,0.0,0,0.08
0.332175414841047,-0.001984007058631134,0.027826354883660583,0.11616424125703546,4.649000742782954,-5.58183418712667,-0.17082137617437898,14.822815762279205,0.032643457788284834,0.0,0,0.08
0.252578197882376,-0.007102433109809976,0.018773846238764845,0.14502257406640326,1.8847892213023139,-7.971015174090741,2.04064636770847,15.304025897688222,0.01740441817749465,0.0,0,0.08
0.27848130034516594,-0.007567037651995328,0.01850755762065036,0.20478955138811475,-1.2419543294932671,-2.78795671322725,-2.5041609283494193,10.927973169104895,0.05002686368042594,0.0,0,0.08
0.31227084820015283,-0.0039696891703012195,0.005696043021782848,0.20123902647856362,-1.2494475771500877,-1.7218178190741764,0.8879637145288859,17.375373134162395,0.017446236835500544,0.0,0,0.08
0.38647029126153165,0.0022053503716931355,0.024255485452926464,0.2179525238588648,0.8959094057777224,1.6123111638280103,-3.1396120394568046,13.09879248097828,0.014692458786445758,0.0,0,0.08
0.2594599726832084,-0.010684805439258527,0.00999988969361954,0.2344046360072125,0.18756964249964825,-2.9603444982593397,2.6059891270671454,10.108293568995087,0.009562753583712757,0.0,0,0.08
0.3390347807207561,0.008902085096654133,0.011589371347521577,0.1990146244276804,0.30111113544511614,2.999800153559097,0.6030449421259604,14.520499391075514,0.014583855934917279,0.0,0,0.08
0.3290790325213521,-0.020260590232456757,0.003376085959215949,0.17960620765398466,6.83572855881028,-3.96895646356883,-1.2959981345124296,17.32259143654132,0.020325378032672654,0.0,0,0.08
0.29880195262176057,-0.018029902137883115,0.028106250226423463,0.147058601174966,7.328304770867096,-11.166239575992687,0.3379730662519371,18.998059546602228,0.004283027748263418,0.0,0,0.08
0.2987309900270339,0.017810443552909373,0.016612574336345887,0.1922097250612541,-2.5522332746210683,2.186878367078947,1.9584716265593558,19.087398202264275,0.004781194345904184,0.0,0,0.08
0.3057022325390742,-0.0010212133022996452,0.010229306616423517,0.22489496874812637,0.5307294133259279,-1.652339752908443,-0.5516078994498619,16.65881645445397,0.08100883107036098,0.0,0,0.08
0.3468997110531605,-0.005811969546862665,0.009340280096282697,0.1717748858542701,10.822118273061657,7.196020685569506,-3.777196877792239,18.75455799374312,0.01596411040894878,0.0,0,0.08
0.3230350793827392,0.030578579896274802,0.023473742512197714,0.12442805079156039,3.917766766973073,-0.4185205753727872,-3.4028413594387006,15.468931845528223,0.015765523859439863,0.0,0,0.08
0.31927142329097963,-0.006531816549016547,0.04458044498567258,0.22476979670256383,-0.9077958360693956,-16.976692866384447,-1.6619056457323418,20.58050837622799,0.030139989457941205,0.0,0,0.08
0.2687849552530402,-0.010213972270195293,0.055912128685468764,0.21548319105785146,2.5796318773236164,1.6857799269905935,5.5737862801747475,19.39781698388021,0.0009019878930421713,0.0,0,0.08
0.38176328905821977,-0.0133750342715509,0.016508295391245563,0.20267086904736717,3.250603964829291,10.694725299343887,-4.891671606741912,16.19341908557656,0.04311597867463633,0.0,0,0.08
0.2963975767484844,-0.019622074278994713,0.006267054999708508,0.19951099284337354,1.3072646424153036,-1.9599765507011226,0.1713535216535247,16.99688847518273,0.034637397521932164,0.0,0,0.08
0.30286950049117045,0.01574645011293047,0.04072107719669557,0.2616871164213892,0.10327577168740487,1.1352198208454114,-4.781891189469898,15.263873015736507,0.009618176043959238,0.0,0,0.08
0.2729646400473281,0.0002796363193864971,0.007267479424108377,0.2301735344302936,2.929946473677469,5.408979198856393,-1.4077375129879675,16.10453423140239,0.0045011332747963385,0.0,0,0.08
0.28939853970990115,-0.017475892424823797,0.039194120909563444,0.1474870563865374,1.9412543424325062,-10.809017979048459,-1.9926130318386945,9.328046872997529,0.04115553118722649,0.0,0,0.08
0.32053496402881254,-0.006514609105008944,0.027407540826637357,0.18077833022075532,5.759923272371281,-2.337256767498921,-3.8111384136252133,14.46373109679599,0.013206796433907346,0.0,0,0.08
0.3038537000840585,0.006128776685103364,0.027658640430481753,0.17121322190596158,-1.0896599640423523,5.337247387014147,4.764882456164833,18.27946265441541,0.06675819192168993,0.0,0,0.08
0.3411147669597473,0.03484752169405078,0.06099264907061014,0.1372298202497968,2.345720756350169,-2.5446228935045943,1.4757466144541602,16.14393774024657,0.019324312522872037,0.0,0,0.08
0.2885924599027847,0.01253909496512265,0.023464081859014958,0.2481640831223647,-3.1053436825061507,-4.981300313353634,0.9393353057216749,16.454411707008113,0.01290410117770304,0.0,0,0.08
0.3120421680774586,0.014122570982186528,0.039947039567166526,0.18312470940944064,2.1299994515514475,4.833563009971055,0.22625322783738105,12.412751766949812,0.005180765024351655,0.0,0,0.08
0.3861814486834858,0.012900757108979945,0.012202994129978741,0.15642190400245126,-0.9392148288414339,-9.940155117357541,-0.9754881972648746,12.720090341664434,0.0006703025022006013,0.0,0,0.08
0.28949097153140835,-0.001009260948056765,0.008143998420920062,0.1839130869883169,0.6517700558214992,0.8274991255083608,1.561505649230924,17.49136095844189,0.07073551025756247,0.0,0,0.08
0.3115068309749704,-0.008893381353978097,0.013768316338482614,0.20145655599565374,0.30040364318877355,6.348134328694876,0.5748958862021671,20.194864194924158,0.06009916006405561,0.0,0,0.08
0.3036584731054609,-0.002042661164814027,0.033460245754487236,0.15883195960753949,1.8430541052050244,-10.528732452734323,0.3589779135568006,13.068861943557135,0.022205185324275286,0.0,0,0.08
0.2760946381154595,0.051023485050052955,0.025289274203301574,0.21894488997711387,-1.9681742431085354,-3.3221709188128346,-3.446554229787864,16.89627957533107,0.011312146599053803,0.0,0,0.08
0.36404290297799463,0.03107601002175361,0.0011429125057827575,0.1621471793906262,-1.149901219551019,-8.366134000015398,2.9752510363396674,16.626746860100184,0.07460762581219965,0.0,0,0.08
0.3164142638182319,-0.01603818408899915,0.0002596323051059842,0.1563486084479242,-1.5610176801946145,-9.13448816560044,1.3069936993710056,18.170279994562176,0.011185871927305304,0.0,0,0.08
0.29469517559049346,0.020002586715079637,0.056437520000434914,0.15976135204048578,4.897418045062718,0.36693875961427014,2.2800688273231016,14.620454800853208,0.03630721529943563,0.0,0,0.08
0.2947897402218983,0.0006149516617499726,0.021163267426887986,0.16284608297575706,3.663347345144242,3.601277794465666,2.873796165647052,22.326629777192423,0.013706369149559567,0.0,0,0.08
0.31923497117541655,0.04136452083011648,0.0027338800858808594,0.1759202113345627,-1.3697305205053056,4.505236676407992,1.9632930813168636,19.402199380089026,0.009806884561250487,0.0,0,0.08
0.3345811980441822,0.008477789648879722,0.008554780720003988,0.14729270413579465,-2.5353214272254165,-2.47487407132762,-2.2160924949886884,10.305482776966379,0.007017656342799453,0.0,0,0.08
0.3181726418996083,0.0083493017964259,0.05203491768925588,0.22368427135929703,-0.19162121682774025,-8.01517442501168,2.1724096779434916,20.517654484428498,0.014506528751003254,0.0,0,0.08
0.297705962686194,0.015667174210480625,0.005314992651974463,0.15435674933846577,4.636217375653679,6.161367709547486,1.7987326237360675,21.665756738813037,0.02721371874798858,0.0,0,0.08
0.2918453129318201,0.0182083699937114,0.04596060452182382,0.2329097786754054,1.3235092574287344,0.47744120965299497,2.276473248490828,18.43713001728113,0.0030269678778266354,0.0,0,0.08
0.33573696475874026,0.011071390621355866,0.01142016944332818,0.1496411720438662,-1.9149633452390642,-1.6344600996221232,3.7011728350085793,13.182166866393219,0.011946201419010417,0.0,0,0.08
0.2646987636404424,-0.004410764583130748,0.014058847530690229,0.2233679297617417,2.8412121608879817,1.1903611030649202,-0.02754706015541681,14.187848934722231,0.09335696029115001,0.0,0,0.08
0.3242676530778575,-0.034937913826911096,0.012715058933372107,0.19024682422777112,6.773244023708504,-4.630444887580694,-1.493885540453526,14.206130612737075,0.05444370108517041,0.0,0,0.08
0.29958440514663215,0.015416044399759424,0.0056512607161685255,0.16682042799128055,8.699438691656258,-1.6488138285161282,-6.603730420352755,9.003888825985626,0.03602095727255675,0.0,0,0.08
0.3150271031740297,0.023245191950113337,0.009073940378607098,0.10771834420272734,0.900618797320831,-0.27756730359805526,0.34230447667955977,16.216591735104974,0.0027052689771396676,0.0,0,0.08
0.3042927746676035,-0.02994893337211497,0.049773261425308274,0.13031013865803082,-2.5023484561278764,-6.577321949211391,-0.2036141450984457,17.51071070373159,0.015581652952671294,0.0,0,0.08
0.3282620676737325,-0.011142611451444625,0.013564253552742862,0.2136918930805561,2.0927839142294995,8.106094514922003,-4.537586895896627,11.342532040341759,0.057214588572671705,0.0,0,0.08
0.31308575733797,0.002986838221197609,0.002999894243553471,0.10428951289639792,3.2459634351911593,-7.1265914395051615,-1.1919697576540855,17.87027714522734,0.020279343732426156,0.0,0,0.08
0.2640539405426907,0.02300534791796592,0.011870801850425309,0.14943252853448613,5.504695726772301,-4.256586943970855,1.9337862972455295,14.661416608157484,0.11450786170260821,0.0,0,0.08
0.292890577966406,-0.023582164287256964,0.02842766848112258,0.17289616020965043,4.62356855115033,5.783441604455175,-0.06029625530895494,13.300798951577484,0.01635283369548305,0.0,0,0.08
0.3132117235897689,-0.006902937622760543,0.03755825891561549,0.19367300855819866,1.759849833245742,-3.6116666516110625,-1.8996941901449311,13.022853614668183,0.017690360604420703,0.0,0,0.08
0.2695068079185631,0.03536338586119567,0.037307197281321466,0.2481836837318951,-2.432449833035477,5.85624431613568,4.198459280917029,13.799709932239004,0.018616724463465444,0.0,0,0.08
0.3089023007697121,0.01319299996164741,0.04863279892621603,0.1917415011987456,2.9976707507401668,-1.960039485054264,0.37425629899180346,21.304056829232866,0.004113492771689783,0.0,0,0.08
0.3049044292696681,0.032734799236612794,0.01665956608124782,0.25839349018978697,3.802452197725553,0.4966374227125545,0.11034849952270434,7.654926239249891,0.05912112505705705,0.0,0,0.08
0.28865613417748887,-0.0076891375795418325,0.009999486613429882,0.19723449676060148,-3.1027306399829264,-0.771277759511741,-1.955025366469247,8.319661355629915,0.024002477199764227,0.0,0,0.08
0.31496210980899114,-0.027640351373848755,0.009762449188471908,0.17091575968876296,1.4329697838898456,0.8133804984882549,2.1855559305436087,18.23162034280923,0.012006724796869123,0.0,0,0.08
0.3251374544343217,0.01253076726673885,0.008265472626642114,0.15016231494097593,-0.6461657700611676,4.520516781014584,-1.8436163510732848,13.002780186015787,0.025811554278422372,0.0,0,0.08
0.30462246923929265,-0.0022001099740210296,0.05364777964720575,0.17358322472098608,12.003601991737126,-6.333836938791578,-1.0610572787010182,11.686490662926,0.019161165163041265,0.0,0,0.08
0.34671846259438016,-0.003952409355919313,0.023809504846636107,0.16032172380522067,7.31222755594787,-5.836587100560005,1.2198661026680222,15.395798029982078,0.030039292664650746,0.0,0,0.08
0.30809279382441634,-0.029018557822224483,0.015457695835529134,0.13817882057303787,1.8949568269205914,-3.7470627305314643,2.240942520314129,16.110220467916985,0.025995814149510535,0.0,0,0.08
0.3181935530288093,-0.019964245170228104,0.02260556801997155,0.1408029770087102,-5.829354356535959,-4.008858289966601,0.5801383557724772,11.281380341003786,0.024909931215656825,0.0,0,0.08
0.3593062452736159,0.007822557538654525,0.05023441345586735,0.22744581896169197,8.161295919279544,-3.31906347208362,-0.7618551191917052,13.361482602081635,0.011966577023635254,0.0,0,0.08
0.32228315591926754,-0.005533435434382909,0.01868805051629374,0.17144499329781443,5.8812648071531255,2.5125597607649794,0.6617506132120823,11.55166897617701,0.0246157755810801,0.0,0,0.08
0.32978594408767414,0.035330236006552676,0.03823954537553201,0.17326460310108588,0.6959500167326034,2.3421971663722543,-0.4617156809240628,14.87865229197122,0.05756040952228016,0.0,0,0.08
0.3614772289339808,-0.0019505076749124688,0.01933983331411293,0.15038039574671366,5.459297753964045,0.9084182877103957,0.8953554419443193,13.260904909034938,0.01409458160738726,0.0,0,0.08
0.2998072297705743,0.004632149483361837,0.03924784759823586,0.21042024478336568,-4.97179012194666,-3.6454127506773357,4.704547288581979,21.06728746460253,0.026281234959939965,0.0,0,0.08
0.3060722258462162,0.022564795665376752,0.010427800133549797,0.2351386942181523,-0.6860488279221828,-0.3286701620329506,-2.7672389545318596,16.025769384982485,0.014702999844128083,0.0,0,0.08
0.33081769699573776,0.014331786795193034,0.001460484105317681,0.1543554295910142,13.297322364012185,-7.913810989815064,0.06031940060729516,16.62867795421173,0.002886892509069873,0.0,0,0.08
0.2814644688883613,-0.006836436404922711,0.006742775665144257,0.15743215280558054,-3.9761511731590025,7.5308747302494226,-1.4930175702871182,11.561521182586407,0.010334197754623282,0.0,0,0.08
0.3199494300137729,-0.020943151373805292,0.0481781669107627,0.16400400039562732,-0.980671081269402,-0.6298062453817437,1.838372224749869,15.9107705499518,0.0016541551188327766,0.0,0,0.08
0.29970382219470887,-0.04171584877810008,0.03501408218011373,0.18348065921569545,-2.144574287900787,5.14042452882275,1.1941446495277874,17.38102994919477,0.056689808586806806,0.0,0,0.08
0.32351487171334103,-0.005235165804421891,0.050048640922016524,0.16264506148083244,8.888620391232779,-4.602404732401803,-1.8115148924795599,14.432135315425088,0.030515313118807622,0.0,0,0.08
0.3140757827224497,-0.0010501013707730435,0.016922722626534322,0.1570366969165092,0.8754980604476548,3.4760805585406542,4.236080635629748,13.801496912907876,0.004675665543121626,0.0,0,0.08
0.31061251501638754,-0.029313477146841904,0.02859347874950234,0.18809121630484876,-2.9790674966767305,-0.15890176973297188,-6.808493593492228,15.26739184182475,0.031259192395868676,0.0,0,0.08
0.27873185235858255,0.019330885010412243,0.010065516696625565,0.2006657778374387,-0.34611597237054426,-1.1153126164373792,-2.1896087593877773,22.9103886056801,0.06625479525875057,0.0,0,0.08
0.2612985241017627,-0.00781273061502704,0.018517154328254636,0.14655633319121492,-3.6431987745082246,2.184651265456013,-6.553478205155427,16.957350698996173,0.007190716213811648,0.0,0,0.08
0.3729466442364024,0.03196852910715679,0.014813559373016887,0.18378484178677432,9.404216707399065,-1.570205962895019,-0.515055232107848,17.551333343298246,0.0005420428658597199,0.0,0,0.08
0.302254745859057,0.007576672653789568,0.023667948742865267,0.18546986589596923,1.5019103022445417,-14.029034722159622,-3.8731187245497622,17.149994473870617,0.04294708434239576,0.0,0,0.08
0.353258272058578,-0.018917266157926497,0.049289415472294866,0.20736652834435818,1.4335160679578904,-5.057433385945861,5.502606107568823,18.094393026671465,0.015086277345006427,0.0,0,0.08
0.25976591618640266,-0.035288963444611174,0.03340655630692333,0.21282214011551587,4.69050304348781,10.624233904402796,-5.154412471128108,11.790188818741335,0.006828939764018702,0.0,0,0.08
0.2741032621414994,-0.03239884263328575,0.006542480321905804,0.14022579737476507,-1.5615082330403114,3.7656672755547027,-2.7204231780805777,21.50307189665022,0.037867260322468344,0.0,0,0.08
0.2944579294157483,0.021647077463246175,0.005381274433825486,0.10824315547232147,1.3653952661239512,1.3054772180577734,-2.2495446311478013,12.75551964663903,0.005518217824495343,0.0,0,0.08
0.31624967525876774,-0.027199383802383494,0.0646415401013806,0.19523112285460206,2.385476960239983,-6.093769528309476,-4.954828790154851,14.434802124255057,0.04467245430813004,0.0,0,0.08
0.3601679771229258,-0.002857331706839598,0.0025308387289960273,0.2086197238707794,6.402655779686444,-2.284878192874315,3.571056086869235,21.502544179659502,0.012432502034580344,0.0,0,0.08
0.34275416017223936,0.041831527395570965,0.019668983982634995,0.2224057527468508,1.2650669009327806,-6.587931404518784,-7.6918619039396665,15.657522304247063,0.027583603647867015,0.0,0,0.08
0.3073989659155537,-0.002381722869921188,0.01677541180522811,0.10506234784181533,0.40597232846994524,2.9170274487952437,1.5175857295217798,22.968131215304723,0.03930012732332281,0.0,0,0.08
0.3124596644147416,0.019913180228574048,0.03827069182222799,0.18411669562092947,-7.2561762640004215,10.04065131373791,1.3252402091326716,20.294621089671054,0.044459205233235016,0.0,0,0.08
0.27037364933868047,0.015428035898075333,0.030987463176673228,0.1559549378932461,6.663666081020891,-10.000580440735186,-4.4842684393489325,16.478090884560633,0.005761503228961016,0.0,0,0.08
0.28850279534727685,0.016191888719437716,0.02294685964503614,0.16217398787880022,10.215274760346382,-4.875274620731915,6.315892288374936,16.12210781481293,0.0361133782103806,0.0,0,0.08
0.33553372295140715,0.024477118370851866,0.029734154317246523,0.20743431274433677,-6.6149222951658455,2.681890302059111,-1.9157574754350906,21.786583730124857,0.05172338803305974,0.0,0,0.08
0.28004677441369846,0.03246513381056108,0.055760380558862295,0.14811545735100076,2.1636989949156913,2.609646230207392,-1.1819600437293611,17.882188666289693,0.003605421159016245,0.0,0,0.08
0.28005079674126837,0.010375860349034425,0.033912197313536147,0.19871801688527407,-2.6811228255870994,-6.6844881493985255,-1.89279250121337,12.702789357490143,0.06774090434894937,0.0,0,0.08
0.30036522883882893,-0.031712514135391855,0.05099745629200306,0.1879844167361113,6.376718190085902,2.8740188603565535,-2.583928739091324,23.624967608970817,0.05288005083318974,0.0,0,0.08
0.31748352837790217,0.007984563858786542,0.07601603130070415,0.16728956423930416,2.4663140480498553,6.429095613486232,-4.5196020905711976,9.120554379832232,0.021425896300570423,0.0,0,0.08
0.3250749908838787,-0.017814977271045272,0.0036492044314449714,0.21280929593223935,5.269224814953304,5.724510612939768,3.6554406446150596,23.707048736308657,0.0014463098192543811,0.0,0,0.08
0.31005930534267434,0.03065746711272624,0.005631446347016683,0.16547473412731686,5.417608004482879,2.0472950549521993,4.500823827002964,16.260783578393703,0.01571129226142639,0.0,0,0.08
0.3114798449738453,0.014448939704419588,0.007345665067507959,0.14657243979919854,6.388880766425753,5.203124476966433,-1.4920631142422796,18.01757970792848,0.09886131461740379,0.0,0,0.08
0.3612198942867767,-0.015416376054573789,0.012205792150269222,0.2334662943103593,2.220170229124174,-2.858386563609091,0.6757753604852953,21.526813096249228,0.04969537818520265,0.0,0,0.08
0.30000887142838717,-0.015314906374125126,0.016596096287842147,0.17838664359143824,3.593792182048003,1.4724243672348694,2.1099391843727755,15.571868162535392,0.03429614680547235,0.0,0,0.08
0.31262421261042217,0.014124619495341396,0.027447041285207866,0.18922443395064859,4.03990766896132,-4.358155847862884,-1.0343323360766885,9.448101830669316,0.02251627278229952,0.0,0,0.08
0.28819774285353944,-0.019077781768266248,0.02889157061722229,0.1387589889941077,-1.3848531411509404,5.29939545185388,1.3867873933626127,11.685983808845812,0.0017896750948835096,0.0,0,0.08
0.28665715642501854,-0.028832902930216266,0.03208084765974021,0.15810369908932506,-2.015398908123541,5.008498335859813,-3.5145132245088533,11.65792245305743,0.0005861183493050627,0.0,0,0.08
0.2928644807774744,-0.056646366369385075,0.04193926578209811,0.20733298046064366,7.3104618064212215,13.255103800132073,-1.0891495910657394,10.984678207340192,0.03897502115096514,0.0,0,0.08
0.2838781668506878,-0.01434784327318863,0.011589854338025899,0.1979394181678576,-3.929656564235491,-2.255614319481476,-5.027823057297304,16.379443656735155,0.064775091936629,0.0,0,0.08
0.336145731582638,-0.02629274791584011,0.0014190058581612162,0.17384009339208673,4.844769813686303,-11.533884632723794,-4.0293758029336235,14.615398693640024,0.05604349387093888,0.0,0,0.08
0.2736951716975753,-0.01861770487406389,0.07481023033352088,0.2581166952995804,7.262527448752978,-0.8690452604147993,3.369159592579389,17.355435551520856,0.014488889033284363,0.0,0,0.08
0.2777085643779382,-0.0008050579684165646,0.0025447524258947244,0.160937847942659,-3.9016456043760916,6.135076762176096,-3.791307231661627,11.203043352765466,0.00013317215735546056,0.0,0,0.08
0.3660238601248405,0.03159659437447239,0.0052784498787722305,0.15361005434984137,-0.01535701555072233,3.3639151174726503,-4.81565104708783,12.755324678261331,0.01555974342929433,0.0,0,0.08
0.2741000322314681,-0.009261278884680353,0.010845295540315087,0.12295927531518192,3.575492872658973,4.975942635497175,-1.8949545735409319,17.019209642983114,0.017422519856090894,0.0,0,0.08
0.30334655788851594,0.019387386048161086,0.010499001859747004,0.14976197173232317,3.4417667051710916,-1.2991391852170415,-2.8177246220460206,20.663930136827947,0.004578187002289645,0.0,0,0.08
0.2918527970821548,0.009955766188355548,0.02437339012638521,0.15721204148297074,0.5686882662349324,15.8272905135612,0.9056201421630353,14.647871335934886,0.03236414347844316,0.0,0,0.08
0.2798968328950149,-0.006627045981756984,0.039603605078124646,0.15598457228515578,2.5586147582614034,0.44002046866882005,2.90630968704406,19.385123428536325,0.004387926258892074,0.0,0,0.08
0.29912957327361694,0.014836445887802531,0.024860627675175318,0.2164086313465898,1.2658873113713878,-7.255192267437637,0.17022504989045822,16.397096140197934,0.0345919417670817,0.0,0,0.08
0.29217367382855,-0.01232286916097887,0.005313558375538739,0.17034277741100026,7.867130227595904,3.0333471192900463,1.3087071144031652,11.831792229091956,0.007986417228404933,0.0,0,0.08
0.29959685269699865,-0.011715854468973804,0.02502038248096191,0.2183526522587069,6.510745178065716,-11.684054844844885,2.9353734169996506,13.163149795624308,0.0257633366981545,0.0,0,0.08
0.3044470705173634,0.024242584084669724,0.004134404945624114,0.27298795657293673,-0.11578705089879548,5.743828935561187,-0.318271906024261,20.316921267234342,0.043626859187129184,0.0,0,0.08
0.2952531418294321,-0.028254515178011124,0.010043755536016417,0.232727882689361,-3.432699685910374,-2.6595807889074177,-0.8657253514623036,15.599042003846181,0.009630878257816796,0.0,0,0.08
0.3141708606085938,-0.0009024578064810331,0.007854477585144999,0.17425361880411527,1.3396777399878155,0.1905567394887045,0.2270206218401584,14.486966873124345,0.008422513258516003,0.0,0,0.08
0.3933989087267067,-0.0207598270997846,0.003351891987548737,0.09691520584904503,1.0589043601102444,12.87494955045893,-4.634807766460201,9.063124299914502,0.05955148591519378,0.0,0,0.08
0.29462233609064475,0.013664248080021377,0.03101254956804345,0.14716484310361252,0.2927832202589695,-1.5536327794703435,-0.5635782030261585,19.916131092757343,0.050904590709556365,0.0,0,0.08
0.3048497903822565,0.021969697521036374,0.02507411543167072,0.2623124470839105,-3.7536446671782366,-3.0910253945521067,-0.3795566908618509,17.538084416602967,0.004625563670729546,0.0,0,0.08
0.33527541689365015,0.01509917532283929,0.03132545256527649,0.15341395609991748,-0.673075999376461,-3.1488770020937373,-5.50069264196127,16.911651121748083,0.025791360853469263,0.0,0,0.08
0.2855796799212533,0.014752518602610048,0.010077436019241267,0.19225803451853363,1.390808086023413,-3.8441018202466384,0.13445459130050336,17.866457609742575,0.009367757997411954,0.0,0,0.08
0.2895947957095615,0.009870320704057571,0.014983404952934792,0.1708367587631316,2.911068005619487,-9.893855027347819,1.717155696923708,12.988005737021032,0.009689067698676536,0.0,0,0.08
0.2960027778639167,-0.004322087423666385,0.0110730347545963,0.12642120900168974,-0.5155918161695086,10.97597798116367,1.5520118840509216,14.25135336732483,0.07890286092796095,0.0,0,0.08
0.30615209558548506,-0.01948581121653259,0.011486765909037437,0.1615493179800677,2.13603701944431,4.414327866113327,2.707980868147457,14.856209299852482,0.02279059079194655,0.0,0,0.08
0.29142631155250204,0.02281717973403228,0.0067914311425604406,0.18496702738978454,4.628804405184215,-0.8356122400055146,4.537592106907653,12.039530877087845,0.01260467250003248,0.0,0,0.08
0.2955104822178148,-0.04142359765160933,0.061442795231017595,0.2046386802418735,4.452696007566272,2.31281685508946,-0.852870331660015,18.63691529807715,0.03196982285352013,0.0,0,0.08
0.30002261860450374,-0.02866647856761369,0.019102843629900817,0.2328398315816284,9.283487240493896,2.5877988783822974,1.618205964628224,20.279795225896947,0.0037859986633304783,0.0,0,0.08
0.3454567012767668,-0.034891299037960725,0.006677570909747625,0.12519893490542283,-3.074767907372692,10.719582143560176,-1.2486306415187656,18.11218353605538,0.06310340790341956,0.0,0,0.08
0.3247423826906658,0.011363680066807956,0.014722623623362466,0.23698510928308975,-2.154225224143538,7.754576246022497,1.7700142833134136,24.89136884188502,0.09137618567412475,0.0,0,0.08
0.3201806743826866,0.017910510748339478,0.0023765244169103544,0.1783465118076332,4.0046850579546724,0.06657132191747636,-1.3473224064879457,16.707790561071878,0.005470466034827998,0.0,0,0.08
0.32380126971581397,-0.004449562665997166,0.02503219916160218,0.21281193498035858,-0.11569000954124098,-2.9512721522979226,-2.7117364954880303,9.705551275247648,0.03965042753566801,0.0,0,0.08
0.3046752434867715,-0.031077860088950856,0.04649788957654123,0.2032712708251345,-2.4070974517590953,-0.08986664177778406,-2.9395163176244763,18.28944800759882,0.018295184638382634,0.0,0,0.08
0.34336301857664014,0.024358542839490304,0.029309851229928897,0.23886340330279576,-9.957572084652854,-6.539061510122853,1.747130837858255,17.806927206979996,0.024915379530965575,0.0,0,0.08
0.2703732315248152,0.014576372753192726,0.01745775182679784,0.1612094214265145,-3.525730610121192,1.325385936488325,-3.453074128373201,12.624012236497887,0.024721918143054213,0.0,0,0.08
0.31735115992946217,0.02095027274175257,0.05084190609359657,0.17136851494687122,-2.711045831965432,8.818705552724975,-1.866810668681988,9.55906765321551,0.003852549279013483,0.0,0,0.08
0.25703837238910077,0.03481882973193982,0.00453559579246743,0.17761382752031232,-4.806663433149665,-4.858349014603704,0.563401014127566,13.244890755045512,0.06990690884593641,0.0,0,0.08
0.33045230226445427,0.019250057716002033,0.002724600362341892,0.2106991737821652,1.9931433853237441,6.5372194984598435,7.096223315999921,10.964479646300957,0.00013189751836975225,0.0,0,0.08
0.23864705020380014,0.0038530306529604937,0.02594408775393288,0.19494134733647073,7.8217379356613,-3.5461107344005924,1.320179787069435,10.511494903029824,0.006986569583231712,0.0,0,0.08
0.2981985310676603,-0.015248359012058288,0.010440962879292932,0.16411538673728587,1.8341128880034092,-6.594235347191155,5.389995605025051,13.012765819785304,0.03779945185585494,0.0,0,0.08
0.32658715685798445,-0.018731840124872844,0.03863218306925527,0.15002336052172105,3.3510643962184057,-3.2705233799735423,5.450266888725314,11.557481131649135,0.04941451047023381,0.0,0,0.08
0.33499473299888305,-0.012604985900088725,0.07325021678258267,0.15120041867112244,-1.6962512293642615,-7.52103607423057,-0.6448645142368534,17.350124888635932,0.0022554640224356774,0.0,0,0.08
0.321070493134755,0.002485713897017014,0.030406795191496413,0.15388199376671677,-0.1991574385521333,-1.8915980034975344,0.8041512827692598,18.503110365448205,0.006647688021937902,0.0,0,0.08
0.3104837436370142,0.0028661261000000743,0.016087035298381343,0.19892581813071147,-0.8116457521582698,-1.4268422245556382,1.3992938622369508,17.822413237479342,0.04951025083447402,0.0,0,0.08
0.2761045042834432,-0.01647673739282308,0.044022155630057166,0.17002521499310075,-2.6521706011384074,-2.480542623818648,0.09718864105073619,21.11789111412155,0.03547962316939242,0.0,0,0.08
0.3530292900805623,0.005695091867711365,0.001143447797805005,0.22193599551254162,1.6757315782583315,10.46750322045149,2.5795006844023733,17.988956820034744,0.010946148726421964,0.0,0,0.08
0.295025831455889,0.023943360544957073,0.009372155545910237,0.13820654744387714,9.135690380807077,10.088954744508094,-2.651606685422188,16.515543001361795,0.04987579546301483,0.0,0,0.08
0.33435116714839797,0.006638368954157746,0.011861434056110043,0.16427639197194152,-4.049191966735982,-4.778246850537054,1.9789568963317494,14.520204008865477,0.0033603486434808437,0.0,0,0.08
0.32554656851336233,-0.0018379125083137643,0.018037141686839026,0.19463039944371663,6.282317870313111,-0.5102660342281402,0.23892806968169028,21.601732730338703,0.024624475059995966,0.0,0,0.08
0.3041358206924208,0.03422803511568269,0.04730173248771028,0.1912813687683737,4.874610513022986,2.556278923469976,-0.5005137342142822,11.838422792709054,0.023670787170838956,0.0,0,0.08
0.3346619823409758,-0.004306973696565529,0.028366508453592513,0.18035153770528287,-4.096587628184061,4.28541889616357,-1.266629776853399,18.472696662035098,0.04703697674900864,0.0,0,0.08
0.3306228026537951,-0.03242016569152678,0.010544249684310666,0.23596911800284637,6.672673605816391,2.2336476602312416,-4.9207075999904095,14.082646671456917,0.024561227936489457,0.0,0,0.08
0.3601860460569559,0.00518267310168678,0.01394418603417939,0.12780732438268202,-5.281592192287342,7.125846836153439,5.076989162031653,7.858777003137899,0.015631133570632887,0.0,0,0.08
0.26556562826134855,0.05958109927602776,0.022887449174421863,0.20228550473613927,1.9709096200011738,-6.758838748479345,-2.591597899187101,14.519287896409772,0.05042147976787412,0.0,0,0.08
0.31327248911049493,-0.009699088535965256,0.021463369491293044,0.10918075448895687,1.676300186872786,-0.7239176564387377,-0.9007941537564927,11.445615814627658,0.015182602513863953,0.0,0,0.08
0.3231138033919316,-0.015858630998797602,0.08839978777047716,0.14980535213712315,8.77330254296153,0.18405105642425462,-2.290047560145337,16.01989994313887,0.04364621118238109,0.0,0,0.08
0.33695535113654695,0.01898298323349689,0.009841056013868152,0.1902700319464715,-5.935986732587818,-0.27301113228171914,-2.3540261627115013,18.48865856539077,0.01315512585936046,0.0,0,0.08
0.3299988365037067,-0.012062951340273886,0.0044876984382530875,0.15066071733286882,-6.791653782296043,-5.295362468673175,-0.14249233636458922,16.735861770008025,0.0025230322212929997,0.0,0,0.08
0.28555395553271967,-0.03201474311889085,0.001102201035530316,0.3211622075028193,2.922789273337738,-5.0338106378650656,-1.872254235112482,13.332854654143226,0.00790256492761338,0.0,0,0.08
0.2762303509659825,-0.007985642861710036,0.014823069245614945,0.182200117441335,4.288502870433561,3.575588082234998,-0.799839039838611,12.570469715058987,0.008164898534282008,0.0,0,0.08
0.2832829356822696,0.011850674391744885,0.02153744573755592,0.226535042206542,0.27740298898469584,4.8380904664495805,2.390414499171196,22.667580792373965,0.011199062059916007,0.0,0,0.08
0.30905444460015685,0.014290613821043376,0.02180322631170914,0.15131272397110113,-2.1349432022489054,-1.6478690913710277,-3.2397295225824236,16.0685186673156,0.02550818754289315,0.0,0,0.08
0.33559495919239574,-0.005739843715819977,0.04626229009018043,0.12795562934434618,7.168214528908491,-7.7078375723264685,2.0335619245230907,21.7621522269341,0.02720510974854981,0.0,0,0.08
0.3369435197236704,0.020199109934141615,0.007120193571772228,0.15326180356587288,8.391623440785633,-3.8842636238877972,2.0727758763900255,16.062893275266045,0.0006036510514616589,0.0,0,0.08
0.31291467361258746,0.0019348782587809382,0.00958819140905417,0.16631405395491045,2.920222446182003,0.7408338870512403,-2.262127475002642,22.804376962339234,0.0015201187470908594,0.0,0,0.08
0.33479209951991573,-0.003740672577494417,0.03984137536136101,0.2265624061034375,3.1987822222043656,1.5794755303594883,-2.153714678727636,21.98222504023537,0.03856530925594828,0.0,0,0.08
0.34928332304207943,0.007826751616892448,0.009226353349560443,0.1531311684296769,3.6426958930991944,-8.270246833924128,-1.498906209337449,15.78569718679308,0.009827157577540057,0.0,0,0.08
0.33887035507799707,-0.02142616655341949,0.03393350238087528,0.1589044375344152,0.8825868983466989,-0.021034360552045092,-1.2451338013129045,13.061079188735635,0.02021845188935539,0.0,0,0.08
0.30298827826444824,0.011856244696685746,0.03476998896844923,0.23774681276664952,3.7512950649742898,1.9532748919324314,6.731763826509148,6.459109024651836,0.02658091634497509,0.0,0,0.08
0.261235231894005,0.002149714366628377,0.01198102939263798,0.1349094482978341,1.7759413126653145,1.5180509200667514,-1.8348047376085925,14.224745583380592,0.019490714091198576,0.0,0,0.08
0.3467180903271367,-0.00486156112158416,0.06534788564903267,0.14869634549807467,1.2022251364477794,2.6135275001510347,1.0585009294578596,17.596425805633363,0.05714054467288371,0.0,0,0.08
0.26432997045154766,-0.03818112700702269,0.02616554268454439,0.19595968630006783,0.20398551851386681,4.041818194251739,-8.356217618177043,19.843686413851938,0.0002025461023107008,0.0,0,0.08
0.3306086989629603,0.009714316827079938,0.049111325294138176,0.14243377720917272,1.471984588582911,-4.729314628297903,-5.786044304588527,18.141254671509323,0.05555818982141515,0.0,0,0.08
0.3453982639011539,0.025814110306242612,0.04121564632504291,0.17374090495507366,-4.047148583875743,3.209824034182617,-1.7904875643471392,12.122515131552213,0.01859612649729256,0.0,0,0.08
0.2534161388814692,0.03538674646801249,0.03491481665853046,0.2276504272652733,1.7395978449787834,16.337692126345818,-4.986344140654322,18.168820913568485,0.01517852571433164,0.0,0,0.08
0.3061777938283012,-0.025160398225326747,0.05985017058177216,0.17402554017401434,6.386171183900856,-12.078003793858084,-5.609708048749237,12.789790619539273,0.025308173957843693,0.0,0,0.08
0.2969983129994154,-0.01135834957171906,0.03149758940721292,0.20748953801581152,0.8074776829366248,-9.914474341780824,-0.25170558980489066,14.65710510723302,0.024687126820408814,0.0,0,0.08
0.3287471078396213,-0.011244113924405276,0.017220529905714724,0.18397255259805398,-0.8609940752703631,-4.165060415312111,1.2329706086325014,17.845502888921825,0.055220436462164756,0.0,0,0.08
0.3218679650428883,-0.010029388467169475,0.017833171661072057,0.19903007967326128,-7.175766339386087,1.815765789178887,2.4840312184904167,18.455384604254398,0.052000843928279104,0.0,0,0.08
0.3298137985705465,-0.04069363345389345,0.01824318473262802,0.1638773652785311,-2.7541418158444024,11.932920322702767,-0.06625894497473214,13.264734378541199,0.024633400180460042,0.0,0,0.08
0.3111566550635295,0.023729220746606487,0.0010875000414225949,0.14140841049481256,-1.0339263964992398,-2.6733114210715616,-1.702091416821319,18.22834553793541,0.034909170465736966,0.0,0,0.08
0.3306057373303677,-0.03962487241107561,0.012370772806469883,0.18133773871892603,10.350983943500578,-2.557960889209563,-0.7019927116396888,19.022499756975343,0.04807722196986633,0.0,0,0.08
0.265624119449267,0.002830642642993992,0.050036168260555895,0.23958397637790596,1.1452929245205534,-12.124905507515685,-4.132729140194,21.95047218639978,0.006973692892518137,0.0,0,0.08
0.3269136362502074,-0.035404883519509725,0.004442145007664479,0.089015158751752,-2.483388614262279,-0.05240985538559588,-3.854388479795408,15.946666837249698,0.004083303747785915,0.0,0,0.08
0.32986788946478857,0.016173255309945744,0.019799640340460976,0.23145528547982133,3.2734917580586647,1.729509467215959,-1.624294935222782,13.287792131954568,0.008349616897997797,0.0,0,0.08
0.2966917950937784,-0.0037620575109010308,0.011581833216434289,0.15483848555185556,1.9563372757062034,-0.457984800244613,-2.8046600781401088,15.219255658732523,0.023278901362223072,0.0,0,0.08
0.33900421312751633,0.008734651111296702,0.021700188039297373,0.2527908714925039,10.420645523889672,-7.258873182347472,2.263427099312099,15.855647026763313,0.0013500343727829887,0.0,0,0.08
0.31035641303553374,0.016672747936073835,0.023133876686823877,0.1537350371680118,3.7338626002225594,-12.033457037518446,2.618798602726373,24.491674851390734,0.007193668372980433,0.0,0,0.08
0.3032257975277187,-0.0034828143426048797,0.055267304153464376,0.2107987492534089,1.6759046530448012,-0.13421317127003998,-0.02689897729121895,12.683998342287634,0.02279278013290081,0.0,0,0.08
0.2783050878812422,-0.0013875673388065832,0.10809669586735296,0.15433091425391482,1.376715777704733,-0.3929252281296885,-3.9764969039870577,18.4635832473849,0.01458945751718193,0.0,0,0.08
0.34364497635549784,0.009909973382803618,0.009674200334440356,0.08,6.598861316906521,2.9590190054330203,-0.12564016489520718,15.672181862887527,0.012057576829493015,0.0,0,0.08
0.2873198794163019,0.04172750835102703,0.03145430504833815,0.22973713112411698,0.3117124596412162,0.2189995909569595,-0.4528098505319784,13.2938316102968,0.07666535951274142,0.0,0,0.08
0.31734871279516014,0.014045528551031567,0.06739426017342538,0.16105418169395236,9.133083241583348,13.63521865139814,1.8572894341546529,16.314247375466962,0.05442519455836811,0.0,0,0.08
0.31904221209343353,-0.005428101203289935,0.012632663811513763,0.22842698210168788,0.3506132263063706,-3.607802787070396,-2.231148255883494,17.799510392421162,0.017914036651012495,0.0,0,0.08
0.27137184149040816,0.017254098439800337,0.0012221738812689402,0.22715463748147754,-1.505574973899035,4.082055467917951,0.8112244026241462,19.132456026331827,0.022183792903114882,0.0,0,0.08
0.3299093904109852,0.011917949170407319,0.024286723724748233,0.16122614134293153,4.248956239033063,-7.341403112850065,5.9445728012480075,14.444328633831404,0.019882710741704158,0.0,0,0.08
0.32827406557160543,0.0074888244890366365,0.0392794681266976,0.14816044359964983,4.12666238375438,2.7395990921910114,0.640683599067736,15.288392131595948,0.02239886171604006,0.0,0,0.08
0.3123402225543657,-0.012392728478329286,0.005363055206028633,0.18569511650041864,7.629198826138354,2.4468600877065234,2.448665617671576,12.29501102610217,0.01828825048332124,0.0,0,0.08
0.33098392740687105,0.013434849643837454,0.0016291894067870663,0.1838973644118921,0.8963381182552923,-10.233309545397633,1.8991101787515783,16.242444584115564,0.0989976002211287,0.0,0,0.08
0.28265148093538295,-0.017933329886667633,0.004255002016456992,0.16693856589861714,-2.6836995752298147,1.2143002235921712,-4.670853260119434,16.138998376018723,0.009440888693314251,0.0,0,0.08
0.2964701794891207,0.005878987758863244,0.00927370331394281,0.25059655222203087,13.168835471639845,0.547008879998635,2.36461242239156,9.767810144823788,0.04770651863594768,0.0,0,0.08
0.3332868551417232,-0.00967866889902466,0.04626819445501817,0.13746582000678725,6.086499057599792,-6.33593887156106,-3.1501643694695587,12.81608574057083,2.2727340540651773e-05,0.0,0,0.08
0.29149673915440877,-0.026959915687343378,0.011072811301577827,0.13276110065342456,-2.606724436137374,12.667778004597505,-2.5816962114416606,14.869351709294476,0.05666691420462338,0.0,0,0.08
0.3384442885141615,-0.006119088630631842,0.003432088988864039,0.1761863563521327,8.921287259428674,-13.473515385390977,0.5862096638499608,22.71512216856673,0.060620896302979795,0.0,0,0.08
0.2932361254334513,-0.0062414386410546575,0.017382861277922046,0.19002512928413207,5.2342840275604665,-1.5861349992208014,-2.3226114550587016,13.890814933849049,0.013223502939880949,0.0,0,0.08
0.29451650074385693,0.042491124596580276,0.010368281583213795,0.18487377856529816,1.2603491244952374,3.900533448489867,-2.6118630693776543,15.731003334835307,0.03558964612567348,0.0,0,0.08
0.2950303823206266,-0.01603724353676163,0.028908442555233203,0.19874160646184275,2.953860561295178,10.709294394194108,-4.868245215967544,12.658915227488741,0.025872232087606105,0.0,0,0.08
0.32353678048408296,0.019550904037086307,0.0134397036132693,0.16386481016125268,10.106958713937406,-5.357651808777971,-3.7500765983521474,17.30101733541515,0.015255716954202083,0.0,0,0.08
0.2463973835463948,-0.0006598060565450001,0.009551398647339249,0.23396540420453718,9.715375856087025,0.2791707956022518,3.55145717553233,17.080984270755035,0.0021486095810599073,0.0,0,0.08
0.36751777445278366,0.02308272473056047,0.002142273506777317,0.17938113437093042,1.4388678665705268,-3.150951184189563,3.7508607388237,12.73186192350966,0.03369914062195702,0.0,0,0.08
0.2583676743711859,-0.010258692035570057,0.02053725169488722,0.15665111465749593,3.5140085956700826,-3.536343569102657,-4.468594060140892,13.732538830578672,0.03280524589002793,0.0,0,0.08
0.3090764049275975,-0.005148172143699222,0.013339002898602754,0.20668980589716968,-3.81519420298509,-0.1921654149518689,2.6707815944016025,19.701212477557625,0.007767019858948262,0.0,0,0.08
0.3150924330391198,-0.004996063086706382,0.0028128343949151884,0.15356663056759418,5.806229510922,-10.160994545010436,-3.2546363288290197,14.72753284406601,0.030529836858607697,0.0,0,0.08
0.28806236293561127,-0.0008801108988365189,0.013374478716127512,0.08,0.7170144454617671,-5.726742075916517,3.292289494249744,18.343033046876293,0.03547417373666721,0.0,0,0.08
0.3218192567759321,-0.009886112025727098,0.0049117072964114375,0.21377823488286662,4.129857231154782,-6.8648788621651375,0.7400663110081691,20.547118033043727,0.006494295540138702,0.0,0,0.08
0.2843980157788267,0.014239149334345303,0.004242822911493182,0.16328867949945525,0.6568730321834766,-6.727207961033102,1.8111124653678825,16.377118471191235,0.005365991002092952,0.0,0,0.08
0.3126818583679484,0.004375294735695417,0.0571544510452556,0.13763851511951608,-6.21149768139694,-7.085015501952812,-0.7271298461592222,20.02197966963987,0.018636828887071768,0.0,0,0.08
0.2848141732594703,0.011420629287942947,0.02431008474789266,0.20567576491434553,-6.203199423976592,-4.093866433242783,-3.9924277855859986,16.81985414713745,0.06515207628097994,0.0,0,0.08
0.287725396666912,-0.029997352785250342,0.01660022385607102,0.14777893269957917,9.190935362309432,-1.8980132684403874,-1.923439903358598,17.463661375501182,0.08682949467906668,0.0,0,0.08
0.32629096837868954,-0.004042031878636725,0.045949404215323744,0.2382240191702919,-2.5256224405401495,5.324294184846803,3.0427645713457725,18.281526984425835,0.014989572325220149,0.0,0,0.08
0.30100911830007054,-0.014592672906703155,0.029487297880854697,0.12667407966091163,4.308773268750912,-7.374107619319114,1.6482885223072903,13.689901478812398,0.014205600116557133,0.0,0,0.08
0.2729289093385177,0.0440278142457587,0.07276173826329428,0.1949059274592022,2.665972508460498,9.256418203678656,0.7304252314103107,14.585449941822441,0.009151421822307952,0.0,0,0.08
0.3913099493300468,0.01039742036203823,0.019329036749041902,0.15475035455037198,4.397802745286816,2.3142650431887146,-2.4296702972682245,20.966624639785422,0.03407180821309508,0.0,0,0.08
0.31065666463494507,0.006339040139682307,0.04158703445533462,0.1417576579326642,11.270547154695514,-8.443760660954414,-3.8943117110614733,20.59979301496253,0.025906890493149023,0.0,0,0.08
0.3540355133499193,-0.0006052611519397151,0.10186854469239694,0.21565375606420986,1.1825770934174067,-1.7426488920668963,1.332435513261772,18.855140703282242,0.042891880805015214,0.0,0,0.08
0.34120173672380166,-0.020377399141334705,0.021183959902505205,0.18431935682900916,12.427436652599079,1.1604382031383018,0.1790756417392088,16.371640218040756,0.06196365475147001,0.0,0,0.08
0.31341912004383315,-0.015869194597669427,0.008745719328387329,0.1263804543453425,0.7206948884449751,0.8658601166104731,-5.501117302888304,13.082406009617578,0.03336862667994865,0.0,0,0.08
0.30518321171494606,-0.011105722052020726,0.01714837551903233,0.20308288735340557,1.2879068397446463,0.9309320571921378,-1.1948491006276458,16.41156020460521,0.00612847581159877,0.0,0,0.08
0.2965391295214155,0.004685185289135312,0.024072921018025363,0.21850010367813194,6.662379580576513,-0.35299712478913325,-0.6627951748188379,16.668934818427374,0.08426508515131421,0.0,0,0.08
0.329258413883311,-0.005405352087277781,0.029200947931499976,0.16896194193215447,0.5531046556264536,-0.37736320139914914,-1.343632934795875,18.303500626008972,0.030743541906115883,0.0,0,0.08
0.28325369530436484,0.0013940853885856044,0.011549399376480512,0.19440904148309715,4.165285176033113,-6.003776234899444,-2.5652864232276147,11.778921700071585,0.028965850131120394,0.0,0,0.08
0.3716258152376821,0.0029564147807305393,0.004676303902524931,0.21440730553580625,5.241040177501335,-6.932710762905957,2.1752431333425237,21.34384432252043,0.011113521461942713,0.0,0,0.08
0.39472661279185606,-0.007084127770175766,0.01009037483443014,0.12719691249050794,1.0449895917462628,7.713493406170077,-0.17118387429346782,16.49558525358959,0.011499673371960872,0.0,0,0.08
0.32753572155512306,-0.005362782784835265,0.016597113514897288,0.10258280161144774,-0.19663576705510577,7.982594066272899,-0.3617615654204086,11.30956286520825,0.017032337590962524,0.0,0,0.08
0.3216645673079114,-0.023477466526120577,0.04147262428772843,0.21091391354174893,5.132639551108043,2.0103261114730286,1.6943673177229441,15.25768615527851,0.017546390906876742,0.0,0,0.08
0.3017606875190111,-0.009144370786383919,0.008712285366889084,0.23242423651253852,6.684407886678238,-7.539392015672613,3.86760915422062,14.88644524433725,0.020115075921289114,0.0,0,0.08
0.31941169548690723,-0.029692095838393055,0.021403367097943878,0.17301408217273487,7.440672523312052,-1.1381609607144452,2.5487535931398515,8.235005119171152,0.008678837812478435,0.0,0,0.08
0.25083732920068547,0.005760567366109783,0.003162278636898488,0.2248386809445751,5.222298811224694,5.8549400237313804,0.026573111006686134,11.045665765802028,0.06887990658195901,0.0,0,0.08
0.30188885802592624,-0.02779560286385338,0.028339214662992593,0.18365258914445398,0.47817638333459533,-3.782750725112865,4.911247223978227,13.269496415142799,0.006167277632726139,0.0,0,0.08
0.340907490819087,-0.007600736925787073,0.009761747939380694,0.15380920897504202,-0.04243399719031782,0.47949158244022494,0.9627901857769726,12.542469314510798,0.007455836868253844,0.0,0,0.08
0.28213220552617807,-0.010082573473033275,0.01095783327913561,0.18952685224558513,-1.3630875595945002,1.3237848258429794,-1.0562632423616427,17.136653838367398,0.0020012721324678597,0.0,0,0.08
0.3462769194167181,-0.0004857299134005169,0.043723351836985835,0.26839422662993856,5.4737772423837265,11.56687798463143,-1.452441392661631,16.193396344003368,0.020221552237991616,0.0,0,0.08
0.331441951825531,0.01356039830933985,0.03420788013394991,0.22123677353467627,-1.2055650810503566,-5.683218066957028,-4.324206562126269,14.45524422969802,0.004272318863436402,0.0,0,0.08
0.3393354269396299,0.015104859979811447,0.02888733827848598,0.1419723722633898,7.023064701074235,-16.899664800103608,0.1252529201035456,11.996038495368198,0.010129518631712244,0.0,0,0.08
0.3550585889556579,0.01828519089588246,0.06174295733904272,0.12385765481745348,6.7931041465785444,-0.10719948840651264,-0.1832919887030457,16.24322064451872,0.008184317520102475,0.0,0,0.08
0.3383778875581113,-0.005208390663050775,0.019962225341452814,0.2115630080559964,2.5059027019534987,-9.484200310043537,-1.5941145509009351,12.865734178919881,0.013969984431764091,0.0,0,0.08
0.2953253147444735,0.004501157705158783,0.01934667509361212,0.1403389183558147,4.19531144560422,7.634979263446679,1.30481116253423,9.277588965901373,0.002087337079579374,0.0,0,0.08
0.33777030273141606,0.036206052200083244,0.03125238808836585,0.14820425411993238,5.452243125010855,-2.43323948440247,4.2618548783220245,15.564492255496665,0.03212580778879734,0.0,0,0.08
0.34414450992902856,0.007060123610929904,0.0044313937750917656,0.1693145005623298,4.641683743765246,-0.8841608085377282,0.09428102806153771,15.388942965202846,0.014474025291836348,0.0,0,0.08
0.3448772100456352,-0.0007377790613780815,0.013008332414154345,0.10500431743809867,3.4278803895810697,-0.3023997035941326,6.969800953364183,14.70130149819865,0.06269927822446632,0.0,0,0.08
0.2520380452444012,0.013276827225109325,0.021443215144112286,0.17361006008033653,2.2909733147889306,-6.9509013711194125,-0.5471909621476702,23.087041291735467,0.09023175468144935,0.0,0,0.08
0.3365576896259788,-0.004050459949381652,0.017518126196188828,0.14214036816046288,3.1172633670900187,-1.0850003063931128,0.30086916752111625,15.251155997843576,0.038580465781673415,0.0,0,0.08
0.3063269203075781,0.004601208087668002,0.005198174750970168,0.15063352535515942,1.7952606174382886,-9.488131356780341,1.1652686829385948,18.387773783194906,0.02334805964875821,0.0,0,0.08
0.2932360128381298,-0.013772360971249191,0.026766250950906578,0.16455989697402243,-2.4352652851461816,1.2201225504299864,1.6652690983247604,16.982230783739404,0.013396545594706438,0.0,0,0.08
0.30933909782449176,0.053610177432664906,0.01665623749845331,0.1754563135319214,-1.2327546329925525,-1.493086313946176,2.6286392228170383,17.0792750942116,0.06340961956957639,0.0,0,0.08
0.34363564427709714,-0.03247610622944805,0.04132908869833656,0.18215589388132825,-3.305048647796628,3.3444513411071135,1.8966489420955508,18.388185737208808,0.006733149191831395,0.0,0,0.08
0.30787489456251727,0.0018224973450675374,0.01608502170615174,0.2682587591953869,2.3185983304557,-23.019933290756217,3.7104973983817997,14.10868281354531,0.00742097702008004,0.0,0,0.08
0.3283680943031618,-0.03118871558252451,0.005614135378880492,0.14851854884266802,-1.9130625970649602,-3.039809002727516,0.7196182568541752,21.199170792453923,0.014876174294622862,0.0,0,0.08
0.2604327196793953,0.019339132906896334,0.02576102520406856,0.16269449934665886,10.742922466890297,-1.479426325557446,2.2053963391622737,16.022335393371602,0.03612925380218112,0.0,0,0.08
0.34168303755009966,0.015765833132720074,0.04723294103855853,0.18851297594679875,1.9585908403690533,-1.043242921887518,4.015776414886821,13.532113179419138,0.0011296195108507485,0.0,0,0.08
0.4113214875724794,0.0135301495287995,0.018625848346590937,0.18459767087036527,7.709314606379078,6.730134854327513,0.6872844949391381,14.868913170041303,0.03229824855258378,0.0,0,0.08
0.3043242945617476,-0.0017267571649345376,0.0007287569199756636,0.14997118662028747,5.170844070934659,-8.85994334110832,3.173403022625755,14.137496384394144,0.031208547727269578,0.0,0,0.08
0.3837961595508814,0.01562994478921264,0.005870232882841355,0.2122670560865745,-9.772566261886933,-6.024477797730165,2.833155668506169,16.530800452507563,0.01779511271550977,0.0,0,0.08
0.3073488013742081,0.044213794520315285,0.019959110748057764,0.25896314750980093,3.5090530373689055,-1.1233639290412814,3.0979725498660367,21.088440829926597,0.02997275811267477,0.0,0,0.08
0.3349449660079499,0.015961820973231233,0.002160257369372563,0.1438938256004872,12.79331534374835,1.4524240217278042,-2.5529252420446946,19.023732424868562,0.047700464024875565,0.0,0,0.08
0.28524124117507405,-0.009858365498985045,0.0018619655307479807,0.18263154594595848,8.65172578875935,-0.9604469196498286,-0.7302309077037238,16.197787269629448,0.051466136402582845,0.0,0,0.08
0.3145040696186861,0.01424963528867609,0.03538321330632959,0.1859512253922922,1.314974780700262,0.5243485735207303,-0.04816211774575857,25.042507810582983,0.035616355896778716,0.0,0,0.08
0.2987073233623541,0.006321357394599024,0.021372489835784235,0.19715045035523054,5.081854382748906,13.160697301730314,2.8671119133416014,15.80123991439803,0.009490742443765464,0.0,0,0.08
0.3296570088554128,0.005139948911716609,0.005044829550317197,0.20274578464051082,3.531686840229052,9.758584407653156,0.7081291914731102,14.648920207452557,0.02093518182768795,0.0,0,0.08
0.30447132994501863,-0.004116797198426879,0.005593155520477365,0.1840715333482931,3.2253901357280905,0.5557655276935413,3.728587688574944,16.43200213596277,0.03965080552389203,0.0,0,0.08
0.29232238807614797,-0.025068034365900372,0.027087735807068844,0.14650476841270132,5.583184872943714,5.551691356300989,0.5059541028305865,18.36724966686218,0.007732457189315608,0.0,0,0.08
0.3170159530302774,0.023299817651278462,0.032032761031369435,0.2620829324568774,-4.823836379562941,-3.762556948633776,-0.12275260558520712,15.487317652451436,0.019006699330665316,0.0,0,0.08
0.29265363705340736,0.005902819586748332,0.017876826837240387,0.19149090056109708,5.774862023024177,-3.589676005187086,-2.6063026337187294,18.14711057985143,0.009036713806619995,0.0,0,0.08
0.2566168322372971,-0.010660081636526686,0.009399957020502916,0.16847398950309933,2.601897995095604,0.9458073506456637,0.584865277236562,15.915548113407594,0.031038175389823147,0.0,0,0.08
0.30290387849894396,-0.026230982757973635,0.028800667450768425,0.148537116337686,3.329489332895939,-10.533033532227766,1.3617156883240416,12.900001700701086,0.0004616408533745899,0.0,0,0.08
0.2769614053048052,0.01464302452109471,0.03824785204416739,0.14998359488981375,-6.648129199709755,2.75033405974241,-3.31432402092455,19.460130777247112,0.04375853551785103,0.0,0,0.08
0.2737342340613783,-0.011318742617848111,0.01195390763263904,0.19912562302223233,-0.30891490284228373,0.9151552973856993,-4.65461226290438,23.75015479894809,0.07937062140167889,0.0,0,0.08
0.30034741888029376,-0.0006496207168418923,0.07822227722788751,0.19668381297692983,-1.9385347480718216,3.4268474522284422,-2.1704598672594,20.433314386194443,0.0023010282310132143,0.0,0,0.08
0.28037431112719013,0.014826396338158285,0.021055777794990654,0.28021795621427575,0.1934356432922124,11.37089167265382,-0.7894838161794797,11.196565918535427,0.008485560463827403,0.0,0,0.08
0.3414461190302583,-0.01676352964663063,0.00926123468413364,0.18951318163033343,3.918501278206292,-2.5938071148572464,0.6951928260911776,12.754194480064232,0.028905695449900622,0.0,0,0.08
0.30299179117051406,0.004039980215146425,0.016918763784097873,0.1670436458713631,2.8475167153155363,6.06227587969958,-1.3372723793905466,12.913137325064891,0.06430264437421372,0.0,0,0.08
0.3479899080386887,0.014198654962944748,0.020051192023036492,0.16716864552592003,-3.44817348341903,-4.103093402997457,-0.02747711560396581,16.21274880375456,0.0004521021993490768,0.0,0,0.08
0.31243831502773206,0.023576868880512875,0.01436339845441131,0.20107925565455012,2.0302407215765332,5.657631719383402,0.5437618450351508,14.766411939267904,0.028004499405222927,0.0,0,0.08
0.29796372380365965,0.01419198958767133,0.03488896587630699,0.0858206830921359,2.073009843424452,7.3827602865598525,1.5824424990831911,17.56043606330236,0.06104206037161959,0.0,0,0.08
0.3223114983036068,0.02429333560265805,0.015254729390752902,0.0897683467562101,3.7240387685203067,1.0436832504768683,-1.8545251263005067,10.332894302194473,0.0504005443685827,0.0,0,0.08
0.36592145591235276,-0.0428286176063941,0.010553445850590952,0.2574344410272242,2.543423606265162,-0.5760039704031494,-0.5941792896567193,14.4730793873699,0.01990496857656169,0.0,0,0.08
0.29847455002879075,-0.015242668970281958,0.06853921321832859,0.1231460021872581,9.009167636488126,-15.053743070970455,-2.3062992301155614,14.393389143873849,0.00015261275671904834,0.0,0,0.08
0.31656154798424463,-0.003336294813967865,0.02567920674463736,0.2077482445014474,8.337977500628234,-4.740102580891248,2.0784456309027677,15.007026450723439,0.017464932768200114,0.0,0,0.08
0.2998140953000204,0.01921864357216523,0.037356653084843726,0.24061655261392836,6.585948634932153,-6.673964818023484,-3.5032722476997633,20.461393473878204,0.0029991463485183043,0.0,0,0.08
0.32527885970926024,-0.012321424306726475,0.062085507406658476,0.19008779416937147,-5.881234325405604,-13.217480119234311,-0.661697820801942,16.86417122195814,0.04445499915520309,0.0,0,0.08
0.32688563441371393,-0.002754821207758541,0.046189096008058025,0.1827328851975927,2.5052500583479973,13.835679515806438,-4.198026497546312,18.787506283247385,0.034315739073249696,0.0,0,0.08
0.28053941508367286,-0.013734647911347032,0.021003463689311653,0.1773021376577927,6.774447020690352,-2.053829060694894,2.706273934764804,16.726210792482636,0.00802173065573331,0.0,0,0.08
0.2762763442341768,0.002050828796350448,0.0018326674738750365,0.21486223865152568,3.3086822115111607,-6.726804076547532,4.140416816605544,23.130237239014253,0.0713139254024976,0.0,0,0.08
0.3253160613535371,0.004034773095920878,0.029710086206685388,0.17861743040624786,5.622870401989461,14.073744971378645,-4.2002137032052165,15.636656304589616,0.06717593560128253,0.0,0,0.08
0.3577607469572825,-0.01175475938639797,0.002988327050763285,0.24977244458972445,4.6543914742430506,1.2287872636915034,1.2274227683279817,20.95194231988944,0.001857560412041766,0.0,0,0.08
0.2749640407812487,-0.0065675051883360485,0.03534193954456858,0.20577242000432802,2.585902446613273,3.1399426963715316,-2.401771027044316,14.916715399254697,0.04847641664527507,0.0,0,0.08
0.3058499415395087,-0.007548468022606594,0.07432564821502907,0.16195124692224494,1.4767976250921773,1.7569730615201005,-5.641306632189244,10.507136416188608,0.0056990691160621,0.0,0,0.08
0.35434363678298453,-0.029647935739915376,0.00604914223162385,0.26204987773077854,-0.7752176716072903,-0.5958860267521924,-0.8172807027926148,9.158924484308535,0.0374399716850951,0.0,0,0.08
0.3285724950816403,-0.00751017961278999,0.00721413912152705,0.18653338722710153,7.846868065028473,5.828474146034158,-3.8857758620013625,11.843563916287358,0.0008196958544816732,0.0,0,0.08
0.3404688365198341,0.0037491876417782167,0.016294522933338176,0.14847809507067966,4.627716265368353,8.602997031959069,-4.131886467816299,14.798326884516428,0.012504049175837705,0.0,0,0.08
0.28795986718969424,0.019118716446615246,0.05656259982682535,0.20517442533715569,0.8037236590797805,4.075762919894096,-2.1304098205121464,8.598572403241926,0.05809541224270063,0.0,0,0.08
0.31189696439539305,-0.005516799197929131,0.010391744396473059,0.2302478975765473,6.75085353655382,-4.895457210891318,-3.461118970891092,17.738221152429634,0.010016101728698988,0.0,0,0.08
0.283993462453496,-0.0005937758057195686,0.02278570255179496,0.18339461833444415,4.742477496873931,1.8771939089454661,0.19721298014186212,15.060709203019167,0.03503691873453966,0.0,0,0.08
0.3214247925503576,0.02685443722702371,0.028703810327421073,0.1367434647704285,3.3433890588802764,3.0983800067194727,-3.735153670511985,14.660138816546375,0.05698517994743822,0.0,0,0.08
0.33119516390641757,-0.00038244359707414967,0.01796868571525104,0.15173323583707438,4.8783979904995665,-0.421341723447754,-0.8613285145870286,17.52324034901361,0.039359084800496436,0.0,0,0.08
0.2950164642134436,0.013381704205350481,0.06815423626870395,0.1739812743402007,-0.6526583605047311,1.2471630064024837,0.3977930160783032,10.388741036850664,0.06222870537881087,0.0,0,0.08
0.29722546004900346,-0.03314287170264609,0.019802986727263418,0.18178208662284603,-3.4644563237347397,6.347764283032755,0.24553300358861646,9.81145080886369,0.009212779063301145,0.0,0,0.08
0.30172312835679477,-0.024488044140945436,0.035181332084562617,0.2192459886228141,0.4522822136002105,10.427909910741121,1.286903845645551,17.18565356798128,0.000857776586885863,0.0,0,0.08
0.3009319182375242,0.010617343241342976,0.010621345366034096,0.2012137160668232,3.217968806720579,-6.3450880217605885,1.8700269020244855,15.59200028741335,0.00481169747459741,0.0,0,0.08
0.2807013905240933,0.0032053771483515343,0.016731096258239438,0.20259105057256602,4.737944534211985,-5.2778620533074445,-2.4609853833974022,15.219410115567593,0.0644385294695993,0.0,0,0.08
0.362889389576122,-0.010154335382994277,0.0017392851839472794,0.13649005298585326,1.5044305470591963,-6.711140905269794,1.9285664818888428,11.270483590555479,0.025949617635478355,0.0,0,0.08
0.29900974968586724,0.003535242065005277,0.02645614505214177,0.140458839685364,10.96370622482317,2.858581000302749,-0.45978166019791644,20.953215843456384,0.004630472040588549,0.0,0,0.08
0.3056395173305834,0.00694794972869524,0.007340388175911866,0.1720374978496052,2.739308134486616,1.996562871822062,1.6794853464841797,16.831749297049857,0.01818561551808828,0.0,0,0.08
0.3015327822423031,0.021015485809442267,0.006214227463277107,0.19841662599371296,1.441831828288386,1.540699543948337,-0.6854176314286217,18.33472915454924,0.06992852502668125,0.0,0,0.08
0.32601085744018576,0.029859052455076553,0.009020799053794049,0.21269868506793488,-1.653834318528891,1.8422354235109313,-0.15370750659657462,18.189546077862502,0.06917133214601436,0.0,0,0.08
0.30078261323014804,0.027381891655257028,0.014141332446285534,0.15286661482658026,-0.4565741249887387,9.147103086695418,-1.3348391726857585,21.603760071575373,0.007720337729443502,0.0,0,0.08
0.30942045087184494,0.0020326010706684934,0.028675299345731566,0.21061608624053396,6.293650809641781,2.9921394728132666,-5.82749307288531,15.45602148615284,0.07584864912829634,0.0,0,0.08
0.3191545250762492,0.022961817327948657,0.03664446561338406,0.1714429413459534,-1.9077829575275285,-10.203763497908268,-2.2042296404181276,15.319279802973284,0.03199871735194401,0.0,0,0.08
0.2789318783186382,0.017621177841148666,0.016603601267645048,0.19180899033380971,-0.7177799396709976,-0.07214417347912888,-0.7186675768112986,17.712124227232277,0.11126750318768382,0.0,0,0.08
0.310990699215791,0.026938824887779912,0.03366252696882165,0.19613198416667296,-5.302631982658432,-1.8091577746160827,-4.453317204580279,20.473983316108203,0.05796439332418249,0.0,0,0.08
0.32266974392349623,-0.022572690287584143,0.020148385671026628,0.11021868445575783,-0.7611049329488186,-1.1012419320987936,-0.3448527944755278,10.81219001712942,0.02242010402213103,0.0,0,0.08
0.3220192491501951,-0.015761525078073425,0.030266810619443977,0.14413657837411234,4.293789973421596,8.950043152810846,2.1744881204574953,19.23042147799151,0.03194304235044423,0.0,0,0.08
0.37163544668214277,0.03085613547539364,0.020597239579635284,0.1757048552635982,8.422711832329817,-0.8499757912334596,0.9069687010448247,20.81458937506473,0.026711818061252408,0.0,0,0.08
0.30606665983958553,-0.011550685280384257,0.03515311797598918,0.2286578954910832,2.6220464150542435,-7.577188522369067,-3.688578753652158,16.375302509467033,0.0581680803626605,0.0,0,0.08
0.3319953795226767,0.027562853609952257,0.007784005921676869,0.24129521530350487,3.682146823616277,11.088654624633314,1.6200534051694222,19.71758606656031,0.06451810961298227,0.0,0,0.08
0.35838934511779164,0.014584738986215061,0.012378689985893648,0.20726536894673556,2.0564334250124996,3.6330819067449913,0.19322256729582615,17.998309931113553,0.05729506259169381,0.0,0,0.08
0.346616518117937,0.040271085892974,0.021770719690009623,0.11907310143304609,-0.1256456045537,-1.158492444039676,3.150958656829065,13.861496065686298,9.751274277007686e-05,0.0,0,0.08
0.3174668190739977,-0.007823127445056852,0.022713548528770153,0.1593607604260368,3.6674922503601612,3.951791716743058,0.6965835139269828,19.483953166573162,0.0030399124533924612,0.0,0,0.08
0.3193846671030054,0.011475342198038016,0.03563070773643669,0.2068407121967108,6.271991112235888,5.633816812228753,-0.19163349849404004,11.610920716500193,0.07078987468519596,0.0,0,0.08
0.2770396187969685,0.0008913922177854327,0.04213490582500268,0.23030452450306604,-0.1338097831036018,-6.159752897305074,-1.3744109695251587,15.66698156922938,0.06511673062688204,0.0,0,0.08
0.304864618906108,-0.0013222478790401407,0.0020033179110725456,0.17643186809233327,8.441171921931485,-5.637391003523749,-5.424885985498543,18.163239728755148,0.010637149127637434,0.0,0,0.08
0.35612190192052867,0.028282207812135637,0.008027583260431688,0.16095749768888531,0.892995876886987,-4.499057536249111,-0.6933079520074604,15.837668299342745,0.033319821635491756,0.0,0,0.08
0.25471189281256973,0.010748651827760596,0.03312129015882791,0.14302926389619713,4.490508159249284,3.913369200700168,2.904360231721856,9.400197181086533,0.06194402307850881,0.0,0,0.08
0.29759653889584614,-0.014027552104449113,0.010906860410222825,0.18723484445929728,2.061586147511581,-9.611850074218076,-2.0866450034756197,15.800620119078568,0.025688823565383805,0.0,0,0.08
0.2706259808965435,0.029370045437707996,0.03289313235654687,0.13149371469506743,-1.9170093320174684,-0.06707469286729223,-2.822060654911545,14.554069899807404,0.01946624567631533,0.0,0,0.08
0.2597325865112772,0.007059414994457355,0.011167608097039783,0.12740485342382352,-2.264153451541574,5.054932423410836,-2.1926247795405316,14.726808425193974,0.024788369881965273,0.0,0,0.08
0.3024534429944759,-0.025635912407028172,0.018523176622120864,0.20693891184632923,-8.616649382839425,-7.788987201196418,2.6003239955538384,21.12646569309436,0.04136066491416149,0.0,0,0.08
0.3409956959308944,-0.036220462857639836,0.012796545761259945,0.19590550007105115,2.3484248772238843,-6.046705631506105,1.2932642209113054,18.281502193304604,0.007167894355712339,0.0,0,0.08
0.23435185595613872,0.038824120165318436,0.0334191000468721,0.19628361533595326,-3.3744974531391128,4.446990283959231,-0.8477501493509502,14.520696899840074,0.007547071159457782,0.0,0,0.08
0.27810891181438846,-0.023600297601885735,0.030480158476310373,0.2174946965701472,-4.626419673937569,11.185622207314033,3.2964422120316055,17.71099145319525,0.00012810229113750535,0.0,0,0.08
0.3074134870597764,-0.022087167580792294,0.020955503771182746,0.136072544648874,3.360357645855615,-3.4785453504026966,-1.457371789225439,13.78294727830192,0.03591317539635817,0.0,0,0.08
0.3208574281219158,0.010095013771426612,0.010758197578859716,0.1676115675277371,-1.8869344830868893,-7.621255460321681,-0.17265441071447885,13.9927009281785,0.04308807305925692,0.0,0,0.08
0.31063667952502777,0.003866087962119856,0.008026661631541001,0.17352930875337325,-0.2858024186170067,5.797027835685928,1.142267537243798,21.409858039553313,0.00988786482139042,0.0,0,0.08
0.32447601129463555,0.005908482540015238,0.02515193169587442,0.1923618734009614,2.182517319951456,-1.0189198330631941,-4.95643239566645,12.492636263793493,0.031445173444739564,0.0,0,0.08
0.3500671136661027,-0.0006131221070487557,0.04846784123987207,0.19324155611268853,4.127189593922489,-10.681261018895565,4.928177722193899,12.641178357055946,0.0018543827430144838,0.0,0,0.08
0.27797698201118504,-0.007548019281069655,0.02067719284587015,0.1946642498805522,8.746605414671588,-4.140845025293368,2.3228731744930795,18.48127757874051,0.021021054620019883,0.0,0,0.08
0.30906215757537264,-0.025739611285615225,0.022929133094556044,0.16099498886221586,0.7776309299423358,-1.2285393544809262,-0.08574225483321907,14.596103550579747,0.006958745180186314,0.0,0,0.08
0.3641625053925934,-0.007358584362899179,0.006763884842278479,0.23423221357726004,-1.5729979900735906,-0.20508797298293585,-1.0790965079199888,14.205969636886339,0.07307976592212939,0.0,0,0.08
0.28321680078171546,0.017659724109235803,0.026347480239276168,0.1845938036111101,0.14211224057461602,5.085481909255066,0.6543406651216693,11.180634209474373,0.013818191388611411,0.0,0,0.08
0.2850978851461229,-0.019751599903306043,0.0028307486470162003,0.17565888629740609,1.740349069019916,5.055078649417177,-2.078443824150275,14.477002267092232,0.00017761146634451483,0.0,0,0.08
0.31238738639669683,-0.031711240917318986,0.03405010944367733,0.20960502656420976,6.4246870071693225,-7.8735575599522125,-0.3801790246882621,15.277086429428694,0.03222764070917831,0.0,0,0.08
0.3115711830618271,-0.0029563253015154173,0.040814091563631014,0.1903572171290276,0.3787957567866278,2.9217638365780703,-1.9662181188138228,16.667214084709236,0.03196634979137607,0.0,0,0.08
0.25421010878350603,-0.0010717075063772117,0.023857062922185,0.24304690110965513,2.098751055542633,-11.779037459287949,3.591283578776869,13.370140240609938,0.022325836772864975,0.0,0,0.08
0.3413207538832714,0.0037541889625584963,0.06055952801594906,0.23180828290678576,8.88106123541974,-2.128679324102143,-0.6338740733797675,13.123278835991865,0.09626388259275913,0.0,0,0.08
0.3217736805541156,0.02352897650732544,0.0042456499263395,0.24660569530175125,-2.106775032297133,-1.0305482841597713,1.7840955899424364,16.296554784750484,0.025270436532014308,0.0,0,0.08
0.3397213253987226,-0.03688723324441373,0.010196277498617004,0.21316596140238167,-2.437074345868669,-1.610715367180585,-0.31715407410329166,17.770335929752807,0.05035069047658986,0.0,0,0.08
0.26959643013653695,0.009019456215034154,0.05109570571397526,0.16381216572546695,9.991304500108523,7.074184515551684,-5.13446545609482,17.29983644561204,0.013734322464378123,0.0,0,0.08
0.32325281948948437,0.0074433352473221685,0.04525584793525153,0.15612111888395538,-0.5732573086392865,5.7880454381185205,1.3551139496720315,18.122133727029006,0.017716696271269265,0.0,0,0.08
0.30095260576626687,-0.01916043815370576,0.02579257119457363,0.1749701481001691,-0.8653917565436013,7.400351594456286,6.729731889691063,12.18489326584224,0.07036738560017487,0.0,0,0.08
0.30320417582851483,0.04560520460597855,0.011398317806742555,0.16656885529038312,6.885694373567809,-4.246987669403611,-2.5504026081528552,16.80838565043304,0.043635320697479454,0.0,0,0.08
0.31310145988636284,-0.002105412311586005,0.005093968680122098,0.1575564347607601,-2.539961871044479,-0.2362877873708904,2.798259287715781,21.887994336431255,0.016169591262824058,0.0,0,0.08
0.2998399283834873,0.015754910826228628,0.05044206037095931,0.11702633129072147,3.339716103581951,9.529043569025724,-4.099458961906099,11.11954202159383,0.03832631840016012,0.0,0,0.08
0.3440936672297453,-0.0070989653348131655,0.06388564776415745,0.16703292555837435,-0.9017109727335817,-0.8819199009898857,2.9978539207035246,19.69182251583118,0.07476943259237956,0.0,0,0.08
0.32302790949766214,-0.0338392243937515,0.038328933307676644,0.1962739054055913,-2.67204769537482,6.818056775471096,-1.143884882413728,17.05630264953843,0.03737743686336316,0.0,0,0.08
0.3367563290371082,0.011755564557792973,0.0056383962862976145,0.26160535543987673,-0.6413170470054945,1.8145868746567295,-1.6456948516713754,15.224067371343642,0.002521022978189038,0.0,0,0.08
0.2677984170232133,-0.04193598961655945,0.028118605425336358,0.19496248352524173,1.4490356037696868,-8.842553408060386,-0.8870631523726072,18.47845451173348,0.07528203604144319,0.0,0,0.08
0.3303098229212516,0.028433917665696976,0.018740050585587864,0.10632323684273827,7.806823523107295,-2.94179046156349,0.5615520824657526,15.052806387109099,0.014841563298093075,0.0,0,0.08
0.298522484718327,-0.020050912647790443,0.03702747484895218,0.2393856744750603,0.9289554558176323,-14.611593431947593,-5.004045431003119,13.696381593366247,0.050634334535066855,0.0,0,0.08
0.33975778929660866,-0.0006496269988377015,0.01613039113507922,0.1917313771601941,1.90960866782039,5.938796075565065,-2.493918394920854,16.713668729707166,0.014202490728154875,0.0,0,0.08
0.32844883696140326,0.014942824640532065,0.019760475311956974,0.18026194631218156,5.0986265435603,8.918376259970255,-3.3412365612656236,20.70756529695053,0.01713972261001436,0.0,0,0.08
0.33033909912689585,-0.001302766714577763,0.025360240890898892,0.13736789154604967,4.556503053913977,3.9208719373124015,1.3635077162568845,11.700282632666823,0.10593076840692456,0.0,0,0.08
0.30101351766402423,0.02922051244678195,0.02850715077260602,0.2262632660637696,0.31892690355657827,12.372306918041158,-1.206228778319551,17.27619223879718,0.03230006280352608,0.0,0,0.08
0.32218282056546,0.008566548283388459,0.001028042346583292,0.20603862715117766,8.091743697935174,-1.2026077601661684,3.537150646617797,10.956770312413536,0.002520990717865484,0.0,0,0.08
0.320097491363771,-0.026821228379276092,0.008267912402516482,0.15795535039837483,3.9212974995001906,-1.5062227791433354,0.6925932303842629,22.35452118558275,0.04777510646927701,0.0,0,0.08
0.25678674603392443,-0.06035293785494775,0.010645829825025573,0.24349602409662147,5.459795352046548,-6.792736982565955,0.5185269318490638,17.631063805046846,0.060168362953621275,0.0,0,0.08
0.3421442779076368,0.002499343815833698,0.004895239461269363,0.2470581984765865,0.9265148241641255,2.1397776966096136,4.281026708097185,17.299903800762824,0.014306476496446395,0.0,0,0.08
0.3212607908843342,0.03947797156885166,0.007421919618738481,0.1393767448139782,-4.355519679220199,2.3951323012887578,-0.06722834519460445,18.143400562793047,0.01523398950349009,0.0,0,0.08
0.28894128105114636,0.015110305210570057,0.022157628732533293,0.18007214025425655,4.920999014931798,-2.2276759771445045,-1.7190927786366639,19.185880885365012,0.005513758378962036,0.0,0,0.08
0.26397625919653445,-0.016772549573264222,0.01618613511250287,0.14741257387049317,2.6226167883989278,-6.610091279572085,4.6919764645403275,18.807548769069843,0.04481264616756747,0.0,0,0.08
0.27332906155038283,-0.023303332315176485,0.012459228179632598,0.1704557787314149,0.39950166112502683,3.024914168258886,0.24367650945074953,15.481924727128568,0.009480314744775968,0.0,0,0.08
0.3053117098988487,0.011834354535639743,0.037366219933147024,0.16460831905583717,8.224417750108334,1.4803827065215907,1.1909048739751273,17.540517512449156,0.00045079956468859676,0.0,0,0.08
0.2778042917779885,-0.008069958658884617,0.03406042652001529,0.13088685735772032,-2.725913634940466,-14.960823080914416,-0.1152474279058142,16.87550556706394,0.03917130776722194,0.0,0,0.08
0.36138134233828817,-0.003572006588671083,0.02849866045016158,0.19790785065580047,0.17990864291079256,0.9375974497169803,-2.54194208355341,14.421521234057565,0.017289560555020084,0.0,0,0.08
0.3374747134479281,0.012547841481673696,0.020236679165916066,0.16918918529301563,6.3888853186873,8.284839530730057,-0.12841349270427727,19.98573284172745,0.0033350173809501803,0.0,0,0.08
0.27225206111898137,0.03926315973984433,0.023608134984659957,0.2187172779505996,5.220335154648135,-6.812510731217195,-0.6934883261030174,18.847726520247825,0.04354094704433764,0.0,0,0.08
0.3128638612407489,-0.0011789306703790783,0.03391816654110086,0.22187818137712836,-6.968886634976117,4.99502868824261,0.49204786992183375,16.928616046568767,0.05683334816611867,0.0,0,0.08
0.28461880982117094,0.01256660091483593,0.03663548114372816,0.10355362698958048,8.987149546407807,-12.358689415260534,-5.118782459908919,17.546767904809812,0.04637185807759746,0.0,0,0.08
0.29157885515351767,0.04392179118593632,0.008802313144483445,0.14156881767020438,-0.593840043769672,1.3881739460477442,4.130657658527548,18.66983041350653,0.06981452416894186,0.0,0,0.08
0.2864703708909923,0.0029481896465448887,0.03910942573519526,0.17959177598436268,9.101658300618757,1.8464116129705275,2.10581322143005,12.848397077106933,0.029016861199253185,0.0,0,0.08
0.29374680291965194,0.022251282041496654,0.04348780099781276,0.10960164471402999,4.576835355376511,-5.914488447012181,-0.5702317416497945,18.632458321946732,0.007202475661388324,0.0,0,0.08
0.25672053259114325,0.015463630256202749,0.005353264290816748,0.1876580286382941,8.569089124663584,6.02602766185022,-2.087809207352144,22.973279823460807,0.011141369428758761,0.0,0,0.08
0.32933165360614547,0.003475384039145463,0.005866961480294338,0.14915831371435181,5.126896753257253,5.031248865355563,2.4740111799585387,12.793881893523409,0.05790031298656385,0.0,0,0.08
0.29602147065783846,0.00433888655191493,0.03785164053205569,0.2517809939356885,2.4435857206536493,10.419317116596496,1.774971251806334,18.92676849167974,0.02560509230949726,0.0,0,0.08
0.3023443848545715,-0.0007320532538989419,0.004538318012590097,0.21782533710270519,1.4270182174199393,1.015728141936077,-0.6134989763095089,20.94571295226415,0.013716274272810455,0.0,0,0.08
0.30061213098429956,-0.02064446764791752,0.02091239089516174,0.17133072843374153,2.3669595039491282,-4.03279595098396,0.8269895929027745,17.981484080493296,0.05611660571237362,0.0,0,0.08
0.32301242828045607,-0.020283225305099347,0.014128573447822052,0.19734166441890116,-4.256819605387874,-1.1228928278454813,2.238881579665361,16.54714770432386,0.02928850661120094,0.0,0,0.08
0.3634505435940055,-0.006908308481276665,0.018399929307495934,0.13534196579263807,1.1791479750961487,-1.3674272833612433,0.4748580881957263,14.42421756437179,0.036832032715631076,0.0,0,0.08
0.3006881159057346,-0.01778983480976894,0.007760610605375157,0.12769429675626237,10.604410881159316,4.621716308298753,-0.515927230946465,17.30381883482085,0.010647951337973227,0.0,0,0.08
0.3551844172232484,-0.011736994670974752,0.0006221998525182969,0.24396492963346936,3.112501958144419,-9.755352164246977,-0.09340661494582704,17.169696301101183,0.01863060764560084,0.0,0,0.08
0.29361207972467607,-0.0020508354301994854,0.029571226141318737,0.23253892645300944,9.07679231550977,-11.752641967773561,0.4450885760459564,14.830687775166691,0.0015043495102474171,0.0,0,0.08
0.32301505720266627,-0.004292413307704401,0.0009181897162633531,0.11569434757907213,2.499093951644625,-1.0217071909548068,-0.24442251959481837,17.80165307063029,0.0202952890086877,0.0,0,0.08
0.2755077563389632,0.012929535723967035,0.028370206811161577,0.16905489558426925,0.2727098023002299,-6.676227570039007,-5.0824639854737415,13.54749168810734,0.03238607496454081,0.0,0,0.08
0.3325867324448135,0.01384928682728655,0.018618596542535296,0.17399408671930244,2.6850541032807733,-0.5136199938764123,-4.6244343147431035,16.32679101281108,0.015721945849449838,0.0,0,0.08
0.34167082746649446,0.012058000904963076,0.018116250913305734,0.17324861050336202,2.100456336104044,3.449053954622395,1.5973011861309483,7.361762859930067,0.05665649532441697,0.0,0,0.08
0.2946061826090715,0.0248481861579241,0.044548834895520854,0.17197715277376924,9.999023327832079,-6.3262811714724965,1.6663385466087877,22.950806716308026,0.005673811865504359,0.0,0,0.08
0.32856580990433903,-0.020315329338483217,0.027785155999221024,0.13667246213335799,4.5734007182790055,6.8458169655385905,-3.818491261361838,16.236358723931716,0.10191127159660117,0.0,0,0.08
0.30202514903059025,0.029094990707411773,0.054509193368952984,0.18856443929144534,-7.772581220922927,-0.02317367275116882,-1.7178810080865352,16.510363343074513,0.023402372963242952,0.0,0,0.08
0.3220754862920596,-0.0021855302443678053,0.025006045596410436,0.08,1.1137056456361656,8.345968831226234,0.4244380244514112,20.662111340709316,0.008482472802562594,0.0,0,0.08
0.33774165416540264,-0.01997301380695614,0.009376277451890085,0.13583897466110456,3.3637844940677333,-1.5114895972269458,-0.3368276059505062,13.070429662456098,0.07758298559312322,0.0,0,0.08
0.3351983361922608,-0.0060622864303343,0.010761217841220786,0.24487494991140205,-0.0793365829009045,-7.9946986859892295,1.8942558188172192,18.796738255998047,0.0450171769759736,0.0,0,0.08
0.3258410801364389,-0.015368710338069858,0.030243075471063273,0.2074356182575168,0.9510657224685763,-2.6142649943084226,-0.09862345545730247,16.14107694765587,0.0018549502594320123,0.0,0,0.08
0.3277327159397566,-0.003128185575856054,0.03008895352596367,0.17407108444627517,4.021045372696807,-2.2021356883298506,-1.1712275592649,22.890650583018854,0.02820789044048125,0.0,0,0.08
0.31355050196965534,0.007831023505201876,0.01567007412226473,0.2216876230793207,2.933140164351488,0.728871475974347,0.9420678074583435,15.672368418217717,0.0013203801941857856,0.0,0,0.08
0.2923991623371438,-0.015023344392477576,0.010970164598142955,0.1841247032978255,0.914813747409438,-14.134220940764148,4.7237590732870265,19.802680430116336,0.014645577023754838,0.0,0,0.08
0.3666287536187801,-0.01930428153501096,0.03390371217439857,0.1738123867546178,4.855509776360551,0.5940866969235439,-1.5672441851325276,14.016153387691812,0.033935231848181015,0.0,0,0.08
0.3466813537849579,-0.0333742772469226,0.02523208069918137,0.22148021297476633,0.8980707392839109,1.0936813412272182,-3.942598588869328,16.485222599856577,0.03920494937273714,0.0,0,0.08
0.28675593465593413,-0.01065213513346993,0.06036247379788116,0.1880013514924931,1.7319598330991157,-4.930084957830134,4.870587632675418,14.153045058277879,0.009060506902285463,0.0,0,0.08
0.2964777916809174,-0.04003412003451067,0.01418185009878281,0.21551215742315394,7.5939359722772855,4.687052017725595,-0.6461648665802298,16.493900738469577,0.005605348305016524,0.0,0,0.08
0.330829791434479,0.05145504778488948,0.04970118400840455,0.16555079228342506,2.4899637014978184,0.5241445515615822,-2.1924393768262593,16.858521099229275,0.051225916069604714,0.0,0,0.08
0.2795301030736052,0.010764232109845144,0.005264185316461894,0.17105333712786222,2.343265278225579,0.26274988717865055,4.539723243530139,18.71745221523451,0.04155121414632342,0.0,0,0.08
0.30560104677869193,0.0023691909747844075,0.007822628696308658,0.18399952655062207,1.4816415573038177,-3.3442339710720317,0.7851913145816507,11.371584317540108,0.07742467110905055,0.0,0,0.08
0.3465017047749384,-0.008901146877745061,0.032959406204794234,0.23994185442679414,-1.6012676324723367,-0.391193306098946,0.05484025727646375,11.207705102852978,0.05596476218291082,0.0,0,0.08
0.3413516843569362,0.033937796391612804,0.06056426156468679,0.18711633565646618,13.668131084834625,2.8730812069954563,0.05547017684146805,20.59440862457377,0.04610388981332355,0.0,0,0.08
0.3219258326971946,0.008532613800843997,0.0358548930853454,0.1599203215927518,5.8121414603910315,2.779346736000806,-2.9902557072172966,9.336481337065297,0.0809318043389939,0.0,0,0.08
0.31538242513146525,-0.009577966636196325,0.004009872991172751,0.15833516946763249,6.969749146102763,-1.5401701687463296,3.1646772376552406,19.304147518521795,0.04406518397723887,0.0,0,0.08
0.295273813153193,0.03521662679875466,0.025637172638819056,0.14041396135342546,0.21925835136701233,-1.5443355977095834,-0.885008125551408,15.658801709080294,0.00886071767521373,0.0,0,0.08
0.34475415989419983,0.012302377116508502,0.05894487216669199,0.1418736998097963,8.270714148858614,4.490893766301851,1.2556329602819183,9.217089084742083,0.023805627091362122,0.0,0,0.08
0.3026245504766805,0.003411103078922117,0.009199337847458357,0.18286674215520976,-4.421818796156312,-4.4116483162653335,0.5764927080997954,10.506144062400342,0.005885801521207245,0.0,0,0.08
0.2894727345845427,-0.017196509415757903,0.06453755571077167,0.18348819968149066,3.5293213111995487,6.643909119095602,1.985186205064791,23.552000065532887,0.0633072856365459,0.0,0,0.08
0.3329139931708978,-0.026870014596490396,0.022365831434041958,0.1800089579198315,6.020636426760358,-0.316930437165466,5.493441225763895,18.343895712607768,0.022893743228451825,0.0,0,0.08
0.37351972433112857,-0.000194603350166873,0.009732239329388319,0.17655351583602022,2.4129666347963417,-11.819380760643591,-0.728406861935852,19.70219026555783,0.04317535863353254,0.0,0,0.08
0.3344678273378849,0.02083588238043189,0.009426212199508602,0.1331226428310722,7.849496605693715,-13.993431091177936,-0.9256169138671178,11.286397685185113,0.022773420043085663,0.0,0,0.08
0.32345239748437327,-0.020787432118619595,0.012435155119587366,0.12151558179218341,-2.3691126561247327,2.3645586301693173,1.0645849339649942,17.37551472400365,0.022588297665406532,0.0,0,0.08
0.3283480468464905,-0.015616291941658245,0.05048422815308479,0.20625626261959887,3.9975186424631852,-4.359217283793267,-4.902347555511104,8.735250312386345,0.017905276362716674,0.0,0,0.08
0.3223625039461438,-0.0227649189211986,0.013731435854386216,0.29205491958539914,-2.8410471633877554,8.569405286848149,-5.167613227781405,15.236407861422096,0.009963295476091894,0.0,0,0.08
0.31964957978774755,-0.016135409040050383,0.01650182364174271,0.20000451318483467,4.245777843439807,-2.802844189907343,2.292988842391158,17.374558291336964,0.03054795074152142,0.0,0,0.08
0.29004862245990665,-0.014460313965721356,0.01390007279480299,0.10585071035123506,1.5900831074303632,1.7144409676595505,1.5074649708663068,17.378330932969426,0.011223254924440504,0.0,0,0.08
0.2895954290274454,-0.01579107371032642,0.0237179602512519,0.10441186065513818,4.222209927330225,-3.6507604885935647,2.676629618429957,16.76343529388351,0.0040409249629338225,0.0,0,0.08
0.3014337512407833,-0.009708827382081994,0.004527293586109997,0.25242089913683974,0.15837231401210627,3.5794340693013,-3.544064893748536,15.30962275876695,0.03443105424195658,0.0,0,0.08
0.27427762597789984,-0.013700368858701285,0.06675357275671524,0.18905169068973746,2.062316055238206,1.4725963453427084,-3.289957336803048,18.67071705508494,0.01880698993351395,0.0,0,0.08
0.31704784375264344,0.035184332071248575,0.008581130470361064,0.14453443323181608,-1.9716899201202773,2.7751154375524694,0.2717517704444904,18.63423487067733,0.0326105969904342,0.0,0,0.08
0.2585471995845238,-0.0322835266992968,0.010872698843322013,0.22410768184297514,2.711319198821737,-3.1786062355382443,2.414567814540239,13.08633182396814,0.05931841836245728,0.0,0,0.08
0.26268314887241495,-0.017003954916293116,0.002813081486484013,0.15957264247217395,5.486897696736546,6.4112973507317985,-0.26571320180636976,18.396501989174624,0.036840561852423175,0.0,0,0.08
0.32563647373566174,-0.04168663242685601,0.009633993523691079,0.2035262905774346,-0.8259020030631863,0.1935888646275168,-2.6814996619172704,15.360952925556454,0.03213105667297818,0.0,0,0.08
0.26706435000292744,-0.038464325724195045,0.025151724887993155,0.18184846414683667,4.995744455223707,8.96485138360095,0.6041836761458432,15.323956713026474,0.12633329649347777,0.0,0,0.08
0.32916870442638235,-0.014169762030581822,0.020905509801610073,0.08834828772463739,-2.433988363187133,-9.4219548855181,1.0101368862618336,14.186530801665999,0.023136657204112225,0.0,0,0.08
0.3552493224624265,-0.020005410455535767,0.021189627052385144,0.14694538858936523,0.43108155462390463,10.069079532749221,-0.21890829564383485,15.363932618344329,0.0008366394645733572,0.0,0,0.08
0.25316256548583094,-0.0032007734715868885,0.018583616479367016,0.15677035637774198,1.9860766057071926,-0.8702021491705346,-0.36506605706180867,17.428336204994807,0.041587310840778886,0.0,0,0.08
0.3004050320761576,0.03201815983777831,0.04091040847683962,0.21179034089887736,10.025634550851747,7.424787550401231,4.735028032491856,19.075291975631327,0.014354464610686322,0.0,0,0.08
0.2628330836776561,-0.006149218000302843,0.025585233620783524,0.1503534932546068,5.230958223936604,9.482038624937816,2.7497028413331037,19.700995504899478,0.018259491935040922,0.0,0,0.08
0.3022370676438286,-0.009941049736713645,0.017906069909701026,0.10384962377421625,0.06848912283546049,0.2622623819519031,3.668423766400225,14.012672552355632,0.021230658644599477,0.0,0,0.08
0.3379159995797377,-0.013216823935051617,0.011367680720237989,0.15147230782535467,2.9052168309805375,-0.6010366127205395,0.6447778943301171,14.390905117279363,0.07534835841380456,0.0,0,0.08
0.30987394253826533,0.034107247130261684,0.007127646462644472,0.13539013854492743,0.886758976493695,-2.2323859519879554,0.8426733798035144,14.06523178859187,0.029288541926407775,0.0,0,0.08
0.29316847443933197,-0.005016673436224617,0.055572462962752485,0.1580349407604169,-0.37799088970688954,-7.677887090095458,-3.3726002908409343,13.097378689735205,0.05078921702922376,0.0,0,0.08
0.2985628813818138,-0.0041432337818808045,0.03250425672825998,0.14542278745305848,4.771103078832951,-1.2282434011337264,-1.1594846709683706,13.152173987018566,0.00901049956926571,0.0,0,0.08
0.33984606081363816,-0.01067689287629837,0.02570391126161131,0.17799677604574132,7.886835593447562,1.0661882747414388,-2.383977552437412,13.510380313087012,0.020432981681169717,0.0,0,0.08
0.3306613823366431,0.012194754466734101,0.07565702176510403,0.12645105175457705,-1.542672736025664,-5.10469649176892,-2.1863705891321503,14.313990321725658,0.03483708885543988,0.0,0,0.08
0.2848653081649665,-0.016894059974059655,0.03875445849762471,0.18331459367475983,3.8933467022198682,-0.1788226911086438,1.573754049142844,14.823766562229908,0.014097270115507127,0.0,0,0.08
0.2896896646962897,-0.007487800664138282,0.008968418903473711,0.17669945924354422,-4.820830431104067,-5.008979463280038,1.0098042826865006,14.099423187649736,0.0954451708710621,0.0,0,0.08
0.2669094262888252,0.011002569624357588,0.008870114842008347,0.1390536101547714,0.8572538076309457,9.75198185445117,-4.085025091390893,21.923095566867065,0.004823505228316458,0.0,0,0.08
0.2868619174996756,-0.010058193000760383,0.006945355220882809,0.13336103257278153,2.410762066994349,1.4870776914109485,-3.2109616459555124,18.403896234084936,0.0028029760908167612,0.0,0,0.08
0.23522831045250797,0.013196992242091301,0.00833547470698711,0.21671088602206,6.840664381461275,-3.8695707619337876,2.3797874878650918,13.355887195124915,0.02218742815001149,0.0,0,0.08
0.3353137007764473,0.006321756442178677,0.010704457495703317,0.19398461324113542,2.5339976762454857,-17.839837027755344,-3.796909335269433,13.38168156002968,0.008310357112050802,0.0,0,0.08
0.3290573660981187,-0.020524847506058,0.026743105122784307,0.25322975299325046,3.9727827539595144,-5.810015179521353,0.7449164272079526,18.633691819759765,0.03386979555475845,0.0,0,0.08
0.23972564987003958,0.005993439546758527,0.011504721074852672,0.21776859361007256,2.7806481885672722,9.991513403668174,-0.5361206536904872,18.186862380688563,0.05102370093003979,0.0,0,0.08
0.29215981038513494,-0.00845136838042437,0.004140018609459517,0.19301006703417375,6.717052634316917,4.746840026135302,-0.8543866699422995,11.87637109433003,0.028229062413213064,0.0,0,0.08
0.3425343257457186,-0.004237790623964851,0.015900903990259303,0.18826710514156464,1.482810171857968,-0.8017663783606275,-2.3300821589164316,19.29566654743022,0.10880993720848388,0.0,0,0.08
0.3047666819714415,-0.014948585064984095,0.0029448708761185367,0.21052569202838628,5.689924680932437,0.746256733805577,4.7943326872552765,16.75851874743009,0.06222379293430296,0.0,0,0.08
0.29190109453665536,0.011471176737548501,0.0018163310552239274,0.14487513185578188,-1.9397845004681296,-0.6829486338448613,1.2989187841309062,16.573734222577002,0.008748513617426056,0.0,0,0.08
0.3032596029511039,0.021500424290218194,0.015207528701148137,0.17253706987778542,10.68477144424998,8.666060471879671,-5.017213577437058,17.355019106213174,0.047063523829364635,0.0,0,0.08
0.33479359332576286,-0.014899575349701107,0.01043071560183617,0.15712285815206267,5.261296667236056,-7.087207038893281,-1.8678416998779568,9.738456633244954,0.02254493841835072,0.0,0,0.08
0.3481309029829342,-0.00654146861727573,0.013082329926696206,0.1520983223009954,-4.475290287945762,-6.690757575980927,0.21965835093739514,13.70635366879722,0.0062383044569036174,0.0,0,0.08
0.27468905105640784,0.031247090187464594,0.02346433721021268,0.2329336368995975,1.8677279945529286,1.3250506217421139,-0.12847313722655698,5.68583523250595,0.02439633196963197,0.0,0,0.08
0.30814671813188316,0.0032685564077226197,0.009230675657228474,0.20246293882284416,1.2053234647083881,2.2252067548261483,-2.974003176702751,12.619606301864126,0.011290024591323321,0.0,0,0.08
0.325660619053323,-0.010864030007526742,0.024808475354255708,0.18131453495920852,0.46888639316176595,-0.6989301157862086,1.4676354739929036,17.541730736571683,0.034294090654081726,0.0,0,0.08
0.32240116087391185,0.001092235658201409,0.02876064104705712,0.13926984394329084,-2.3438526829668254,-4.207497266424458,2.9284160702007633,10.48291851130064,0.04039186344807975,0.0,0,0.08
0.32087629273278884,0.023252961173723854,0.033225699373997324,0.15848224134667438,1.2683937303042923,-6.992649157326341,4.411985971956868,11.361515198166456,0.021293616665195077,0.0,0,0.08
0.2891870017750975,0.0068490175835380284,0.0035792597157267535,0.13105020613374924,-7.910024474516067,-6.231245142214536,3.3383945868387195,14.590083000338186,0.03468394022643384,0.0,0,0.08
0.34975013964836915,-0.01944670007632376,0.0007067140140126765,0.12918047017672712,5.852906135575757,-0.6479021160756611,-0.3389433693198315,19.130605950867952,0.014381786655903646,0.0,0,0.08
0.3298345878598404,0.010205044448100371,0.01848908045009549,0.1655313204873094,2.714679100876288,-20.2534746010656,-1.3489505815284417,18.673660180014757,0.006846818623401969,0.0,0,0.08
0.34010097678187434,0.010969265470811413,0.05504442412730717,0.1687771317360579,-0.4641101748718235,-2.076625630680091,2.548934348119955,9.305020263282596,0.010714982005847739,0.0,0,0.08
0.33720502439118777,-0.0290366949033687,0.010673443366357357,0.19800218684740584,-0.3583159837445109,2.921052413804946,5.03171877892337,19.4843434208594,0.04088834647942713,0.0,0,0.08
0.3251976301509183,0.022239067217208176,0.04187585270661883,0.20567516245911077,0.46762031536082493,-5.5384343778934655,-0.8084812671119592,15.733026468911461,0.058872800952813754,0.0,0,0.08
0.33580997678250163,-0.055346508452047964,0.058270701375833706,0.1921188749434913,-0.35664155195576797,1.1557148855216182,-0.4319999331049833,15.670045489691619,0.0200407554205503,0.0,0,0.08
0.3149034323985243,0.002576992427118286,0.011694808856311082,0.2318919013570218,1.6824954399187508,1.286779604805308,-0.2891539089446913,20.3307942774726,0.02105195476320482,0.0,0,0.08
0.28421620829655947,0.013587463411482422,0.012398985381660836,0.16161578804970078,-2.2530347461251123,-3.3194460110387967,-1.7211094328779546,15.832049718022967,0.06587514628747876,0.0,0,0.08
0.3184278549084348,0.01617977218458018,0.029862851929104903,0.15126064059355535,5.133862593298939,4.249597317944398,2.327025898847068,22.61248858987588,0.005367091835657439,0.0,0,0.08
0.37405963371927875,-0.0067308984241822205,0.016391238151356118,0.15905182868441897,-3.4631837122037785,-4.71190752157943,5.846889334342857,18.57479300274479,0.0031719527323390115,0.0,0,0.08
0.34531626362250745,0.03668269128724782,0.0030409179662280812,0.16797722437659005,0.21208978877583684,1.3158534787923246,0.1058861722356477,13.470078216876125,0.028229920658669135,0.0,0,0.08
0.3025876168957684,-0.02259334918621074,0.017642519800048276,0.1460438137451814,-3.234736523956556,-0.9210041734187031,-2.599343309857195,19.173744933364002,0.0022033573279231795,0.0,0,0.08
0.3214156091594891,0.013814017786972742,0.014151900703085583,0.19838549272299263,5.654428870272136,0.8013924932158691,2.0269933597709295,13.211265685657887,0.05370628630187678,0.0,0,0.08
0.3252283546882974,0.022007857845574585,0.005166426247924053,0.1891829056429701,-0.897454527213843,20.266609447736172,1.547158857510408,15.72584202874445,0.002548478622452992,0.0,0,0.08
0.2955951315042087,0.0006028132263035475,0.024204596279270307,0.23538019850604136,3.008135919739508,-8.047558363420427,1.6155094699171304,21.43998854563859,0.02463314275165121,0.0,0,0.08
0.31160152817437065,0.012562059396674099,0.009258500360717308,0.14554226282142854,2.3899557560947873,-1.3599732223439973,1.9474431632112612,14.413591659185352,0.018307159575316295,0.0,0,0.08
0.2870545231507569,-0.035919654691680465,0.025120075754096954,0.17966556850914173,5.903347566495271,3.509720958518666,0.1701199465177965,17.67596650626207,0.014452581249276224,0.0,0,0.08
0.30390494413045965,-0.0032130657273214893,0.029020059667307675,0.20420532063035796,0.8788691476912771,-8.283913020660837,1.2362134111980718,17.83809259641759,0.0765487570558366,0.0,0,0.08
0.2892683686781831,-0.005552373982730359,0.02088817522023421,0.15134422825197014,0.18526292135639322,3.1437112436279975,2.4552161995483064,14.670994629248591,0.048316883775928424,0.0,0,0.08
0.35561920288051135,-0.03985872631360353,0.008694735737293586,0.18994180420475948,-0.06175716574383028,0.15961872752138184,3.033189263678705,15.709850032489946,0.012990030540003385,0.0,0,0.08
0.3282985416199593,-0.007959835497784448,0.03314374779363566,0.16519853549727212,4.389718142115552,-0.22494463034891884,4.2698758452715015,14.844170111415137,0.07265324536450042,0.0,0,0.08
0.32043020626734997,-0.022081866223410917,0.0025475751090818883,0.2310505595149422,8.19229759417643,-0.40813734422927006,1.0195421668959932,12.279700444358909,0.009897487846977249,0.0,0,0.08
0.33476671224608695,-0.024507008731646,0.04383715428645781,0.13869866895162358,7.316288387976383,11.918463457639511,-3.9372710265802153,19.68357721064915,0.003538557328972067,0.0,0,0.08
0.3231251861041911,-0.0007990159520691706,0.014056037859306125,0.23147789144465677,1.5018060812543048,-6.9762626359665685,-0.4849313834358328,14.374593765065312,0.004054325099029461,0.0,0,0.08
0.3451335719421271,0.0021505000086159765,0.005715332763512059,0.16079321663171062,1.809167373296414,-3.495627123396825,4.241324182478781,14.564103874276196,0.018070657189173847,0.0,0,0.08
0.3154140442549362,-0.015525529679359527,0.015400601219990588,0.20214509637432926,3.681239269940817,3.5508071468700946,3.777851134308505,22.520041924900617,0.014556571913017945,0.0,0,0.08
0.3455502095074905,0.021230183143516882,0.037595116818736195,0.17839851169915602,8.13205016899673,-1.8590694081844386,2.3553797563801635,18.95382990181626,0.020721972801647188,0.0,0,0.08
0.27331749163785474,-0.018312645927169195,0.007791068386056973,0.2038432597652995,-1.8004182765825973,-7.309056400843914,1.1889590460235888,13.794187742237463,0.05677950143504052,0.0,0,0.08
0.3567148266909598,0.0037401544294944056,0.021536083637154264,0.19101584936572835,5.654846609370364,1.1165581252556116,3.8887701292440053,16.782333168895377,0.02460816127588172,0.0,0,0.08
0.34759174630731743,-0.001804857628806441,0.032037207630453826,0.19720571897261485,4.034141270508523,2.5357717031553957,-6.041474268843233,16.414155766143708,0.007683828333887579,0.0,0,0.08
0.27445144176321773,0.03209869003507804,0.03985045489748618,0.2027950550391809,-0.7042174661952196,5.962441577207744,-0.7592605230423325,14.5305355145907,0.03508185982998669,0.0,0,0.08
0.293879122320598,0.00937047205637672,0.05137236362143763,0.16256570580074373,3.8572822433066607,3.3323931639104396,3.249785328882912,13.879034838702808,0.006443087535232357,0.0,0,0.08
0.32693494612142493,-0.023235026003528225,0.06684478541422466,0.2809349332559823,1.4950074090016485,-3.681787430281706,0.21783250270865678,13.748110282298684,0.01712329960983934,0.0,0,0.08
0.3130496728469809,0.022883169435838298,0.0044543949974336396,0.15004753315905692,3.0066026627185582,6.667154468725664,2.3058463130008846,16.127075696095456,0.05727693985492616,0.0,0,0.08
0.28248215073468136,0.016084765893653496,0.01645403341382101,0.23302000878885026,-3.889029453931891,-13.710120623592369,-2.8471208736466984,16.429033740381655,0.112664525047271,0.0,0,0.08
0.29118916444508813,-0.04757523854517404,0.028148330094625983,0.19473408015363886,2.2365743267671703,-2.3859048851726374,2.155789569750112,15.440497469574916,0.011883911540968572,0.0,0,0.08
0.3090558588938895,-0.0016621061683321063,0.03561575484722362,0.20870954826635918,1.938538209413035,-2.194052008359651,-4.367744758397417,23.363165169310278,0.03757192483903335,0.0,0,0.08
0.36035721893046274,-0.0016298773191898458,0.02334217822699081,0.22370151334433214,-0.03211743776978926,4.889244707248618,-1.1191780331460301,11.629288792637512,0.03539626280581064,0.0,0,0.08
0.28738877065414764,0.010173010870948383,0.03863352134189086,0.11266471467828697,4.013736431387644,-8.744744787051363,-5.603153994479044,9.041458833774765,0.013798253395203965,0.0,0,0.08
0.29904601186612645,-0.014623684818280804,0.0018226918166899533,0.18311749186232837,1.1295910568827479,8.263646319050808,4.126772281957221,16.296127102995307,0.02067579449200563,0.0,0,0.08
0.36287419494608836,-0.013353693093864446,0.03428352391490025,0.13069643743324338,7.370837755776377,2.1454553449758085,-1.730967799776499,20.27164893115353,0.13336069835170433,0.0,0,0.08
0.3564945581898502,0.01832480925939864,0.026389869427273536,0.1760556640398129,5.279072277901951,10.261502346703884,-1.4712006197194876,18.727551654562824,0.02231808516660275,0.0,0,0.08
0.287950746962282,0.0020614608384817525,0.016342402272875468,0.13986792676098014,-5.224892861359587,-7.912003368171952,2.5584177016703245,18.594879320256958,0.03199773867696747,0.0,0,0.08
0.3259606729681836,-0.04886167243697908,0.00866029970675797,0.17544013788641494,2.9374387629159293,3.2062593770402845,-2.6906448643031173,15.752448851676473,0.06193881828685174,0.0,0,0.08
0.3140440426987061,-0.02139119811754644,0.012438784696896814,0.2043593778596974,-0.0773652435245209,0.04369792230251515,-0.317124242927064,15.342729301453515,0.01889996887134407,0.0,0,0.08
0.35423492102711546,0.005496269223949756,0.013498569257286423,0.24913317522265332,6.022235388024713,18.405012669519902,0.540274616433257,15.661088349859392,0.019699680538052638,0.0,0,0.08
0.2788379669751199,0.05789368260946667,0.018174578301614418,0.198683637759743,1.6391016083993648,9.653328560478828,-0.9482978521531538,15.119472530405861,0.013441862322606904,0.0,0,0.08
0.2916518456138625,0.012493467073978928,0.0026162654595186367,0.22446525896564207,4.393003254725464,1.989599725674367,1.087548675845301,19.933646034119686,0.009171998286599762,0.0,0,0.08
0.3105637153392382,-0.004892501660825505,0.015711903635534367,0.14958862245513624,-3.873050747848188,-0.21177550313208207,5.012551588330982,23.716977527273528,0.0050960162813448945,0.0,0,0.08
0.33608717555960266,0.02663270859935678,0.008719719888132032,0.20815858707176935,-3.9270713958943313,2.708632599200854,4.2859276320436654,14.037672428737686,0.04369581744061249,0.0,0,0.08
0.334657644472477,0.008089506457010816,0.0584283664341922,0.15533079560174393,2.690246975963536,17.07526470173402,3.2996498206604077,15.670388253447454,0.029498097201569255,0.0,0,0.08
0.31313542108227466,-0.02234910017788378,0.03606250435759961,0.17564605499723351,0.5644956605274676,4.192120256119889,-0.524045749768489,23.55290090109891,0.012011552153153632,0.0,0,0.08
0.314568081274225,0.003829122722998698,0.038125506189058404,0.08698319383441278,5.924863536293531,-14.463976169448847,4.0727646278305265,19.102780807264338,0.02706075960500747,0.0,0,0.08
0.2761280673450309,0.02191278676164826,0.01219147874822518,0.172240208297335,-2.5784706595063795,4.446595369600268,-0.9641133055565749,15.85654363504385,0.00562736940066521,0.0,0,0.08
0.30084072539444306,-0.0200945245529091,0.027437683809042067,0.1832144930385212,-0.3855996239192292,0.18008305569974714,-1.7959444145980095,15.220124350346463,0.01730269858624296,0.0,0,0.08
0.37093476139219694,-0.006563193699593842,0.013680962547995643,0.19116960404883998,-2.701120466385021,-4.046923046284632,-1.9615462094374783,23.422943317821915,0.016978420831130547,0.0,0,0.08
0.38740875696072324,0.03823190024008719,0.03784987829594255,0.17787150254908066,6.308649905763218,1.0679362776198242,5.195275149541054,10.093032981509646,0.003908795728488703,0.0,0,0.08
0.3352312383088486,0.010193324180000463,0.0365787063407522,0.15553227513192805,2.063177204229491,-3.254099841661882,-3.677465306045169,17.522102191272545,0.0119075994429611,0.0,0,0.08
0.37531880342647195,-0.02511633568484653,0.009372644949216191,0.19044738165118513,-1.7729710505751117,-5.552731488594347,1.7097041893279257,19.023397050409923,0.09968948443902963,0.0,0,0.08
0.3597660908336599,0.006859125349106118,0.005982827221770654,0.18175633207508626,-3.9338638084229984,3.6889858060661345,-2.028447156155151,9.260622653527086,0.025590789093332605,0.0,0,0.08
0.2201888019201813,0.007079015887539638,0.005854148235359096,0.22263854878927303,-1.8816663182501108,7.202942740642387,0.6222617548842994,9.55289087966326,0.0025873719498966156,0.0,0,0.08
0.35632277990572137,-0.015858950059721925,0.05312118670817108,0.12199934575329868,1.2360567660881139,-2.262079697920744,-2.4095398373939103,13.12680394639506,0.01364547761857632,0.0,0,0.08
0.2676759314472712,-0.0533525942921285,0.0702977538053505,0.16796258828119467,-0.08372944112713387,2.251140101653759,3.428491018668703,16.39695319369355,0.0008729305657862994,0.0,0,0.08
0.36136914062312797,-0.004508862548340003,0.01605707842440569,0.14212068937530606,4.8892219351309585,1.242577082054173,-2.852264965751868,15.695583658306465,0.012738725238897245,0.0,0,0.08
0.2536305716573852,-0.03132061232033225,0.015783814163609005,0.15413886082093942,5.3870844360329775,0.11399449355922603,-1.5637644205683887,18.164425255104472,0.03741560412725611,0.0,0,0.08
0.2921102593272424,0.010572696306691182,0.02149717760790929,0.13489636195164947,11.794347952696228,-8.421697266430861,2.847789522846927,17.509493359102045,0.01300692121252622,0.0,0,0.08
0.3491674814743157,-0.01426621800560423,0.03276811314830794,0.193076434569567,1.5943686811125442,-0.5880058007000396,2.429585954612625,21.84941861106272,0.031100324985619494,0.0,0,0.08
0.3405259427179188,-0.009258327589726542,0.03043249685462297,0.17326649463051236,2.9578679551217397,-8.225052268974034,4.784760624258045,15.957032132742384,0.007414460739802153,0.0,0,0.08
0.29187910343575685,0.004384083752671768,0.03024520650683975,0.193868960649678,0.6518945012744934,2.9774913974725687,4.448498599157721,18.466763048536453,0.0012745006516146963,0.0,0,0.08
0.31882049197919893,-0.030063101391992038,0.005674533507744957,0.24705693671376294,4.904143996917335,7.55331723445693,0.28404416841219016,13.17474512880446,0.03504180655356583,0.0,0,0.08
0.3337117322960641,0.010410249932565592,0.07167625374995033,0.17970977206137353,0.7531696301311421,3.9704196725816874,0.6845618668828662,20.70791010764126,0.03238708508613049,0.0,0,0.08
0.2609412918978534,-0.018372329170460652,0.012507830550635155,0.19854892230228458,-2.670003295522857,-0.8418973682829586,6.053419346379091,16.389281671943003,0.05339101547355404,0.0,0,0.08
0.29631494957559823,0.010051495487428742,0.011784258494125293,0.18678772631885135,3.927871308211569,-4.5551012770050265,-2.4638591522185775,19.30924056630788,0.005322768710494526,0.0,0,0.08
0.3369618032204093,-0.012156199600593155,0.013838687072683546,0.2583873592782353,3.2529667747744653,-6.257569570852426,1.1071561457699042,14.659502749307897,0.057901926230857714,0.0,0,0.08
0.28265219870241565,0.0198012246143272,0.008071639664897911,0.1658962761174237,4.803889290815863,6.440041061181272,2.4440533118822074,14.910770987892114,0.028998249694394112,0.0,0,0.08
0.34534262105686525,-0.02248331969523868,0.04149605823060752,0.15362018252646287,2.681938722787656,-2.490548020351972,2.11544597681453,16.82361008969623,0.025921589937721687,0.0,0,0.08
0.2892894440162113,-0.001717278015955237,0.017772290977241326,0.09856389719580895,-0.17119588686786047,-11.594232524974851,-0.9893947711375195,9.0444141959575,0.03297004281981233,0.0,0,0.08
0.31001618087886634,0.006059246149974622,0.027170593918665067,0.2005408547701894,9.688898241077812,2.4552754716392804,-1.277773797952698,11.001764883630942,0.061331333413744055,0.0,0,0.08
0.3178259852416593,0.01599774579411967,0.028263358538956288,0.15366105618954976,2.6956940479006097,-5.090266823292829,0.05228685887430537,17.158022358734193,0.04683239044680647,0.0,0,0.08
0.27070804076897104,0.009630152619826108,0.04103494685690416,0.23193337959101668,-2.349912672449472,-8.315559995821479,-0.019002421395767886,8.435932637499015,0.010215474179034753,0.0,0,0.08
0.2988768821001847,-0.001446949503013427,0.01950867438105089,0.21772773213911176,3.7837911085012133,-3.641780675235813,4.005338003412293,11.246100548571295,0.011125897835965022,0.0,0,0.08
0.31928666940301453,0.01086679193998096,0.008398790894379218,0.272066994082031,-1.052425413781903,6.0295817644072995,-1.1784030506434258,12.196773338901513,0.0418054269523779,0.0,0,0.08
0.3568679533196521,0.058904925798702,0.02851882513547266,0.19811497307179565,0.9351481983740335,5.555796779113379,-3.891492889097165,24.28917089840153,0.012410807695308652,0.0,0,0.08
0.33448243132341815,0.023526881123429093,0.003819721794166587,0.10210640509352306,1.642656538115816,6.672281052619239,-1.6545471903089415,10.725771953016952,0.041321852164537896,0.0,0,0.08
0.2834402070334582,-0.015452737793062006,0.001089934581802969,0.18775194855068367,6.108281202576556,-1.293407660513699,0.8045008494659213,16.956589373548073,0.02873624018301193,0.0,0,0.08
0.3296834860558081,0.015384305544580992,0.014488048565123542,0.16670909194999647,-0.4502036094162474,-2.7704702480767627,-3.912009533509914,19.942518008611106,0.021625579115912532,0.0,0,0.08
0.2996609548897553,-0.012725136699720729,0.007473039079773688,0.23180594176781372,3.619765415261372,-5.0319458251235085,-2.042726487407084,18.38697654738951,0.023663063306759238,0.0,0,0.08
0.35905021497194256,0.008820716697015257,0.012929186828417554,0.2530658831724775,3.6697881376431996,7.01233676538742,-0.735922458563407,18.179691938296425,0.014399679487636341,0.0,0,0.08
0.3384910115283361,0.005489366712731298,0.014289032705755047,0.20025546988931578,4.682748682904931,-14.135513549593934,-3.9428552934243606,14.933820730758425,0.007419878928092283,0.0,0,0.08
0.32467702040650104,0.009437398957533516,0.015177485523607087,0.15086682926313036,5.072776512423392,-5.522932726437469,2.5501091855687097,16.72748633348176,0.008972695068138109,0.0,0,0.08
0.2905704173086586,-0.006600137372497726,0.01896459237197154,0.1818774519366091,2.588034346214222,-3.370407984363866,-3.0024275821280813,18.144472001120644,0.036728525142138806,0.0,0,0.08
0.2593936914588084,0.019417717781763162,0.009431279365504258,0.20679537960862965,0.7943140430203279,-2.5783163345949967,0.9870856374823995,22.888855593066204,0.00263427704802173,0.0,0,0.08
0.25523154464306064,0.01732042129969205,0.05730802537669631,0.1655565134645252,-5.67453636344295,-9.548988924164053,0.3131063456082544,14.13087389738409,0.015596057598053954,0.0,0,0.08
0.2867386291098218,-0.0006003146409580434,0.015992267502754984,0.1599529145218786,2.476306272898436,-14.152072852082044,-3.994812955835986,13.373989657890865,0.04989564526911149,0.0,0,0.08
0.2540065554170957,0.009047889665807395,0.015539430246518927,0.17384408904057458,1.7967995262675425,-3.2614928612808596,-1.5963881321932636,19.246827189803877,0.023116624598288185,0.0,0,0.08
0.33593174492219996,0.008932810033107717,0.002087455289105515,0.16907471425122989,5.766613563762021,12.886708963443077,-2.0915049444487055,11.276246927981235,0.0029366206423669596,0.0,0,0.08
0.3036184024920724,0.013214476489179755,0.021483310790222337,0.15412654783329505,8.471844571819549,-7.185582826676239,-4.73775893229749,14.592690506382521,0.01131662207201276,0.0,0,0.08
0.3066890572212442,-0.02804036991295753,0.018618393435535438,0.15989653944377258,1.9324680803395247,-6.351336254065734,1.5365133578615726,10.16822019706484,0.025490918837374033,0.0,0,0.08
0.30514405703926806,-0.008366388398829196,0.009865797839876159,0.2107003632726919,6.675541674268243,5.917214585169155,0.9266888798078909,17.359772133508017,0.026961783005968003,0.0,0,0.08
0.29783489900337734,-0.03234979558483147,0.03423688306505105,0.22228236045426308,3.0255982369753545,-1.8932403773781503,2.687991631240903,16.511739745641552,0.016352892314436585,0.0,0,0.08
0.3137037266850743,-0.008870488296008007,0.01339895148812503,0.2098342607239431,-3.1199250945031825,-1.3271532877153913,-2.8602729024675093,17.58167169171668,0.07240142712822424,0.0,0,0.08
0.2806175278535454,-0.008489686330683251,0.02990587734644711,0.2020849833891937,-3.1404859942584906,-7.003105523085969,0.27782400367948357,15.004684493217688,0.01714141688566253,0.0,0,0.08
0.3073418168095417,-0.03977938135491685,0.024941623319427664,0.2061347353518354,2.6844056077307106,-13.083280934948952,3.5196872738804936,16.003064551842172,0.03275931996255952,0.0,0,0.08
0.2639982373324381,-0.0042042388379299475,0.015762107347089754,0.15101870923863003,0.5741463447878277,-2.574459905822558,2.283513039220996,18.351567107724094,0.003989545689666463,0.0,0,0.08
0.34476001070023904,0.025011144930207993,0.02755125919901771,0.12019209650787377,0.3844043565423445,5.134411511857143,-1.1843347702610472,15.604652371698112,0.014209439593257003,0.0,0,0.08
0.30749767795760313,-0.010717134531387949,0.016985994820876687,0.16109230889105713,0.28340202533358383,-3.8300314131593254,-4.686969484800082,16.96347485185286,0.02032512905003863,0.0,0,0.08
0.3085367120649815,-0.006680406684752095,0.008170901825702064,0.16434800440406488,13.704629354073171,-7.239489172244869,0.25870462589158916,13.605014622510023,0.07008099046207329,0.0,0,0.08
0.3251616703519641,0.013693150820060942,0.0005877235788155198,0.14813549721488084,9.623152937450675,0.6559618977746975,-0.3205761023673247,20.043174940984382,0.05300792159782311,0.0,0,0.08
0.2995940803622617,0.007749335855268426,0.06223349709916544,0.2467523232520282,3.696998211900043,-0.5833293524284999,2.048116943240695,16.391246209654497,0.00014309069369147694,0.0,0,0.08
0.3268228380401672,-0.002987884272048493,0.007414836766191226,0.19716158270270195,-2.241263960124167,-9.66178893306696,0.8759196002003552,16.09390335823685,0.02466615377840201,0.0,0,0.08
0.306916976155372,0.02674844083145446,0.011591967032795865,0.21417751004562224,1.5497578834152859,6.315302967590038,1.240038866064608,14.85259860810098,0.014867453844492024,0.0,0,0.08
0.35836934583710645,0.006998639894888842,0.03226326760865992,0.12535153636391094,2.884978815955068,-6.905826973042424,2.3060464106601595,18.7619235822157,0.014598983757887802,0.0,0,0.08
0.3295399285598561,-0.013934095345975608,0.013754773698012457,0.16533464485324267,-0.5412214784866585,0.8204790158907787,-0.9719425521017315,17.757821521231907,0.11390422252328067,0.0,0,0.08
0.306599356176781,0.002631032803549914,0.015516767094457566,0.1165901595708057,3.4259084186779685,3.885635895402423,1.4806118826113006,19.63554470804764,0.027950989497595516,0.0,0,0.08
0.33062652158777484,-0.03154459272264244,0.005007507602855846,0.08158256711615178,1.4392882806986242,7.0336497576484085,-0.2797819966252939,14.58246124992256,0.022164861268928998,0.0,0,0.08
0.2894985689043961,0.022173488399114483,0.04915633623730595,0.12454042317235026,-0.0953726812535809,-1.1039319606177853,1.5166166307096243,12.471953718902627,0.059082533330525815,0.0,0,0.08
0.2913521786448795,-0.02666434107901992,0.03490636363582681,0.21468627556400743,-8.543355878052823,-5.336221597349111,1.5064173879033131,16.556802840453532,0.0064760700188579235,0.0,0,0.08
0.303614203517309,-0.0004929813868732718,0.024091466069913154,0.2198121160211689,9.926405610605402,10.465258935552367,2.097242660232533,10.137217198383825,0.02016796811205536,0.0,0,0.08
0.30445374468416225,0.003875036653517504,0.006689722273912855,0.24016851602740918,1.641018655939544,7.572542976155073,-0.09654169538704527,16.909843572904812,0.028724035928158885,0.0,0,0.08
0.29715564007021583,0.011510174555133684,0.003683511324521345,0.18880516749951104,1.5723740396370283,5.218954088376078,-2.1234324029900447,14.4855233022202,0.02725491288216026,0.0,0,0.08
0.30192876724335754,0.016239677052680333,0.05830730549224755,0.20477397181738793,9.26778330082347,1.938249742724277,0.4738880932588827,14.137503455133631,0.032224152162821214,0.0,0,0.08
0.3316921097240673,0.020167089873880266,0.016016744772617626,0.17651406430658298,-1.5818332548776053,2.1193384052811313,1.1085393489492723,17.09407280553736,0.012846486650874782,0.0,0,0.08
0.2489693239634691,-0.0067021509065605545,0.03261796183373458,0.21901342939555038,-1.8450819966018996,0.8121599165533018,-0.2460919089274744,18.601772465274202,0.01819118850805983,0.0,0,0.08
0.3107343900955573,0.003986523922103186,0.002433282628675067,0.13937970244746717,1.4853900599785446,-2.1736379009556823,-2.568290989863604,15.344137382252224,0.009734690341134111,0.0,0,0.08
0.3166814818780289,-0.009483233709966444,0.052119056376018554,0.20907482094979743,9.028285366124663,4.647496894934715,-3.372830110572481,10.601844308437272,0.03475921092252359,0.0,0,0.08
0.32926834770013097,-0.009696798483377298,0.01012792008648621,0.13599430334915857,4.356620844875458,3.344736002836048,-3.9654813352433775,15.475128096114522,0.04178304779741309,0.0,0,0.08
0.29202091634128824,-0.00951967048650446,0.029432323044294748,0.17272559736839352,-1.8750989536360354,10.7381939375783,-4.051988283496881,21.425975884274976,0.00874253265824544,0.0,0,0.08
0.362683047690806,-0.0075480237010253975,0.00551916591198468,0.18892081211848652,-0.9077543902881104,-3.650389878586803,-8.398346482309456,16.319787156873282,0.030951525211500838,0.0,0,0.08
0.2663631578426583,0.004860932593072984,0.0201653539676166,0.186185941729465,7.292907791099649,4.411448665737737,0.6182609535150003,18.100228642233265,0.10759501802713417,0.0,0,0.08
0.27046600743673077,0.01812277836182756,0.032189715869233304,0.09467523129127556,2.159732186225013,-1.8568264481966388,0.05810198246194005,18.039556954146473,0.08433395395933391,0.0,0,0.08
0.29082804001503954,-0.00820547024761633,0.04222836383201047,0.21976011153475386,8.425041522906692,-6.842674720620317,-1.3142185703439218,10.462341821937004,0.0011587300667404632,0.0,0,0.08
0.3252628999314791,-0.016467390452270792,0.01723718960903829,0.1314903754050078,4.576274171979827,14.564240306278105,3.2372573140415586,16.164297579074155,0.007041004363888363,0.0,0,0.08
0.30220939409676795,0.018746919561914002,0.0037178330454762515,0.08,2.421756904725483,3.4819150635573024,-0.9703108594282099,20.80943887375756,0.023454507041096584,0.0,0,0.08
0.2912467773791904,-0.005907639693784036,0.02446709271908141,0.20883956613723678,3.695806672252835,-0.5313003092580643,4.436134704100418,18.520905305914713,0.020136868530091508,0.0,0,0.08
0.3349627605512184,0.0036355324958951304,0.04919310842132346,0.11891516818656976,-4.386606641003074,4.441801972569162,2.6411262691637307,18.170017461152632,0.006731022262464908,0.0,0,0.08
0.27186147252657694,0.020695216142093815,0.060134450850614904,0.15500909668889537,-0.34480887442913266,1.664987834603195,3.345751479845341,14.97101676988751,0.003749486863125992,0.0,0,0.08
0.3337205863007752,-0.005639289768584125,0.018264665495527948,0.1448600483612198,1.868893192169213,-4.5858973813669435,1.5927989590481304,13.321551048227464,0.006506634309452667,0.0,0,0.08
0.2529212129070567,0.02331233298222321,0.013848033770945917,0.15640963037331457,-6.693404319582756,4.36038327429209,-5.922023406796925,11.996232502908658,0.02982472739281132,0.0,0,0.08
0.3258231595557999,-0.007138537075897039,0.006018180162158217,0.14453339861262499,0.5111259614128307,-4.133788535120992,-1.027663556248107,18.34054712815448,0.05260580614286191,0.0,0,0.08
0.367790362171634,0.02455159010134247,0.0023529776933985773,0.16985161059734405,10.17729520949919,-5.847196224568398,3.2514619254937744,15.902360872154967,0.018140202061578282,0.0,0,0.08
0.3089065803922589,0.01069015096413424,0.01610582292221343,0.21417477281397684,-0.8005318117996363,1.933445285294451,-4.354554355285118,19.62812244852733,0.003195127816140847,0.0,0,0.08
0.2807470343263918,0.029402055634373925,0.0032235960330687778,0.1624590197758007,10.20601388369559,3.7497221883849394,0.7539937813754791,16.02982375458437,0.002555209410132072,0.0,0,0.08
0.3094095773701519,-0.021361276951256784,0.01468579139048839,0.19669317206641757,7.3626649224135665,0.8603384781627516,2.3444238565837727,18.916061729090327,0.017916388294911278,0.0,0,0.08
0.28022022953645254,-0.010976100455543368,0.021313412155197765,0.20793700537537488,3.840790724920164,0.04190949753563214,-1.908595323606386,17.403983914424803,0.018147344584334566,0.0,0,0.08
0.34088700771468256,-0.00742128057801705,0.015308357313677027,0.22833098962608556,0.09870632927124445,-4.816330297349499,5.8277315364918945,14.420186691215298,0.0059885282562801906,0.0,0,0.08
0.34706451308509206,0.012742380808224553,0.05933959717750816,0.19055553977400086,-3.818458994308644,0.6650182721533343,-4.279391734271235,17.254169249189225,0.019318118948359487,0.0,0,0.08
0.2544523949712824,0.016370974328799966,0.01591400673576552,0.23083382484302192,3.31050486931366,5.232541173202702,-0.4987262169624914,25.37870042865001,0.024926767735695226,0.0,0,0.08
0.2603646881526176,0.009656974914962172,0.03344070421203415,0.19398991260991927,-7.882653131517603,6.318728715142817,-1.4834939214449325,11.338883804606382,0.03749424674980083,0.0,0,0.08
0.32313856788939266,-3.0290058960921086e-05,0.014824233208750018,0.20439636490618576,1.4220486342222824,0.2014058884140365,3.2681395084638227,15.601431872924907,0.007631359573770368,0.0,0,0.08
0.29201051465647204,0.008614798679637017,0.019927189277840707,0.21168549596581876,3.0088520134514534,-5.437308757156168,3.919662203203502,10.055423010599121,0.10324137360509088,0.0,0,0.08
0.2720436389200541,0.03771577032971054,0.002168883584483181,0.18741586625871046,4.527601356631251,-5.426403013985217,-2.447363175505717,18.2736170278951,0.042472033820690334,0.0,0,0.08
0.2809596110623216,0.02295605583519505,0.009636902662336104,0.17198984692748898,9.955538555019412,-3.5360193875110824,0.70266124079868,16.858469262761627,0.0533181633009858,0.0,0,0.08
0.2970363687061174,0.0488184793091307,0.0059830987311689215,0.1453916378459101,-1.07302128156708,-3.1078037952990583,-5.357223845838789,12.487871009702483,0.04641937848176691,0.0,0,0.08
0.3335792229659638,0.011776639030838953,0.014967526632580929,0.2098823531129649,-3.284836927424516,18.579533376855295,0.08569728833275837,16.496963077014573,0.014633920792226935,0.0,0,0.08
0.31390388314294126,-0.03008297061895958,0.009920322831575137,0.175179957671067,-3.549146053723465,6.340382584654067,4.308268038546048,19.143856004996803,0.02301841937116291,0.0,0,0.08
0.31345456943321426,-0.02623473384490249,0.009316608216386035,0.1952134660126353,8.140486959250609,7.8611691363258025,2.593754375255313,8.430623463199147,0.02259826718964832,0.0,0,0.08
0.25809333621563546,-0.015535478183741208,0.011086555282913631,0.2850122232107565,1.3249122422483617,7.762518935195762,-4.707297074079674,14.144686448982956,0.07621622964669408,0.0,0,0.08
0.2827553815417699,-0.008444013696094887,0.017205949390243003,0.2542047429214138,3.5129051417260406,2.87706337764782,1.6189643230352115,18.144192320679895,0.036816572562222524,0.0,0,0.08
0.3447041184674042,0.022524763768727675,0.012641986442434843,0.1610590647378321,1.2734194443750662,8.047980417298081,0.27726344201770886,16.473488779933113,0.012549689414133244,0.0,0,0.08
0.28512569543669786,0.0004333082340712704,0.012839908223758635,0.16405192870067242,2.3094971310433343,7.105796586940352,0.7701575183872216,13.683226870289003,0.023080563585957514,0.0,0,0.08
0.3264257959130686,0.014511803509646431,0.03738391794882528,0.13673395614943756,-4.009061009361124,0.9425919038629809,0.2060421289516151,14.096314812703598,0.013700208582055454,0.0,0,0.08
0.29545133365367154,-0.03272603570198919,0.067784326946327,0.20584181373714927,-2.432698785938986,4.0949352555638185,0.8693534359746655,24.165624467390135,0.0026806336368525555,0.0,0,0.08
0.28767269899133285,-0.016515381909363164,0.04625620317979846,0.0856614343117014,7.1154950588015,0.3323814707000049,1.3051451149213331,13.10058872388112,0.0352368856099788,0.0,0,0.08
0.34009939938444705,0.02531045842837081,0.019668266318072565,0.14876780193684025,0.04690510121324798,-12.316694599023151,-2.1747580286748054,14.03876395379055,0.0601618772859053,0.0,0,0.08
0.31395250329241875,0.007249017372512212,0.02270995374882391,0.1411019744925198,3.8642669931144153,5.455724380162163,2.8157132011798174,18.64933457644737,0.006101586260355239,0.0,0,0.08
0.2647750325019475,0.019837074010157156,0.02444641117087491,0.18172097940060505,6.2698714042827435,-2.087937297573499,-6.7576005443509475,15.33786882694378,0.054997264614086834,0.0,0,0.08
0.30325239307193436,-0.012549223329514034,0.02259905862588245,0.16280668707408585,0.053657321197386976,8.280739737512398,1.6780662291463082,18.894311213299797,0.032901323327193865,0.0,0,0.08
0.2626196451378922,0.004083077439920543,0.01046662551597828,0.19491176634116822,2.670725333796959,2.7259885989133723,-3.0565274081239555,17.26005762833379,0.0036609379177085853,0.0,0,0.08
0.292448104858102,0.023476840407334054,0.008873854300130093,0.17793674971137688,-1.0875615007438184,-5.310171793576792,0.31522791362488495,10.732269500837035,0.032167469889850996,0.0,0,0.08
0.28760309943190265,0.008364301565323942,0.0227269997831611,0.09846213900471308,-2.2252325219030125,0.9832284104187343,0.9889005984233745,12.808761993159754,0.009842595278610852,0.0,0,0.08
0.29128479253938216,-0.0055391818845433125,0.03102125160989983,0.16355306417786733,1.8930147953082994,-3.947390931448445,3.1219273283990034,17.215864445979943,0.02726474934625113,0.0,0,0.08
0.22539493533277927,0.016681109036987378,0.041279998411199816,0.18249726813309772,3.3581151496168653,19.11944947086633,4.033301724249013,18.453959202495213,0.004030270525701238,0.0,0,0.08
0.33466332541848437,0.0028093395146971353,0.005706099019973923,0.14563690734538973,2.1099505334432513,4.502819171610569,-0.15915597577531831,14.631891064896639,0.007469254921942525,0.0,0,0.08
0.31781968464115606,0.026350816380348,0.029144476953764462,0.21014404436639256,-6.0957264439317775,-9.320736801979592,3.014487448449711,10.731522883434959,0.004304587091586502,0.0,0,0.08
0.32048949271442423,0.004020670074331413,0.07215413181692273,0.23760440480276696,3.409691657537258,-3.966131289256274,2.3977393725517357,17.980084765588828,0.0029868374938177133,0.0,0,0.08
0.2852263862423648,0.01518884347645166,0.016349969107824984,0.1228269411610374,7.145008345819435,0.7270929114040698,-0.6079597884664482,17.507961018094115,0.033965470521160834,0.0,0,0.08
0.331535386869888,0.02701987811455032,0.03737959132176193,0.1704910650661155,0.10757034655791076,-10.420360906586636,1.0154193159363343,16.521103113838194,0.01063191590230351,0.0,0,0.08
0.3907094502186608,-0.011387223841817364,0.017135644708646054,0.15100343384938011,4.8278200396821696,-8.28211761247911,1.8753316387468422,22.234899008103003,0.0368699841253966,0.0,0,0.08
0.36129124086026554,0.024197879200382088,0.021262462630214325,0.1397777611526501,0.5319103254734934,-18.495373050859424,1.2042889781023862,13.746447961120765,0.034372601855428425,0.0,0,0.08
0.27749210365982385,0.020767720743192657,0.053948824890082805,0.15901324877738543,5.0447694908060345,-9.03649746241241,-1.2532653747624491,9.801301191819862,0.049032795093653256,0.0,0,0.08
0.31152741086606417,0.003408019881240214,0.0017754357772070053,0.20398314511255014,-1.442029306021242,-3.6280851007644657,-6.261207737128549,14.970568868683406,0.005297002519976787,0.0,0,0.08
0.3131362673664765,-0.0028937152148468637,0.04763113786132819,0.1822083203596933,-1.719391793570603,-17.810210581415113,4.04863894150123,18.52078405916893,0.032798059638098676,0.0,0,0.08
0.28886919027337354,0.004097146004353815,0.004933817281437424,0.1171905338367262,6.929135318043325,0.2334949681039818,-1.4684009860259724,16.584510225935084,0.06625463481888492,0.0,0,0.08
0.3510024021008319,0.006262860462670643,0.007784552265571427,0.21635053912497434,5.182748080489547,4.196700543639251,3.4762645035296096,14.401799249973331,0.06246518639960956,0.0,0,0.08
0.31207010502211185,-0.01635163173555382,0.00809907350773065,0.19447631345443953,-2.889451228017016,-11.06251775275578,-2.4571579293564176,21.033684548230617,0.0006738079029927971,0.0,0,0.08
0.3279578527433318,0.014771320784041229,0.007502161206673805,0.19769208624541362,-5.156180616985289,-4.48805691960321,-5.354815598616314,20.07148746477973,0.02220409730185654,0.0,0,0.08
0.2938850721283504,-0.029676117100666467,0.05214032763885168,0.1194688212336891,-3.218195598336438,7.7095007092505,-1.4216486093571572,16.077236953279023,0.05735053530695178,0.0,0,0.08
0.321331352803415,0.03506750397448631,0.04843837782554302,0.26219239274554595,6.596058784209599,1.0181105451465076,0.6011843546290542,21.05697600540933,0.014264637523362893,0.0,0,0.08
0.3238368478449639,-0.0103086972936277,0.0392991227760593,0.2513245807997002,2.2976266877045894,14.831602634591146,-0.09402345800916741,15.24917667382432,0.011248318659470563,0.0,0,0.08
0.2993862780657306,0.0017067955158978768,0.04710100323766293,0.1521482568379042,5.461084629178184,4.177138294957474,4.414201044499566,19.176363052774438,0.03101417406578918,0.0,0,0.08
0.3690535386808087,-0.013772998172735345,0.06348541234722295,0.20863641664515237,5.64700049588906,-5.770574524639211,1.303620291762871,13.600558999807731,0.017976170891426963,0.0,0,0.08
0.32564785481057523,0.02304427326137337,0.0030987671499709663,0.13293207256916373,4.516341636056001,-3.736383486022487,-3.1539870540698365,18.79882580371651,0.016859280467296782,0.0,0,0.08
0.3383965408427042,0.016418170423382145,0.03092420895193096,0.16186586199597647,11.248176225438124,-4.221818664655378,2.2266298872795014,17.96732291728916,0.048335189648971,0.0,0,0.08
0.31815821772821623,-0.0010383671755212185,0.06748865352023078,0.22085832416061507,5.289369194750206,4.1903947279764076,3.350938282920386,15.675902116560625,0.00793743417205776,0.0,0,0.08
0.2880442237042581,-0.024848393476648238,0.015049365324220677,0.08489720680291589,4.800887645129157,13.321931148029293,1.818711580488866,15.289766152130202,0.00520303487973635,0.0,0,0.08
0.2973704239596047,0.0018008316773391664,0.024131371710602544,0.20873326172776985,1.5952094907298724,11.404990890394469,1.0225937977446642,14.740330619858632,0.005257763826917783,0.0,0,0.08
0.28699391424646264,-0.03569887938383715,0.0073941672712589755,0.17451153187823198,4.253639803288529,-0.9774731602574116,-1.901365937333401,14.557435992331252,0.03329642248144068,0.0,0,0.08
0.37923064683206353,-0.014873998338103668,0.014863239477593805,0.15250582262566825,6.392943214093706,-14.22531223983863,-1.5931775111360271,18.864098077119866,0.03639665505564026,0.0,0,0.08
0.33719029706191456,0.004212708904301168,0.007686117984543684,0.23933035539426362,-8.422307022754131,0.666404839173796,-5.207201810842882,24.546260048654197,0.02300421999836793,0.0,0,0.08
0.2859074625784282,-0.018441060943548537,0.04127560536144627,0.19151678484984,0.9312337373788473,-1.7224932186900552,-3.125660797432105,16.294035668235228,0.040789562003960354,0.0,0,0.08
0.3186304613102717,0.03350259879380452,0.015196661286898717,0.2261267879381938,0.7732471379179999,1.3778583334067807,-3.9548288760898256,17.74620040337545,0.05076304526674352,0.0,0,0.08
0.27376675532726813,0.032697257023206944,0.036905140155885384,0.17405081648730425,3.9224448609943776,9.125107392382677,0.3048231560700323,16.50410815692729,0.018266154897590193,0.0,0,0.08
0.30911477204142784,0.029268713085219892,0.016011192522933516,0.23937736153760913,-0.7053588630541818,-0.9077942386182445,0.770055692674436,12.537959187024546,0.037852829661706666,0.0,0,0.08
0.34841056062511405,0.03082914389664507,0.007981518695325221,0.20873961189268517,3.163653606369327,3.9992551918957844,2.0213065030087796,12.75299997700471,0.01740503090238473,0.0,0,0.08
0.31388339927642334,-0.004850328990520439,0.0005030622531783047,0.13381452204461086,-1.5224258391265972,4.585125696813385,5.917574319140716,20.838516693169016,0.016373855778417733,0.0,0,0.08
0.2925319881247367,-0.00923951195942568,0.025166651724891954,0.19857054972943172,4.271978158096967,7.057354240551175,-3.853115926527596,16.070095689314105,0.0009282645012677361,0.0,0,0.08
0.30859751638291893,-0.015994857762210636,0.007086858071626734,0.1529624934078469,7.290193851326643,-5.156629120771866,4.250502246416408,21.6834531049424,0.11676027311336402,0.0,0,0.08
0.31277144376996907,-0.007993929816719815,0.0027594112710990146,0.1929452989005191,-10.782496353960147,-1.5699815053846549,-2.0107000866403104,23.393376649100496,0.012190712720004979,0.0,0,0.08
0.3085882437767684,-0.04263613568504307,0.023309502211282064,0.16405631844344964,3.579687068832105,-9.118607296860237,-1.248435649535183,17.58746010592606,0.04095705276590821,0.0,0,0.08
0.2840028833672351,0.006980245372561587,0.07970342795318801,0.15480455049709138,3.3916643124835337,10.683831596866249,5.488687788963718,13.986319211849223,0.026264997690791436,0.0,0,0.08
0.3566006409716768,0.0007959890823203232,0.009210879597339279,0.1871486049734381,1.3047405981225162,5.975729569358435,2.208682335495381,12.559138984995478,0.07819914959405463,0.0,0,0.08
0.3144417224167244,-0.012863008202453105,0.02612259208695472,0.16738887250191425,2.926075088185846,7.890288357145209,-1.7088902296391326,17.409299435765064,0.0377901176106038,0.0,0,0.08
0.322809510515863,-0.013091298831914608,0.01566074944195458,0.1283417774205214,-2.682650120800756,3.571939727355985,-4.217579057596397,14.957366293397643,0.005317285985804896,0.0,0,0.08
0.3157277119526532,0.002142906594751366,0.016991594611517676,0.27922603670048574,0.012147468317994736,-0.5097995813288845,-3.996377295829942,13.166516192686498,0.018507372816967106,0.0,0,0.08
0.2726991321796033,-0.02106938068146554,0.01459417252471242,0.16334738970623888,1.466736773927575,-1.9143775187082004,-2.7439612059771896,12.892129721894324,0.01821495369210139,0.0,0,0.08
0.29971017323193305,-0.015450172127843203,0.022598317941990444,0.22470529766415828,4.007408197439563,6.521180938331016,-5.149492731431598,14.17359310479148,0.000942690802555898,0.0,0,0.08
0.34673916193645526,-0.007669560378477735,0.030574266548168378,0.23175270763258904,-1.1019305947376536,0.7492056611728738,-2.3476238589793352,14.901167345794487,0.008617152079705839,0.0,0,0.08
0.3185882001033233,-0.016894748175823524,0.011768249695579493,0.24026114545249067,-0.9036723439751144,12.901864759987266,-3.0141145821203876,19.792419831647543,0.09466259605328439,0.0,0,0.08
0.28387230190389967,-0.014895123135687773,0.015751338465332734,0.14041362849954925,-1.6665547734541883,-0.6681264143130675,-0.6304668125726238,12.674385882755718,0.017571710998843217,0.0,0,0.08
0.29699464536389397,0.011193231406487375,0.009475206010938864,0.19379099890369178,-0.48009179630684606,-3.5321501968156443,-1.5413992581241047,20.804623831871055,0.01351909829502777,0.0,0,0.08
0.30952936099729184,-0.005422193852935889,0.0038142877235583937,0.20747101956190658,5.677633715014588,-0.4703201983763574,0.6916247605521879,8.436304009277553,0.015706445557118653,0.0,0,0.08
0.28788214970824116,0.04555377852061862,0.05112520462197235,0.14849794237485173,0.12016850730739415,-1.4158805932016771,-1.4698320629218875,7.074907979692787,0.0012979104999039563,0.0,0,0.08
0.3263096238484182,0.032037975831799625,0.011800522103551328,0.21604447124248685,-0.44707144877087757,12.86066891126189,-0.7697845073685705,16.514472995009946,0.01968342687803081,0.0,0,0.08
0.33081093865039435,0.014488563524708245,0.05908030478339816,0.1976912655332124,-1.461197100539405,-14.351891337336841,1.0408808906534435,15.466251125915282,0.06838073778171536,0.0,0,0.08
0.332918360911464,-0.0008983907630886627,0.008645377775548961,0.2089110709573109,2.754449367900047,-1.0899655631148284,-0.7421788198423073,20.085185941756833,0.011704074344322489,0.0,0,0.08
0.36820469895505187,0.014845770151566073,0.050393252141933915,0.22232544450269687,0.749690298421237,0.6602089435970955,4.9051430118583745,12.350287301352534,0.04555604366518037,0.0,0,0.08
0.29647646520719606,0.04172528201616163,0.0029895321677208793,0.11647091605168719,-1.4753259515588413,8.951658354969844,-5.631117463890927,10.377393846358551,0.04573106356556587,0.0,0,0.08
0.30444202255208924,-0.012164782961290786,0.02171059357802648,0.101796555443274,-1.6704639564253285,8.521626511604774,0.5612068139297995,14.8711725831253,0.011944002783146068,0.0,0,0.08
0.31413275215522113,-0.008827550065892583,0.022191337262561242,0.1268659283394853,2.6624605003868886,8.244814944900657,-0.8430695918281632,11.899809045101549,0.037374046886347385,0.0,0,0.08
0.3055603375743144,0.03419526503329147,0.04345765518880902,0.20862436271892362,0.42705436334861835,0.20374131099100956,-1.0843025890509368,18.68259585947398,0.025917036412883687,0.0,0,0.08
0.3376910031170719,0.011025118446694198,0.0035129859060387234,0.16517208339135273,4.4496466116615,3.3048770111010293,-0.6058382062590564,11.624910205443385,0.028277289249138866,0.0,0,0.08
0.32654309614526633,0.014516422960775946,0.02736166214834226,0.16140307942541116,1.277386471817116,-10.475814194849892,-0.5467254725356165,18.40952781956134,0.01630704458035651,0.0,0,0.08
0.32461939489159947,0.01585480352611544,0.06675608333204347,0.25462909423873825,0.7098051590935139,5.046489231638494,3.68618416568676,19.55972940389554,0.017291163013176663,0.0,0,0.08
0.32375801361632894,0.01816445048183458,0.0279091043299723,0.1951844022565792,-1.3447484581532998,-1.0884362083031398,2.8434623292374,11.159437669394341,0.006514830264303735,0.0,0,0.08
0.35524248550432064,0.010228305100437594,0.040661691918462646,0.1166268968860641,7.69713365709543,0.9520999417123733,-1.1882518982378063,14.677035889051737,0.06394589936582847,0.0,0,0.08
0.30417759603000716,0.025569704149033444,0.00484775043193703,0.1826988010102889,3.7200540952454197,-2.081840718630704,-2.632067205464681,21.901024324196555,0.0005474911883642488,0.0,0,0.08
0.3142986001564608,-0.015135607340417344,0.06867015205067002,0.13361857798198046,0.8799030683129219,-5.185032475043789,0.037963392445963466,16.095120086853623,0.011204118492657827,0.0,0,0.08
0.3342953818335828,-0.002968588021283713,0.02981047051679649,0.20286122787602967,7.551383881383893,-6.716345278475458,-1.4195493189213408,22.17154580104849,0.02230523440816235,0.0,0,0.08
0.31404818590489747,-0.05234226234862421,0.05422248803416117,0.19314252460750062,1.0960738186237509,-7.730108515224249,-3.21152440390626,12.727210072503585,0.001221598987561152,0.0,0,0.08
0.28196173262229307,0.02392300443052253,0.036918052135046966,0.13136248728096395,1.0167234931557698,-4.103161220078619,-5.476536326954129,19.69965196707878,0.039641871150299504,0.0,0,0.08
0.3267015392990026,0.012257681435263675,0.006457323634677989,0.15403694665733442,-1.7246610431078397,2.8637760528565392,0.6525404878163564,13.23726671934098,0.04984969251589076,0.0,0,0.08
0.29160238556049783,-0.006778170913516675,0.06294854304140475,0.24472273924664156,9.973534002329655,4.509379352413026,2.3501541724627195,13.968757490015442,0.033260909945867896,0.0,0,0.08
0.30683425183687135,-0.005360651746552212,0.04698761695464988,0.14606533854307635,-0.3333717315139517,0.6177914547876632,-1.87950064812998,12.123885069803084,0.01909563432064444,0.0,0,0.08
0.31888400769656816,-0.011763062506411376,0.06288563773806032,0.1778298158854341,-3.1876504530879304,5.224905311180786,2.23053201100379,13.635510149930743,0.0053404832575305854,0.0,0,0.08
0.28438213256285927,0.022765628897791587,0.028909417134219555,0.1622208188048918,-1.3838521305170066,-10.450584674299813,3.4200398592023564,19.397217854140052,0.005449717043345217,0.0,0,0.08
0.30215298330320395,-0.00689533159747313,0.007590883098214867,0.16238697261295237,-1.233055300267699,-4.575488576982288,3.1313308692052653,10.217641839074728,0.0035880786360678748,0.0,0,0.08
0.353404685203346,0.0048797237599529355,0.012922204902788729,0.16871691772494604,-2.5417292361222747,7.535622240094181,1.723685152610146,19.93544952489811,0.003448275501758124,0.0,0,0.08
0.30844860666075863,-0.017455221415770765,0.016264973076691766,0.1732744141580333,2.5999803596309565,-0.5630736973401992,2.4081827173130934,13.662761619990984,0.09273204169867531,0.0,0,0.08
0.32339122734275605,-0.012804609909360278,0.004962390669458198,0.25289853371975163,-1.7872003767253268,10.650222126764794,0.09535171461191981,9.575503330951939,0.014791230676119331,0.0,0,0.08
0.26575664376284813,-0.003290290635923399,0.007115004737686901,0.151767837795374,5.026569860427751,-5.1530656697937545,-3.2464744074839853,11.874581038713108,0.0031298007099438206,0.0,0,0.08
0.31015256188384704,0.030542647683102612,0.013872833844140176,0.15159899652739595,4.608320949419632,5.03535086801274,-6.624834059640278,13.715907317339791,0.02346373225072011,0.0,0,0.08
0.3451868283589443,0.00034137650399452234,0.02833576606743587,0.20156165987011035,0.7119521175303816,1.0323535341975532,-1.7650846929203348,16.044850065982732,0.008407394149760364,0.0,0,0.08
0.28628128026181143,-0.005646240838498591,0.008698883040680288,0.21797029207411636,0.14486251448756815,8.010627703611743,2.8158332358764797,17.764328411803795,0.006959146043060567,0.0,0,0.08
0.31957362525605626,0.023741023013327638,0.031391421349465196,0.18165307327508012,4.219868659994452,8.061279039732309,-1.871148104749178,14.885541011985937,0.03684008257007406,0.0,0,0.08
0.30307407666406194,-0.0301721890875942,0.03064333778044846,0.1930552403138224,7.444149443731228,0.23336709741746303,0.6341419639378941,20.14013228607274,0.034965351511739406,0.0,0,0.08
0.32698172376496204,-0.009669678168076321,0.00827911871044989,0.15969228919279632,-3.363888143925119,-10.092403702186713,3.948298355551444,12.657211991524603,0.0733920938067867,0.0,0,0.08
0.3496363337823273,-0.03227802910957983,0.05219791188785826,0.15109612874394088,3.7632791956228626,-3.8887946033266667,-5.734926632757129,15.228031129568537,0.009169760108666065,0.0,0,0.08
0.29535961590483745,0.0036517560842867242,0.015005974968920324,0.17742409837501166,-11.318015190032517,1.4839998100951428,-0.9024423911245268,12.5579258278271,0.012949485893568528,0.0,0,0.08
0.2816555652927484,0.003300505248774233,0.005336832507864946,0.10482132144215334,-5.187966589117604,0.9725141558806534,2.587171727753063,10.338324894808474,0.02359217094764639,0.0,0,0.08
0.3199366827957963,0.010136051891049484,0.0004700584281599038,0.169791754622415,8.046693656741724,13.248276285261289,0.3762260384275332,19.493294604112794,0.09236170706236432,0.0,0,0.08
0.27886613580945446,0.029534873415765817,0.0069737787479553365,0.25315899025017413,10.929384132742953,-1.051460177785869,-2.426382355249294,9.475055569602347,0.032048143031636916,0.0,0,0.08
0.2968095397324465,0.022700737142034792,0.006090873313010436,0.17165974276184998,-0.12710280384654915,3.5777987127672746,-0.15418478157757087,18.196958380931726,0.009088538747672186,0.0,0,0.08
0.3713481639409308,0.004503418644538716,0.0014924917060035682,0.22114794863559598,-1.6868713459276603,14.510134521434708,-0.09348109440443285,20.362154338762306,0.02821651249237724,0.0,0,0.08
0.21248999571412883,0.04224178654505817,0.03001040054297749,0.20483733582455965,6.838125604545074,-1.7395269181500919,-2.6395179183029605,18.89721325030171,0.023649691896649214,0.0,0,0.08
0.2968653363141504,-0.017997159432705367,0.03216732875810913,0.16399030868272457,9.56336168015666,-2.4335241404860732,-2.396554632051889,20.09737576047275,0.005772007148796791,0.0,0,0.08
0.28921170309558797,0.01153122241017989,0.02732656380516159,0.1613556720182328,-0.42262253404252936,7.219276693753712,-1.6486631875787587,16.97371608607343,0.001849702066486369,0.0,0,0.08
0.2778773687098449,0.019321857107126413,0.051377639079713856,0.2238830122565051,-3.7815993471230325,-2.1388618117772644,1.0860736529653972,16.190191029496564,0.05108781054978696,0.0,0,0.08
0.26444734041972134,0.033038286737347565,0.020129260619155417,0.12863207156355355,-0.25421272499480363,9.537379997175464,4.156313344969147,13.831400069637084,0.14798484017318397,0.0,0,0.08
0.3036193079708464,-0.00575405776258233,0.013397655551469967,0.19782836560541467,-5.203082807690544,-2.0471983961597737,6.91226935064757,17.309758571808675,0.04470302779957912,0.0,0,0.08
0.2385066345674223,-0.004790486338221371,0.013206688848133441,0.19720356624687008,-1.215298592970981,-7.300713846488506,-2.5024771401497423,17.898764803825806,0.03375548166866654,0.0,0,0.08
0.32419135818514005,0.0020265435372093664,0.0625702733075746,0.22651610290176558,1.411378779132558,0.1856885296069811,-4.51521562276141,19.55890811154498,0.004986072664201148,0.0,0,0.08
0.2867908046518561,0.0044719890889181055,0.008743187306809475,0.25187013861705965,3.757943311983059,1.000761987185956,5.95567960701407,7.824162334194975,0.06509792876960384,0.0,0,0.08
0.3362696908968471,-0.017320134179652523,0.04242330096069815,0.17506753603735356,0.0393307384937589,6.336182229394282,-1.5683436496985133,15.851430148458855,0.03995726361719779,0.0,0,0.08
0.31633374330534,-0.008364978305596625,0.01409786243694373,0.1807681368386219,-4.069015442288421,4.004131706728069,0.5433368666682896,19.50654644739381,0.018291494827536083,0.0,0,0.08
0.3040021023064475,0.014858066108671977,0.0010038198772568487,0.20054700863173225,-0.6459515411260788,0.4477680589010843,-1.8811095274495337,13.446494733728633,0.045785605722568117,0.0,0,0.08
0.2879514436949387,-0.018058200140958547,0.044871821908131077,0.10553946557363199,-1.0590731594101341,1.4547778303362648,0.9712652016944802,10.783274969920873,0.024030070188050198,0.0,0,0.08
0.3507018547213636,0.009045799851418361,0.018135631888661435,0.2053278071468766,-0.6570714598343281,3.0249273057016675,1.4298405210594431,11.157864406404048,0.0035303685389645855,0.0,0,0.08
0.3194412982717228,0.016117955540021375,0.01772408147943947,0.18803297158697893,-1.8323175185654428,4.026156068333092,0.9904498481758156,20.49308801795493,0.016678351098728394,0.0,0,0.08
0.332070422912792,-0.011403871953963066,0.026159378342519034,0.14538441979819092,1.936889244401317,-3.506960596766392,-1.1167695603771144,14.867228343517937,0.07591690438352586,0.0,0,0.08
0.3376652036952126,-0.0025958165840938695,0.026676573112725255,0.1930732883793408,5.461434836200279,0.536164431577437,2.9537095378715956,18.149370318513895,0.026016903370807292,0.0,0,0.08
0.3068160397716305,-0.009523983207979744,0.016867976745300876,0.2039857456290014,7.0867871660902315,-0.8997977470251664,-3.3462600105906186,20.553954482625002,0.006768986014119768,0.0,0,0.08
0.28928985629968285,-0.03592395510669103,0.04650467928100798,0.14998964769233053,4.352947178060235,4.331527514450232,-1.9551124446547008,15.530463355526582,0.0010569980994763373,0.0,0,0.08
0.29354809636566453,0.00532430520305814,0.013164001386598664,0.12141173273529732,6.53182465922455,3.0603995590263944,2.3787161155116054,20.516488636159018,0.08374802858697024,0.0,0,0.08
0.2992481655091593,-0.03789668735164422,0.08850538047998559,0.21985553702572036,9.430363506598663,-0.36168449416788867,-3.032644489768804,15.514212596690625,0.1147210399656401,0.0,0,0.08
0.30892727066879455,-0.005682791093779348,0.024451732031048043,0.27743940496916975,-3.3400649825920956,-0.5125129969983988,5.825238366155109,19.864613047902864,0.02434555107340953,0.0,0,0.08
0.28755784587035,-0.001485042149861648,0.014676390228003973,0.17834876906430516,8.860472872715121,0.49321755757677893,-0.9947813367946361,18.639300317634746,0.02182757023659462,0.0,0,0.08
0.3310149118947449,-0.015092087647865458,0.026225281034469142,0.15447879337390502,3.12941065591861,3.7736346581788416,-0.3814883888823942,17.005437751922774,0.0019197212401104973,0.0,0,0.08
0.31053917738104925,0.05396080913634853,0.020716703818680068,0.2317595685316667,0.8353449182946349,6.3303272936553086,-1.0026209941993462,12.640096182995856,0.026832149610038634,0.0,0,0.08
0.2741752403172605,-0.006380160609457067,0.0016923770963763428,0.22573217097320053,6.145543634348101,5.108052733038823,-0.9516851646644267,20.728811312179506,0.007512749780633974,0.0,0,0.08
0.3163689885298143,0.004811615154531842,0.019599821682311273,0.14463563435880314,1.3848593394152329,-0.8605392987535745,-0.09796771122092982,16.225032075056536,0.03793300351981641,0.0,0,0.08
0.2875834807453977,-0.016926939830253198,0.04868871040454244,0.16679789059023997,8.219850910903059,5.548957274260424,3.4425618498967268,18.869907748213752,0.010722823050137048,0.0,0,0.08
0.28030254060929355,-0.004209760610740667,0.030669966849718913,0.2000095340279296,-2.9932112074772723,0.5650588150418536,2.2210002676694365,15.249241016115233,0.010243604788040078,0.0,0,0.08
0.3267108886746341,0.034880204681514655,0.0048541982972669555,0.1347397879459135,2.0631390934426004,-2.4267737275446217,-3.938738930274717,10.070862515711083,0.007035892481146843,0.0,0,0.08
0.3158142702499335,-0.0001280150520627607,0.011518052108164785,0.2216010687945075,3.5765060417365913,-0.727852028337484,2.7842160199820665,12.640523942242968,0.006295779896299765,0.0,0,0.08
0.29740377513146926,-0.04149919361790606,0.004740375529054568,0.1815233802287797,-1.2284533662482997,1.6647195459355228,0.4606456627805139,16.726318732006426,0.04299539454108112,0.0,0,0.08
0.2955892098252593,0.01696992137800122,0.0045507268791590205,0.1493408090836572,3.3022416284372937,-6.820125698676926,-1.5710240641665458,8.823697592737513,0.011427432711161353,0.0,0,0.08
0.3079163458644694,0.0002664203904652963,0.10534373252053737,0.2092887229236398,-5.020663519959921,-1.6948662646993524,0.6862667406515441,11.474565267176843,0.044004000111256124,0.0,0,0.08
0.345436649026618,0.0066080222201157016,0.015506197133081854,0.1285412202572235,-3.8769623229614876,5.712526624909646,-4.37848468807904,18.68603694450416,0.0013757311335669282,0.0,0,0.08
0.3658574463445052,-0.012012866740853296,0.004751041557497296,0.1876876899783478,-1.6309998022244274,-6.259460455046304,-0.973208759844345,15.074341755660813,0.010623411558009105,0.0,0,0.08
0.37296523691057315,0.004561337353063817,0.015361451513052687,0.17037189712610762,4.688670329009394,4.965085288387259,-0.6526910587676126,17.161258110983635,0.021602005002729085,0.0,0,0.08
0.27560349508877624,0.0016183045105424125,0.019700134690435227,0.21098502541100603,4.528193908484224,3.3737335074024646,-3.9198240799594037,17.08841720754978,0.057114576202350824,0.0,0,0.08
0.31933785099002515,0.009487660779633852,0.0008294509840637204,0.16365310617175832,1.8358085931925086,1.5323001923119928,2.262941906359673,20.548252684523057,0.01352823452101156,0.0,0,0.08
0.31064879891780695,0.026112927362323856,0.004567290072546575,0.1595557915068486,-3.248195508294862,-0.12912596749594152,-2.393371662962668,20.711327433551457,0.005138573390455042,0.0,0,0.08
0.25323745223245225,0.05433906068677684,0.0011929841058075095,0.1850369528194182,4.026545819636011,-2.4051920100582143,3.8988938559103197,14.602344919849259,0.011093832719262509,0.0,0,0.08
0.3015641796340771,-0.005181681181612618,0.03598512972419132,0.13764567964568022,-6.72470095066271,0.678960068356699,2.3839236107209767,15.620831408643937,0.01975344770643253,0.0,0,0.08
0.3605723257592188,0.024654566841365688,0.030979760569580142,0.195053038305863,4.425698913564654,2.955656920878315,1.3582877635441966,25.453032643423583,0.012708250869306489,0.0,0,0.08
0.3337192475166302,0.018786397804649108,0.01657132047352409,0.18849520344093956,5.523227413936889,1.0765771277695992,3.8572771095316982,13.684085451617882,0.022234557863876868,0.0,0,0.08
0.3262859116107466,-0.0005480458173300788,0.014659732675961134,0.18115395579172738,0.7800748006066784,-1.2187922779405689,-1.2107800109607303,18.998327919542923,0.031065683245694403,0.0,0,0.08
0.377702574165063,0.003214091025569237,0.005652859699629141,0.20368411932809966,4.492044117190995,3.213924308114845,-3.3062536943281957,17.28635166646494,0.033975872005926826,0.0,0,0.08
0.28823147630310136,0.00961765307867654,0.037727484882479186,0.1695598604259328,3.8187558078145463,4.168896857538563,-3.0902276474432635,20.46634590086237,0.018954973603522683,0.0,0,0.08
0.3413562274609675,-0.01657853258038743,0.03934433663760633,0.2533772533256035,-4.622938041991818,3.7732275267150186,1.7748741698539763,21.438415998034877,0.0004017144704454763,0.0,0,0.08
0.3374898686031571,-0.002886238648335288,0.05389861224455938,0.09250476340095827,0.4713685517907096,1.7690613789160659,4.048340047614051,17.578652718110618,0.05952315359633258,0.0,0,0.08
0.26601885395653385,0.055971318240618094,0.024024002021795707,0.21547370637954338,2.27083124006381,-11.220366592112244,2.4629326854747497,9.364888498055981,0.004649182407457463,0.0,0,0.08
0.3150948001775106,-0.03324398991447014,0.00937965872126915,0.1408770294934579,6.201127973591056,0.6473981896046173,-0.05322550354313384,12.24947370818806,0.018585059846323984,0.0,0,0.08
0.304111191467627,0.009267123140365948,0.026738422514076834,0.10336523894766206,0.7732494544928941,8.93367036069801,0.11071601565904247,19.574899191086434,0.029720416260158946,0.0,0,0.08
0.2931592978742816,0.014891792062143328,0.02100510918367667,0.14770479774863554,-1.9813983373846251,12.275359773138192,3.6371533586692566,8.949118429800066,0.009905315363457522,0.0,0,0.08
0.3034093886492848,0.01494134637947663,0.04172304277435275,0.20948091422225254,-4.305756774084357,-9.616505324993351,-2.555078473263746,15.297995084878938,0.08964939011336144,0.0,0,0.08
0.28333225572820686,-0.007567853853876037,0.04338100154822239,0.1426397799174914,2.185534231666174,-7.971861445363563,-2.5905663990441394,10.199882738944513,0.0049061692011596846,0.0,0,0.08
0.2818117144870645,0.03969841988307649,0.006703782916924054,0.18534715352950493,3.5543411561304126,10.477753203960548,5.115987098692829,18.95717072917598,0.026508628374657492,0.0,0,0.08
0.2761154326721379,-0.015995282555757974,0.044482904976909016,0.21504183106687713,3.674720515457214,-1.2321433432728874,4.289192178577054,16.89369035031826,0.005748276051629668,0.0,0,0.08
0.2994599519363286,-0.058621935274250775,0.0732944143296724,0.15136696344501,-1.681561711342531,1.0017576863747615,1.3491854265183338,11.663051916342061,0.014973647710602975,0.0,0,0.08
0.3239936791890824,0.014792459334881651,0.020334784300210434,0.18782562113249263,-2.902411803823167,-8.014715774309188,-1.662607364857737,12.451933962521935,0.038539411624140076,0.0,0,0.08
0.28544574741609496,-0.010118126708614228,0.012198930572258345,0.1492416034930083,2.450740800641495,-7.173451969340672,-1.9875514389202213,15.712499340494972,0.022782486591516462,0.0,0,0.08
0.31660969875072753,-0.007741684889498782,0.04543340130326688,0.16829621000369557,-5.956136784685183,5.615838955593706,3.284802166925787,22.432797104972963,0.10411808899061657,0.0,0,0.08
0.302538297277524,0.016699788547571717,0.023393775388483074,0.1782148950773423,1.3376841097296222,-4.293266518551165,1.612386260175605,10.581084161192077,0.03431394534370801,0.0,0,0.08
0.3141467570950552,0.030659564950621696,0.04173919648793577,0.20205133331102348,-2.000555684959827,6.500352861500113,3.96891992503663,12.92344305867342,0.06314409565613036,0.0,0,0.08
0.3582803012682963,-0.03370984785737155,0.015847380548724133,0.19711075777402443,0.8852843886417714,-9.267727011644482,8.62224809402974,16.931622528214632,0.0036734607703329055,0.0,0,0.08
0.2770622091079886,0.0052141232394255065,0.03044248681661492,0.25776070600001766,3.4686616201721785,6.618499669760204,-0.46726592574963,15.69708843761789,0.061335659004476614,0.0,0,0.08
0.3598833186753841,0.02602193386931243,0.006463198124547662,0.19551430173662382,5.282307246675789,6.016858511730843,5.05761045666457,14.84695613346308,0.05251873822155978,0.0,0,0.08
0.2956907242013782,0.01373693954127439,0.030439417910782186,0.0887335171031769,-2.4474028266561154,-2.3418248946701956,3.2922680622681204,15.639051781770185,0.04177090283393733,0.0,0,0.08
0.35075071499291816,0.02126871443734919,0.04551391810056708,0.22487801967660898,-4.1500128729389,-0.3335431391956284,1.0892952979831163,13.332445379408231,0.006685038586726455,0.0,0,0.08
0.2864847478274595,-0.007093607198615162,0.017350203657639573,0.1097030651838898,3.244156261472313,-17.137652480046945,-0.8684702413008587,19.217151537869338,0.006468323101036831,0.0,0,0.08
0.331492906109722,0.023114654242417845,0.032304517837337995,0.13215493365279019,9.699353448319462,1.7160948458077496,-2.547070296246106,21.128827996244816,0.013183264396975572,0.0,0,0.08
0.24338638745488295,0.00664692742944007,0.028481125263762345,0.1841794616642275,2.430413744891803,-3.651550833415671,-0.13987429564400744,16.95758100641587,0.0038145230948447577,0.0,0,0.08
0.3194234754813218,-0.006139880917668036,0.04313497529704134,0.1151040601297639,-0.6605611971376493,7.763601138634283,0.5385699046123846,22.471285164966506,0.03246467683644154,0.0,0,0.08
0.31643183042145057,0.0046106733442267825,0.008984465701846083,0.16623187683906446,-0.9672825668070328,-0.7641460087266706,0.7337942089476522,19.021949250465635,0.005639961894599022,0.0,0,0.08
0.4233246992838436,0.024689139575293822,0.024104426158749633,0.16705930226230442,12.108041673314421,-2.152958225661297,2.4048154791791125,13.391123337867946,0.028047707380868307,0.0,0,0.08
0.3035279887668835,-0.006131861493567647,0.02260287063389685,0.1515185005516907,6.568218369408987,-3.165584055474305,-7.530666423121239,15.864718809104362,0.14974997773161353,0.0,0,0.08
0.3398856001328591,-0.01712576247320561,0.004152589118000085,0.20084159030268448,3.861536307276703,0.2593901378693422,-2.707244162232376,14.31347489580347,0.031202077940096877,0.0,0,0.08
0.2991657269616451,0.0005268257749487046,0.019980821132881323,0.21081707087625282,-3.617265666784678,-3.5023238741365548,0.15141316105038416,13.424512484306739,0.007219779534855621,0.0,0,0.08
0.3373824933974154,0.014925551872208193,0.02197494372902463,0.2043052703739256,0.07150286271412232,1.4198814760370988,-2.672495040392346,9.18067522643747,0.010296685874803122,0.0,0,0.08
0.3035581781862848,-0.014668503336344778,0.015453084369497525,0.21580347344257336,4.726642605589758,14.282326476986938,3.3770397963703864,16.85086070414945,0.00741471347100842,0.0,0,0.08
0.337650289584327,-0.004887996710750211,0.048982567047870955,0.1521958935169389,3.2726373096395407,2.4818873896942413,-2.8458657036269006,16.255864890332603,0.04340956164542233,0.0,0,0.08
0.30304855099265765,-0.022775658739524262,0.011348581277464971,0.2081296691528965,8.364861163529174,3.2566480434753724,0.420880277101632,13.701980628285774,0.06413301565929892,0.0,0,0.08
0.3028912258016756,0.018152236220935366,0.006740568447458915,0.20607334928676208,5.4553093766230685,3.584837603380567,-3.1490223472703844,14.4364559699701,0.0027430446215030053,0.0,0,0.08
0.3116850176940135,0.02741925520258586,0.00038367190672402993,0.12989935231169308,4.501158050168273,0.18170181931778281,4.719408066128708,21.408292560596866,0.004757574785320591,0.0,0,0.08
0.33964147943840023,-0.027891190266521506,0.01979460627885709,0.16507953394067432,7.929776115018546,5.627937601748039,2.968797988771412,14.042709707156762,0.020975048592518468,0.0,0,0.08
0.32529337392081353,-0.0024297421088082206,0.005823255905807469,0.175605854487796,4.948282682470687,-1.7936243821189817,4.16640031085873,14.755586650832528,0.008213579775411314,0.0,0,0.08
0.32818629328052806,-0.00031731836907027063,0.009375854619659786,0.1072901845000591,-1.215212720388343,3.5159506138726906,3.918841427184609,11.705795132966657,0.017608763357843046,0.0,0,0.08
0.29067585526439454,-0.00892908956510096,0.02545584677231625,0.12841933122796367,-3.7466071687169835,3.3063607452955965,-3.6167470530712658,11.963589395636594,0.010860489782624385,0.0,0,0.08
0.37041095048604555,-0.006077268589622606,0.014586523056903168,0.15698436482651415,-3.9049219212375936,2.6692495000627385,1.9263630116297517,13.341218837083177,0.03817394504956981,0.0,0,0.08
0.305621410065129,-0.019817215080334297,0.009710524653070316,0.2395854113355338,-0.1200430351198638,-2.4165437394385036,0.7673527569790959,18.187768789514255,0.010710148026652176,0.0,0,0.08
0.32401908103884647,-0.002743298217482334,0.0453611807962876,0.2524942517003797,-2.5412651249550926,-1.5707260417445776,5.774821539561169,14.921101795863148,0.0639908330175319,0.0,0,0.08
0.3092427082400955,-0.008344696704766291,0.06867623629191635,0.18180862868390038,2.2043052178603135,-5.119308708851277,-2.00529909194631,31.67679487859015,0.026575442855753657,0.0,0,0.08
0.33786153496684623,0.021988312035858742,0.05120875124791116,0.18505244055205464,-2.439357957079629,-6.022726892781819,-2.831821929997311,17.132083274911366,0.04774376173157934,0.0,0,0.08
0.34093948185800477,0.038093597641632754,0.03283522165603717,0.21626862735403532,1.1281264601570826,-3.867732786470838,0.6195168754374911,16.31229900406162,0.04471619364544574,0.0,0,0.08
0.3431698218334951,-0.008792323060340121,0.03257495510974166,0.2237506258971395,-0.05707588628256355,5.398976976797743,-2.1611650764014145,14.056098601951815,0.030170207225205192,0.0,0,0.08
0.29212159866651294,0.03951410202460148,0.014882739671170682,0.18681657075246344,6.108766240161655,-0.10080789586644251,1.9263232769958405,11.494174924026291,0.010061088502881484,0.0,0,0.08
0.2692232566821516,-0.01654953502523659,0.0062226234571985525,0.19551550868319545,-3.5215593868962696,-4.8436666200622245,4.095986244827464,15.288456143981183,0.020701836934910806,0.0,0,0.08
0.278593644916705,-0.01936099591099392,0.009517578507601824,0.19033606862138533,-4.3607652930171925,-0.10420804505458903,-1.7598472066792574,13.730548168644157,0.021561364530770098,0.0,0,0.08
0.34688107550746516,0.02363656587884079,0.011829740021736345,0.17291260498286454,1.3986065348549312,-3.6529389745401892,-3.5272033400008844,15.85468710756175,0.040282238185408756,0.0,0,0.08
0.2887869824237136,-0.025185911037600765,0.02012795773985373,0.16129813808468813,0.5107265857180632,9.392727959754673,1.6466355465610005,14.620683323567981,0.02396397052078546,0.0,0,0.08
0.3421198008486307,0.005189576461729532,0.015050669905642196,0.1595100461127114,-0.03012537410307381,5.00460343146041,2.735440780712405,13.659276164266071,0.05814057356806934,0.0,0,0.08
0.35031464288644376,-0.03146693899211479,0.016144519460515306,0.16481385643633714,-0.05683777745210472,5.999946030357666,6.181024631510495,12.261835015718159,0.0022715255645378326,0.0,0,0.08
0.32834907356495013,0.0013317765380584338,0.01909711453718326,0.14307369028769257,-6.011793655460771,-2.500749906830051,3.6222772474699445,14.75210149975025,0.036029806477913276,0.0,0,0.08
0.2828909690922294,0.005490279749865668,0.020492988609121774,0.1524536451610468,0.8346719755002141,2.8223564520549393,3.5710842592561987,15.010223764617363,0.03935668010788121,0.0,0,0.08
0.35079030209505846,-0.018246510281327157,0.009152643779507396,0.18512700762682716,0.06392150721488621,4.828724661164395,-0.9841693520302801,16.386640645601474,0.03626908130555948,0.0,0,0.08
0.35228494293955287,0.025124426888827177,0.02784381299864804,0.14180058586145738,4.813974090844687,5.966461687305781,0.05356590444652322,24.66359830327636,0.0161079745050467,0.0,0,0.08
0.32171046246687857,0.00670842640960739,0.018854267088255043,0.20052588815597958,-0.6888754902096199,7.534065154446605,-1.689198599385306,19.927496068718334,0.03840459055673727,0.0,0,0.08
0.29492827756839823,-0.014056656258708822,0.0330900122961113,0.22707133528697285,2.179292527729139,3.976070146116988,-2.7253930125683308,11.392005724894748,0.007862206443211084,0.0,0,0.08
0.31486101980836445,0.025699594295243364,0.023477795596206004,0.1324083741593694,3.5164945322769485,-3.196206525329866,0.06008924647304251,18.590274279968504,0.00011415650916971858,0.0,0,0.08
0.30171683656192727,-0.00597967994743682,0.02940829560515388,0.23802302803277303,5.6959307164806,-3.302929561605777,-5.3047905285044585,18.045710760266118,0.00711972801950781,0.0,0,0.08
0.2652027103974848,0.0027890493205839435,0.034958388913858406,0.16477841087795794,4.676301017985459,-2.5256013875025953,-0.2114207216323672,14.20996864926111,0.0027210034298140455,0.0,0,0.08
0.3014220056579957,-0.01633226059641973,0.05181764489816998,0.24726353503699855,2.576465451118728,4.738392747792045,-2.0141413309348573,21.845328652040813,0.006258504825323857,0.0,0,0.08
0.35522702361420955,-0.024851280055994112,0.03671849454667118,0.1125670545514957,6.475649086828695,13.327220365631765,0.19882421203270434,18.74711040622965,0.02866324969766594,0.0,0,0.08
0.23729251561506315,0.030672456914658468,0.05412999335494268,0.19347372091666148,-0.447315266959611,-4.874288128140233,2.8474982107144826,11.758811273787224,0.009733075920212473,0.0,0,0.08
0.3180924681247576,0.01647092239683947,0.019238567152365774,0.18948019863514654,7.740261648008446,8.764912309734676,0.4308925019645931,11.944224267513883,0.010503724654272338,0.0,0,0.08
0.22984857269849107,-0.011193083616503244,0.018377634385909194,0.15840281732442935,-2.487315201650337,-0.3194020053805928,-2.695471460318535,15.05224726057328,0.007298424177265129,0.0,0,0.08
0.29116069801310146,0.0354191510669549,0.03822828746879043,0.1626417801171009,1.7897833523192264,6.919966580381335,-1.4705727186860647,19.178316043917487,0.009884239064062961,0.0,0,0.08
0.33078573623790913,0.003036950992831412,0.010356496044805468,0.19929233697023113,-4.259417699821842,4.593858638896171,-1.4360765668175737,6.256993216706654,0.006899620010227058,0.0,0,0.08
0.2945540226893079,-0.02195286727157222,0.034570522768080696,0.15766438250190792,-3.829094632797812,10.355988012566023,1.7384962128019346,15.075267502519722,0.12315525884835786,0.0,0,0.08
0.309140964250125,0.007322930519313648,0.020671286584850183,0.17897191069963253,-3.4312928282617685,-2.2183001085557574,5.485875787325474,13.019428586244391,0.0018471458416029923,0.0,0,0.08
0.34900928637366085,0.028015545523913027,0.026478008930136847,0.21238489708507632,2.3142928838445034,-3.46332573829268,4.236289124032768,14.358252837196636,0.01987602402026313,0.0,0,0.08
0.3190667213427353,0.028600607778427385,0.014160618347037222,0.20970892245699704,-3.6356156177016192,-6.28310613148937,-2.410228379377311,17.762728226622514,0.0003444831447776986,0.0,0,0.08
0.3140182088779175,0.013364962478827055,0.03295770099877572,0.20218928867956779,-2.577019265058481,-4.072224792669669,2.9981428391783695,15.565550688138035,0.009500461756036353,0.0,0,0.08
0.29973987195172824,0.02257091555062373,0.0250728637203209,0.19015662877339218,1.4457295064103568,-15.404615458433998,-1.342088847483647,18.98205262217973,0.09484745843225888,0.0,0,0.08
0.3576501387168205,0.00924504658586097,0.03135782173260896,0.1800603759671286,-1.7896915800738356,-1.524927185246322,-3.4664881263862926,7.004483579968765,0.01903004087387705,0.0,0,0.08
0.33767745890383494,-0.007084195233308979,0.014148143804305511,0.19875100824454037,0.8133250533021139,-5.9828612807141175,-0.19442776068339068,16.718147117576642,0.05644746632040118,0.0,0,0.08
0.29000885776885893,0.008947725929468549,0.01031915674878053,0.24010791465376788,-2.9494147601566727,-3.1967592784826824,2.5500128039087793,18.106776829861346,0.009129238141846291,0.0,0,0.08
0.30739766658264006,0.005539886622382012,0.03325553207541673,0.15147071957501781,1.311874551537322,-4.405920013880242,-4.8005678602864785,18.472822706972195,0.05518039389168563,0.0,0,0.08
0.27969499841151274,-0.009731624927094758,0.020906431994470155,0.08138024026747945,2.725836027770156,-10.632166970544255,-5.991142309853925,16.342392721482938,0.08599824761859631,0.0,0,0.08
0.32619299290972464,-0.018992004881300085,0.040207154321628254,0.19176820079718432,5.326932553392709,-1.1429141868306352,-0.8426077373929752,21.246354619336362,0.021622307316990007,0.0,0,0.08
0.33750304812173115,0.013961669298353364,8.596479526573517e-05,0.19215551037143302,1.4072428383854323,8.351949457087988,-1.339195496446547,19.379507455776142,0.06651057071648363,0.0,0,0.08
0.3261622277702785,3.311711243902465e-05,0.06881173574627547,0.2038215328879974,3.6683219920345786,-12.261230123377414,-1.5917410669416279,15.809807056371726,0.008213510277985782,0.0,0,0.08
0.300225646525308,-0.019168987625096154,0.008579177219751755,0.17716122120615815,6.066572829263529,-5.224598258644433,-3.7550941455604274,16.075619416570895,0.04713235654248954,0.0,0,0.08
0.3479288376134603,0.03269211023522403,0.014291709989027207,0.22388710201529183,-1.5837880143551155,1.6262055171674676,-2.2081956556219495,8.568175115606202,0.027368173023366315,0.0,0,0.08
0.3425264561242409,0.03038039145061962,0.016836979155021567,0.23202653467062415,5.633656956344648,4.264644151051164,-0.5458363150272559,18.089696349084893,0.027339858406650153,0.0,0,0.08
0.38264395398885426,-0.026165065108487432,0.024098371406410107,0.2669935082825272,10.403948759252446,-10.555722120243463,1.2580256173848756,13.205178627355902,0.021728189228045768,0.0,0,0.08
0.25343673481527845,0.000695384961889135,0.034801827351004386,0.11572568214548629,2.3923218011191762,6.173094921657567,-1.2952535250933832,11.337143946327942,0.008523928226559414,0.0,0,0.08
0.2882249708758763,-0.011299030533104408,0.037469634147423665,0.146278458942477,1.1844661240805818,4.2955028429133915,-8.801311941688432,20.6740857159561,0.07527886021713937,0.0,0,0.08
0.3385696120699246,0.010681259126339033,0.01023302326546554,0.1858522389816085,2.615416915493996,-4.147274626746703,-0.5652505407261788,17.45482180388512,0.08343282060259166,0.0,0,0.08
0.27681794641114865,0.0001707523035833789,0.049248011656192754,0.17286542411146077,3.9724701088640204,5.73516363914988,-2.4292816247997973,13.181094154770467,0.048033804316420174,0.0,0,0.08
0.3006876688522007,-0.005394812132233155,0.01936970209861846,0.1971242957380654,4.500913883492409,6.9868550823000355,-2.89397276668517,15.42221068170155,0.03476294517223986,0.0,0,0.08
0.29894281272080087,0.022328614975644142,0.049142358480870264,0.2110359019596586,0.09595999991659476,-0.5867699825052173,3.554953342800948,22.360587869039623,0.03172091235076371,0.0,0,0.08
0.28626251410697295,0.004198521048259956,0.008635393655128776,0.20283418256460406,-1.6183648548522958,5.596972224553187,-2.086936350360589,12.7067241657499,0.07465838900042515,0.0,0,0.08
0.37869239153420003,0.006203076522030141,0.01692268203199072,0.16323158641257252,2.045329513470936,4.05660968189948,-0.6464301484930197,17.970427136666995,0.018206727616463036,0.0,0,0.08
0.30062525956481095,0.007040231821817287,0.020559244558452653,0.16960733864428384,-1.9657691375846271,-5.277637854983939,1.1844600612365301,14.158421201289343,0.036006863958826366,0.0,0,0.08
0.3265580901964922,-0.023516219606783958,0.01958842660372545,0.1039879666233053,1.570612710196149,9.308266326056959,0.6775255021119219,11.26958391007518,0.06220472544151748,0.0,0,0.08
0.2797289150899451,-0.012422695975924816,0.00944835074626479,0.194871284003131,7.0962385730671835,-5.7002512815949,-4.575316923043082,16.46608271276947,0.055061660086358384,0.0,0,0.08
0.1861238322139036,-0.03420914846106703,0.7604301242011404,0.2463118000926,-22.88383077534307,-4.879221655593618,-4.673661204659375,6.101072349583668,0.4815949353597474,0.0,1,0.88
0.16920168243098752,-0.00935528841291628,0.7515878994221626,0.14558708935884837,-16.79943564522964,-11.381067753715232,18.723632037552342,9.638745730197357,0.580053519584281,0.0,1,0.88
0.2149192899990474,-0.07378426295857932,0.8825769275270828,0.20809901899415215,-9.132439583042785,14.525419640642529,-4.4175744344786665,9.2292890188031,0.2579157475765286,1.2,1,0.88
0.13829197407205146,-0.07740491166373559,0.864297173060411,0.24366705916925718,-19.300752190127575,-4.281965631523161,2.720220546207532,11.09010708210028,0.43561403892833506,0.0,1,0.88
0.13749301091641833,-0.06430574008268869,0.703573288195257,0.18525436112219423,-20.267216723768108,1.2786828152647796,14.380700615253035,1.8006366837025105,0.13302276865300347,0.0,1,0.88
0.15827957548261617,0.0026181648538088215,0.8554886594113036,0.18908015735196737,-16.758704821459258,10.646431325118895,1.9639849335036361,8.066629493581079,0.3055783189776533,0.0,1,0.88
0.10693893518859332,-0.016859138343802135,0.808549882428912,0.2669651691781169,-13.870289349070607,-6.647061310841041,15.899635935524561,3.9990222392582755,0.45088788524377654,0.0,1,0.88
0.15239365294296972,-0.05019442781217197,0.8503227221147526,0.2879474975633558,-21.169985334662545,3.332188357721371,5.184210773408147,8.82000656550377,0.2118862845426033,0.0,1,0.88
0.18480744395488857,-0.00661014338736933,0.7845769028698582,0.20593147322363786,-27.066561290715143,8.442824539768353,-4.827270465674918,5.447913769907293,0.5330532806522711,0.0,1,0.88
0.15319634029303122,-0.04095111379162349,0.7762684361944459,0.22427386251741488,-19.134347525114247,-13.492561944651484,-0.6099409621797696,6.611937102779246,0.13192068949455035,0.0,1,0.88
0.14252636989533843,-0.08590795178195454,0.7685655011861203,0.24150110370750857,-2.415376755748653,-9.038520242116505,0.8882499924137024,7.292500756284838,0.5358731885962786,1.2,1,0.88
0.13671848791403474,-0.05284325788081358,0.7997898235799303,0.21888998882823377,-18.093282921861448,8.545288279007874,9.76816215891288,9.959841102408708,0.4530012047835956,1.2,1,0.88
0.09731309296561269,-0.08656957193259796,0.8110701800254503,0.25659713567287656,-15.344625425863157,6.970829405848139,-2.4261173751889284,5.64428576888713,0.154888947528696,1.2,1,0.88
0.12362540402719362,-0.06405133805588323,0.7607438453723048,0.1782030111916746,-27.661018787960607,-2.9371485683778507,10.737816229514413,7.639901380353434,0.5705171518947724,0.0,1,0.88
0.14995284577880416,-0.07250116450773172,0.8648037966873515,0.23219218362467534,-26.106446750708983,-6.707586007180599,6.463040748918289,6.023779599852485,0.16215231840745922,0.0,1,0.88
0.1973054947676765,-0.08513937644037955,0.8172864304594818,0.1514871705396057,-18.039697464920927,9.525829191838763,14.569011360952018,5.674965066862172,0.3743617441745368,0.0,1,0.88
0.15125043621650724,-0.07851853707765656,0.6798456019373551,0.2972452349354572,-14.893675415837565,-2.0538704278404265,0.22105117452154088,9.6549820771708,0.14763103281272796,0.0,1,0.88
0.14759588796360573,-0.054209336018461715,0.7755093242450626,0.17570187160000553,-28.534607146548325,-15.736756503249232,-4.822280808054304,9.403845507120279,0.509642520371011,1.2,1,0.88
0.15048619798452154,-0.05831448244823039,0.7554281640288074,0.2850755681739945,-9.605415124419514,4.96663956231893,0.2932223591138321,4.7571649403251595,0.4797903750075363,0.0,1,0.88
0.13784847141163342,-0.08395418390398897,0.7939168387083575,0.265653540296443,-17.837936674188562,-11.267387073648068,1.0002250167481863,7.777615256363258,0.3505351603536385,1.2,1,0.88
0.11486876881014552,-0.05853454820371545,0.6730323261635076,0.32426639003587815,-12.094221328817726,-11.123432046318475,5.232479622746505,9.02271599503501,0.19671479583997828,1.2,1,0.88
0.13049718734074034,-0.07355808414017971,0.6196142915149883,0.12394934305883719,-14.064485162046982,-10.33842699942761,-1.7675089247064069,0.9756665828282065,0.3739731520353047,1.2,1,0.88
0.13352836706523402,-0.0959508464099729,0.80307725381357,0.18016298883459403,-13.904084956244471,-6.427029657330321,7.764390913728045,6.541978194011233,0.18447710092926836,1.2,1,0.88
0.1538429665307696,-0.08450584500644874,0.5528777787673476,0.14488055091552413,-17.356881211305502,2.6640170355923183,5.959378095178329,5.292302316004374,0.4152032592805225,0.0,1,0.88
0.1581363442583992,-0.045870987906445136,0.8280838128292265,0.2329868873328731,-15.384322056603978,5.339064825124549,2.846180894310237,7.361531260460093,0.5504399494940906,0.0,1,0.88
0.1773780694208923,-0.03304116399808543,0.8456745370592313,0.34244061528701136,-20.04432462919249,3.64670142710512,0.6636846551235793,3.565082389377248,0.3791443732187084,0.0,1,0.88
0.1297105240926791,-0.1269039075874384,0.7374607163519051,0.13506153467708437,-23.792376955090205,-4.716137059972087,-0.5928873226525138,5.891135819802798,0.45063950306485345,0.0,1,0.88
0.09251097702006879,-0.06104436944273857,0.6835242735450753,0.23725430930075414,-23.591946751701236,9.690123971944104,8.791029427694014,8.288824479311858,0.4831194508732113,0.0,1,0.88
0.18792150511521494,-0.04867081284640076,0.6548195052160104,0.17985904135415035,-16.222227806977994,0.7579078066632529,6.329645529558602,13.449636291842868,0.2591626065281336,0.0,1,0.88
0.1085828694765901,-0.06697797715306458,0.8157012686424355,0.1930136600924115,-17.145570800231205,-4.01686259863758,5.861054963097029,8.785585866856511,0.4629323554132364,2.5,1,0.88
0.17031091409402419,-0.03356959958504393,0.8269654563182742,0.2506410522221458,-21.142113196061366,5.853378612967293,6.080695327565177,7.741894656785753,0.43309166642529506,0.0,1,0.88
0.13719058885479712,-0.09300049926223988,0.5637396716593102,0.2103947659685162,-18.891722300588732,-6.251808526410034,4.859278499236782,8.688987270495826,0.12394901073371242,1.2,1,0.88
0.1594286794643612,-0.09333495896699956,0.7493799558094162,0.2746145351012367,-10.017289970626098,-1.191062368167064,3.4710707867776556,10.444112047048574,0.5300249398481085,0.0,1,0.88
0.1762861797501498,-0.04277756153680395,0.8071056742545646,0.14039957714406748,-15.287967788505313,-13.70994859303392,1.1988675376004831,5.090538675975322,0.5259936090923854,0.0,1,0.88
0.1268964267830474,-0.0814185873647866,0.6915129193137248,0.2989168347669351,-11.261517603956166,-0.6325201558989776,1.2561225606597746,6.389188469220967,0.589970119286223,1.2,1,0.88
0.07415264699058857,-0.09207312873497889,0.7212915772151809,0.23287908746052183,-25.804410422324015,11.576036940680481,11.631509820534198,2.8545067749326853,0.4017149292473835,0.0,1,0.88
0.1599811588312255,-0.028400691610743885,0.8157780230073699,0.25248029567501584,-9.841368640030119,-0.3576700540766828,-1.3166759080859016,1.9507753362084337,0.45009336050596593,2.5,1,0.88
0.1306227548021311,-0.029219576228781068,0.7674592513169104,0.23179325328747855,-11.090909124401993,-9.139855184947383,6.931120830844053,6.4303966740161025,0.3616637968565217,2.5,1,0.88
0.15461291488634119,-0.04559312214282891,0.8189420923563504,0.19385529188533374,-19.93236837886999,3.768643232775091,4.489868254109522,6.986360085791686,0.2186292438173452,0.0,1,0.88
0.15094105248299125,-0.05809386134529549,0.8235236728636641,0.20631967217329156,-16.972535713890025,-2.251680639106365,3.9636290453584313,4.876786630160479,0.18028118890408815,1.2,1,0.88
0.12095749232538515,-0.05508145557315568,0.8139303318179483,0.10918255219870301,-14.25949704839305,15.515708396560992,8.739446481123359,5.2488929779311215,0.14069602900897912,0.0,1,0.88
0.17645089280873227,-0.04301187875823935,0.8308866081197714,0.15393831311681544,-12.080915977174795,0.9629850316444861,5.289907217996509,3.9426284353441066,0.19971442915197837,2.5,1,0.88
0.10609490690086781,-0.031121592758651024,0.6795142061420945,0.1888586812723383,-19.771207518616176,4.916377901206943,10.654596792860312,5.738069970796165,0.489289727067608,0.0,1,0.88
0.13036662799346077,-0.04111570508656569,0.8770726022571688,0.12079359666211956,-14.83601952311597,4.216569589424923,0.17452085273478612,6.369555225758113,0.422348359175559,2.5,1,0.88
0.07405709862665985,-0.06136928560001386,0.7770214595125711,0.23409921213472118,-29.244333016387323,17.57065787618018,11.204804916570707,2.7876383451129296,0.2149102102625223,0.0,1,0.88
0.1823654869952689,-0.12477806805959303,0.8692107017283636,0.22398470336913562,-21.6292463940551,-6.008187131124194,7.717940150578887,7.1366818523564515,0.1316270154371462,0.0,1,0.88
0.16654195028334726,-0.06356557446062312,0.7119443535962846,0.13435961934516544,-18.895880531230052,-20.52895508745931,1.3608804213975647,10.473596777693434,0.10605763505480117,0.0,1,0.88
0.15050718586770337,-0.04935681394115974,0.8129581953470723,0.24124598011968418,-7.940095183431843,8.050006395461722,18.041801295141877,4.358074104120709,0.4346020024778827,0.0,1,0.88
0.20028568522506046,-0.03802570412285702,0.7922604703885929,0.22206507089324323,-22.261625389871448,13.355067676381177,-4.307579748364093,10.849228606820962,0.3326696133660255,1.2,1,0.88
0.13791995366289805,-0.07521084788373071,0.773077860968828,0.22996899603270038,-23.073770927936426,-4.365808325089552,2.901455292332293,3.4246947367580614,0.3616221196545284,1.2,1,0.88
0.11463175793677863,-0.0849939940104104,0.8714909983069072,0.13516320286244782,-26.65444788141614,-21.176896864441456,1.818339182547935,5.6586086597113425,0.247807180105423,1.2,1,0.88
0.18843229176273543,-0.06742966811512141,0.8090394852877946,0.1850215360710789,-17.49786108013868,-2.7913738115281,10.395458722909742,3.8392307124263243,0.5480412803162961,0.0,1,0.88
0.1534601937118151,-0.006494999601111315,0.8368538210198945,0.22196136151809157,-13.238275513631741,0.04145987482925211,5.652706590179884,5.804361961166316,0.19116438127753563,0.0,1,0.88
0.11945866387784808,-0.06937320425360333,0.8641524797593723,0.2168743115911395,-17.348331851749073,-9.412383791529948,8.678050086231801,6.311598359869621,0.4136383202982571,0.0,1,0.88
0.20805532505891416,-0.08387622257501004,0.7745226742530026,0.2401649371525893,-12.598445860676607,-2.2160094640308934,4.914010958963603,6.245647537670484,0.20772199355589457,1.2,1,0.88
0.12432805234071376,-0.005093447701783764,0.8358225695617012,0.18079442329718806,-15.674832250547128,10.65995487960555,8.424086560348428,4.570632776454795,0.12737969305515337,1.2,1,0.88
0.19982564734812389,-0.07311918678563376,0.7663965397497183,0.21116991405670285,-9.738974263086826,1.561120398071944,1.7300653120534357,5.6372035916596595,0.5513755074870389,0.0,1,0.88
0.14799121998295722,-0.03063881611035617,0.7903425134889065,0.2530129353353275,-16.72414510603905,-2.8315398602157753,7.329293830574111,7.616508493759412,0.2734566601854487,1.2,1,0.88
0.21415101725935654,-0.033141380192982135,0.6664461755669513,0.22848856999171357,-12.955086565945734,9.292855523734497,10.35356838470441,2.220036773579398,0.4152132323568286,1.2,1,0.88
0.13758547091837411,-0.061482871206224476,0.7770756841125437,0.2479279076640786,-15.771245676293905,0.681999810342777,2.926528947278435,6.577645133079957,0.2230393024761084,2.5,1,0.88
0.14177180579177093,-0.06971646722643172,0.8834896445660316,0.1590132196836826,-30.021182516472958,8.11413590375926,11.560416377021058,2.7299105565979875,0.27401947171076946,0.0,1,0.88
0.09614015330846323,-0.0025826146087903554,0.801258834688773,0.28398070595888736,-18.06116476709344,-1.753593766196335,7.2279738944130045,9.039709873145217,0.3370315620772538,1.2,1,0.88
0.15424142028903973,-0.033998460143713445,0.6753722535378761,0.28881480389063996,-16.181697458279103,4.321924352673656,3.563903480774291,8.31774369722784,0.3095157085420638,0.0,1,0.88
0.12404769232097647,-0.07882715041269177,0.6278848328956421,0.3137212223466622,-7.8374962547114695,6.853502314548902,5.129212530536903,10.587512388152971,0.18076196114963064,0.0,1,0.88
0.1979805261244202,-0.0418640908146021,0.7670810381871667,0.2105682668073912,-19.195021140362353,-1.4854759690291637,-5.402279436836036,6.408593305535356,0.2050588431161793,0.0,1,0.88
0.1737322633161765,-0.06407843874173022,0.8909082001060049,0.18345825501511645,-11.195518223586074,7.740254820831673,9.279925091799562,4.286411101401198,0.5272676001508397,2.5,1,0.88
0.1351301875824366,-0.08569258718884108,0.7298898758490882,0.17693635648035513,-28.489127083443975,9.353756834781038,2.91900283695164,7.870217368108028,0.408469569024024,0.0,1,0.88
0.14072569547553174,-0.09429859400203054,0.6625597089397544,0.21442405517471036,-33.86295262778097,2.9956704575929622,1.8351391049301888,9.47152446723234,0.23467099987487747,1.2,1,0.88
0.19739457734498664,-0.009851146262606893,0.7783292395695316,0.20613583386811932,-16.60754282098425,-3.3337220498251767,5.327829363859337,4.513425729366519,0.36110683981386227,1.2,1,0.88
0.14490960514595236,-0.07289618202636278,0.5995776671753293,0.20697847067524433,-17.179768063456425,-0.431701280517869,6.553396275295497,6.98572386490287,0.10758649208591739,2.5,1,0.88
0.17115850469929966,-0.0380422126384294,0.7818068657439572,0.2760577711592571,-20.021240716239504,-1.309823622541367,-0.8807283423738923,2.2618637049919963,0.25384612182653654,0.0,1,0.88
0.11286499589563978,-0.0462035326885854,0.867299333223666,0.2241647318773404,-25.920351395446755,-7.620152490209941,12.219620319209607,7.262479912274065,0.3277014017748322,1.2,1,0.88
0.19525269385874724,-0.08186468971505464,0.545959175076502,0.21840044517318008,-24.46163551599081,-11.445594972894698,4.6311019573835415,3.1912241365413805,0.36789832309347203,0.0,1,0.88
0.14113365596222957,-0.1062733525054718,0.724092082293815,0.2811172628233988,-30.6594470176168,-2.263559802914873,7.356449405232489,6.89721403792771,0.2853567818228554,0.0,1,0.88
0.17344174503547036,-0.06371016438054254,0.6471236735679804,0.17666606893233577,-22.556743919901983,-6.363995236801151,5.969843053728004,9.876590595638636,0.24542998697146542,0.0,1,0.88
0.10809811659710414,-0.04606311817004718,0.8761199692187029,0.1829030273121762,-30.863971575847813,20.72299580156346,-0.8472689996900034,4.965686693525938,0.47118819143631896,1.2,1,0.88
0.17655714917220566,-0.031871107584585584,0.5835848641285071,0.24112590721708013,-31.3937361364711,-1.679383917827522,-1.7994523826885818,3.2234661833366465,0.547239312383388,0.0,1,0.88
0.13536367197952864,-0.035236435476565194,0.8217572773271623,0.24465432010239688,-15.742213324853608,-1.5923969227261343,9.694741534277114,7.7391488607477745,0.14251622675096862,0.0,1,0.88
0.1581896971347135,-0.052726418898258985,0.8126305060716935,0.17711526660337093,-19.51062165158927,4.694943486866689,6.6489282355621135,3.1068317240643593,0.10761123574574541,1.2,1,0.88
0.15895574116030725,0.0009564420609050328,0.8550173484658172,0.21101337429949396,-4.804871772665484,6.906852116837664,-6.38934193980235,7.542032696846488,0.5985568170063696,1.2,1,0.88
0.19046362868520494,-0.12191815288809335,0.8189400117132871,0.23716128593585017,-15.840044163475948,5.712885504047383,6.68262427434602,3.752257168472006,0.5212271021862572,0.0,1,0.88
0.1421062641911869,-0.04547023686891885,0.7046999580555271,0.2003303781022132,-18.334717361442138,11.680847249982419,-0.4220952547115715,9.596907781058405,0.273570298547388,1.2,1,0.88
0.12365001602658794,-0.002169358305275551,0.7038504479427348,0.2590671719684724,-23.583424246539977,15.464521805686323,-0.9471113208024393,5.6401665399598295,0.5900463569296376,0.0,1,0.88
0.10685469289813104,-0.02861660682457276,0.8278953968510776,0.3411553065306777,-19.937426675799845,-9.705205498401918,2.2271155928403403,8.271903700286074,0.297261297268131,0.0,1,0.88
0.11240990041953855,-0.035453462503630524,0.7280689739106249,0.231730242053129,-15.59868965496796,-1.1894327109714469,-1.6671767461958051,8.253505225403462,0.48969652712211087,2.5,1,0.88
0.09708828370539022,-0.03656228427011227,0.8532206243220448,0.2305463080981965,-21.361147084045836,0.426623726795508,3.8724156879271177,8.08655795561957,0.5342945707805009,1.2,1,0.88
0.16567392352170288,-0.07055646522421355,0.6968023392947316,0.24773616513254604,-24.400012426648566,-28.327689170772498,12.679458721010713,5.948816995076775,0.30583055258499325,1.2,1,0.88
0.1122729921041905,-0.09104444665723771,0.8720405803823166,0.23124083683457375,-13.586687187118665,-9.986851821693511,-0.7850394828740495,6.25288573674891,0.3632632665875877,1.2,1,0.88
0.16764519740835845,-0.05693373000776076,0.6746787738876412,0.22867640130672479,-14.821139605898168,1.059319812429076,0.7375533378044508,5.982260351068525,0.25338291032647575,0.0,1,0.88
0.2229501702759427,-0.07184681938181285,0.7209601170715834,0.20160683531517581,-26.97209775718233,-2.0212577256780375,6.605603614862519,6.640407549132061,0.21765419903768538,0.0,1,0.88
0.12474833196010232,-0.030700005143201422,0.8019852623011068,0.14077894359114462,-14.241361497276365,1.4440370711126942,7.093976829625332,6.181132824527345,0.510596379181807,1.2,1,0.88
0.1627641417474028,-0.052678028685205894,0.6739628876759844,0.15308346865897682,-14.829190170182736,3.0192606711195014,11.292578882116336,6.991149282602351,0.25614278794462764,0.0,1,0.88
0.20486759025619572,-0.08140300203334581,0.8516067847360569,0.224138976833081,-19.36944568631143,4.0389330583622405,5.029270303379924,8.27491034352824,0.5522955079265842,1.2,1,0.88
0.169658006665586,-0.038988915910569494,0.620403143475595,0.1897018508026245,-22.810074220006705,-14.30597988707375,2.2439883255351463,4.868352208505428,0.5412106042434751,0.0,1,0.88
0.19582227626293058,-0.0267160145413606,0.7010080390610758,0.2161770224580262,-10.43564790566816,-2.6775597480661277,8.999347168869786,4.3359860552271945,0.48616102261318295,0.0,1,0.88
0.17065495396737365,-0.06939967776012394,0.7658598221485444,0.22532177082156443,-12.455419719346287,10.375037370887963,-0.04716846749128578,7.365847138889453,0.39355167753151865,2.5,1,0.88
0.1957677345836705,-0.01445921125288599,0.6287826959717376,0.20839040025508346,-26.89375093994442,2.264172955587097,5.8472055248634565,10.986834881770557,0.2952392202630534,0.0,1,0.88
0.1297764306296014,-0.012263304006952767,0.7059303554703554,0.2575545271501817,-23.84811791230546,16.010543654929275,11.906660186355548,5.551208034421155,0.37380399304233836,1.2,1,0.88
0.16312762843758982,-0.007130350435145705,0.7291923913155318,0.15756568049214187,-12.498423276768968,-9.231729527118953,-3.4988234436508545,5.373037334908862,0.35884182626503724,0.0,1,0.88
0.206865072581775,-0.06714594120802832,0.6381982569523286,0.25535294292006017,-26.56042538426643,-3.847165670508988,3.9845748178877436,7.027864243824004,0.5980384578982989,0.0,1,0.88
0.15121319518532997,-0.10562242574426668,0.7393871553487605,0.24054169038904913,-9.53092926876143,0.14479971459115853,-4.702509447392618,8.402714920604932,0.10025499450797179,0.0,1,0.88
0.17218570452164716,-0.045660018376591865,0.845453853431013,0.2631802753443144,-4.535648928379517,0.5846570474195951,11.249540395919347,3.2580429264638076,0.1305168592866189,1.2,1,0.88
0.1445494056532359,-0.04345504410012724,0.8495627664437613,0.2139693415181557,-24.119090924901144,-11.493937906066488,5.5520745128994164,7.676491565277676,0.31737586311999455,0.0,1,0.88
0.11582871334265735,-0.008797429358275585,0.6237302786532514,0.22961844635187556,-22.272822070267758,-2.79383580332294,5.997940478668703,5.925914157291058,0.3573063956188808,1.2,1,0.88
0.17583670245299532,-0.04649226926430774,0.8438489573854059,0.23005945297002214,-18.393383556178474,-5.729800075384128,9.550104808734801,0.9614964828445167,0.344982588163565,0.0,1,0.88
0.19040862657714144,-0.03176514402759746,0.7668032617018549,0.25646848975648756,-18.623899792122586,7.340086616657053,1.2633939531317244,4.984439176566276,0.33649188332606694,1.2,1,0.88
0.16056479289708706,-0.043928437549756505,0.7135695877188635,0.2694700531834855,-12.578571647786394,8.123052179072532,-8.496297564137201,3.070197668207837,0.22425116375113677,0.0,1,0.88
0.13456565707747012,-0.033313089748285285,0.8331671342323212,0.1775430176743504,-9.674461918835798,-14.11378046907762,11.646688315331255,11.73419269095529,0.2693359624437486,1.2,1,0.88
0.13540406187322374,-0.029001029998367366,0.8027047657056215,0.21348709462816254,-25.237294099044107,5.779791287273246,-1.0659874704839991,6.128756799933301,0.18474413746002835,0.0,1,0.88
0.13666675981993207,-0.04853847967340008,0.7308815894851175,0.2994723468052354,-12.308915517879267,-1.582863614887747,0.5550351772112432,2.4026428413751493,0.2645577064474136,1.2,1,0.88
0.181612059529468,-0.03517605596251462,0.7734134267598765,0.2095078944995474,-17.90455428105665,0.1962846940060892,2.387524056977589,1.9419557626255042,0.3002023686050185,2.5,1,0.88
0.08534979249300889,-0.03119882457313723,0.7607598477472266,0.18513351707512707,-19.805011721730192,-4.929185031141023,1.6439520788434936,3.4204336231789125,0.4188557119433568,2.5,1,0.88
0.12332243512587246,-0.045252404772285794,0.8230466873308585,0.2993566225727192,-19.388255744940235,-0.1814202038987285,-0.02054344290820076,8.280059177470765,0.10494393250846037,1.2,1,0.88
0.20939845104871796,-0.054415141332547975,0.7130990514194655,0.2689517912733759,-21.858923983206672,-9.812484639215723,2.88516633940133,5.848286416995198,0.3324775118088652,1.2,1,0.88
0.12274043154253625,-0.09460978054279706,0.705959140280445,0.3030964885173638,-11.713790586734342,2.9212850598013547,8.949304226372705,3.8173686008069314,0.4905153521669595,0.0,1,0.88
0.1967922584185189,-0.09441196799157231,0.8136539649967884,0.18514842653175692,-16.2909618278673,9.127703458923264,6.709974839705163,5.201218875202413,0.5247057939746598,0.0,1,0.88
0.1654458353980548,-0.018106028986328,0.8224928423215474,0.28133230658595587,-25.306028265638904,5.562153816709979,6.185020378854464,3.502032742595855,0.32523366385237884,0.0,1,0.88
0.11387739149486409,-0.09184418918770883,0.8417148714753873,0.21257222925497088,-17.219093628086494,16.144773862683895,-3.125606704264081,8.978087987951854,0.46448271354894055,1.2,1,0.88
0.18212572793737447,-0.05158275102124143,0.735244417656677,0.3187493411770459,-22.29716708167996,1.5308980328928892,9.653380105407015,8.560879474649914,0.4877840739047159,0.0,1,0.88
0.11073665086542131,-0.030451496909824467,0.6688157165113684,0.23609175950113853,-22.68814617370168,5.530851048644203,0.4578298491680157,7.873887593612821,0.49374478431468694,0.0,1,0.88
0.14177665573857834,-0.11163141376888988,0.5826410568967584,0.1787508929164182,-8.078188703820851,-4.27800643672732,2.869078841447023,4.9718001891736545,0.26011502048426094,0.0,1,0.88
0.14955756845949472,-0.09856696781133331,0.6115098501183655,0.26533241929046414,-16.31825224820456,2.339873503538367,1.82558539787152,5.420305062346919,0.26190926727913755,0.0,1,0.88
0.12119968433436515,-0.030867349848533933,0.6664007367043225,0.26797049984285465,-12.427394789545351,-3.504629184828295,8.323663292073599,0.28728876332662434,0.42447096797616635,0.0,1,0.88
0.14328992177406252,-0.11586639979346543,0.8173104076998446,0.22894658644690805,-18.416796309675448,10.87791404029615,6.547291598318014,7.144179027983965,0.19549101527010146,0.0,1,0.88
0.18495471371683564,-0.023790890261032524,0.7271758099876915,0.26780645206466286,-24.125290211949057,6.297192399172295,9.412457466590586,4.371133557559461,0.12927071097503898,0.0,1,0.88
0.1733962358529238,-0.06589342473137132,0.8254934100601925,0.20819227160713868,-15.642275620959353,4.478227958293,4.8761267022666335,1.9561136726741797,0.1920942627616857,0.0,1,0.88
0.20193295080318063,-0.056463177817099724,0.8053634189719577,0.12850480694183022,-16.619008067956802,-4.03676446999236,6.584020716104211,7.9977536600547205,0.3168229623660149,0.0,1,0.88
0.12913439549389785,-0.02138795464856482,0.8523627739257634,0.18373299795926215,-13.29135581683855,7.7393308095575275,1.6771745400965083,4.748296500477821,0.2359779230194248,0.0,1,0.88
0.1279447931437986,-0.06465611738600274,0.7573932331214991,0.2523075544678062,-23.638729850009426,1.1313357805680193,11.281875125178866,5.387774837376403,0.35613437539222603,0.0,1,0.88
0.08946293170613871,-0.056804502710282756,0.65304627351559,0.2587615364418877,-13.584817537428389,-2.0550818328301244,-4.593664914392091,6.849909476892282,0.1613923990595754,0.0,1,0.88
0.0904909772194088,-0.04286244904060145,0.7308067977396617,0.24089320130997205,-23.158725851828976,-11.963057459589805,-5.740870848537142,5.991907823165876,0.46282773182193315,0.0,1,0.88
0.19782306960027937,-0.016535345466382384,0.702321680948239,0.24553660330679467,-10.927824091684425,-15.07464015162276,2.5795369140884548,4.265758207278248,0.30602461294469296,1.2,1,0.88
0.20256929909132695,-0.05695313003425788,0.8013492511505849,0.21669607834548454,-20.789219817441108,-3.2450077168496407,14.926118639531127,10.993779258730513,0.2271944041415245,1.2,1,0.88
0.13587607530876386,-0.0698048803654985,0.676454728486966,0.2469481536327861,-23.217662020463916,-2.595343217247962,6.671394177391007,5.1360822015983825,0.5286656850663297,2.5,1,0.88
0.15208275402269064,-0.0839916676623289,0.7610996559623868,0.16530620573598814,-20.877162239899956,-5.613859870540361,2.456350659142283,8.644409239176458,0.5472390277934099,1.2,1,0.88
0.10581717501307063,-0.07750918279275516,0.7537877390788255,0.24317301778331085,-20.05187591590475,8.894534604520423,2.3492595979689,7.147355395756364,0.29661087940211806,0.0,1,0.88
0.10694563221389936,-0.04849378593126935,0.7926045973166338,0.2985147756660821,-32.75800288242995,13.873184193475495,0.3570822021857323,6.06215908188311,0.3404337293181129,0.0,1,0.88
0.18560315711956019,-0.029735539348683136,0.6765235197930146,0.2326463602106563,-10.232200177559225,4.820007758470943,9.574773175189343,3.79676566577498,0.48923841455811845,1.2,1,0.88
0.18371679870513746,-0.09473986910082673,0.8549365709937625,0.16166131035481746,-19.743030963232624,8.386919085083385,6.130286028730561,10.19875460637298,0.17885382235597566,0.0,1,0.88
0.14098510303124578,-0.07578921707024724,0.5834681805643391,0.17770331799485156,-16.670162070664077,-5.391196387273913,8.46565495967638,5.901850790311878,0.24465215855202663,1.2,1,0.88
0.12371991329388891,-0.03821522635273312,0.7015182602553214,0.24732436395388666,-27.22272733616561,-0.027369209079862802,-8.09715093813519,9.674633471418943,0.3435726813904044,0.0,1,0.88
0.11047195684537717,-0.08886405167348603,0.835692727504042,0.21012353312654158,-18.653887388195358,5.624441612720467,4.9607869165636185,4.103678253213518,0.19331074578341337,0.0,1,0.88
0.18549783958271762,-0.07517892272936394,0.8767819117080229,0.2505760546852063,-11.346017285257968,0.9328863650581792,-11.720943127085079,6.174005184095521,0.5524976129861624,0.0,1,0.88
0.15603638912579437,-0.03313082576510812,0.7826658457673485,0.2651162880565193,-20.053561589438527,4.189156560287027,3.4181768939881474,3.5246527706394217,0.19031827547376626,1.2,1,0.88
0.14052010065350065,-0.0739175412096558,0.8631245603613495,0.22478857078277217,-22.00457772404053,-2.9252117507905164,5.7744867188207065,7.400743753829605,0.3702973269808745,0.0,1,0.88
0.19511810238498783,-0.05443822078450341,0.7587545897625931,0.2637752524922205,-14.104473001372437,-0.3785111359945148,10.356055260164498,5.406507183085892,0.22821434732585386,0.0,1,0.88
0.21727293472382814,-0.0668273795805553,0.7750799007078772,0.22205221640519135,-17.3153054991999,1.7910054277512144,3.7963465426545477,5.7922799921262405,0.4235311035245247,0.0,1,0.88
0.11390771967730615,-0.07616223473564046,0.703795492814758,0.28528227809200235,-12.817308580998851,-11.84355140018173,-2.5031728283383305,5.313383021167626,0.4447986451638666,0.0,1,0.88
0.16489777053570903,-0.07450537765609755,0.7210984995459873,0.27486200757797485,-12.781026087599798,4.021214540826572,4.065638455455544,5.742207968361985,0.5103111271415768,0.0,1,0.88
0.16609798300282033,-0.08043731845482369,0.7627107694795494,0.23232760477486591,-20.549045896580537,-8.165341839214387,-0.4866982383122078,3.2905839079062784,0.3897696717468627,0.0,1,0.88
0.09341930979395009,-0.004156193259622076,0.7743631313779797,0.14425532504618516,-15.692598876347592,-2.0871381558943893,4.366585811734592,4.0321911241993345,0.3700467105488573,0.0,1,0.88
0.16442447319567374,-0.046140548673135426,0.8120145026214057,0.27877270061695675,-18.047808149167285,2.5072964213107882,8.600272696793326,4.139220530607233,0.232142610606241,1.2,1,0.88
0.1636893917387607,-0.0437571860827439,0.8563568968255139,0.2110817844729463,-25.489443500717268,24.90601342318633,10.352171358548434,6.180498820624281,0.2153919612568376,1.2,1,0.88
0.18997230175262145,-0.0787630740599887,0.832504433142614,0.1737653884738234,-17.086020663307245,6.654351402365857,8.704537794474843,7.120443317952343,0.5792765926563134,0.0,1,0.88
0.08935391145890331,-0.015732611109358884,0.8219062269692099,0.171178670415423,-17.594761325580322,0.29868061688569975,3.832498456195116,10.060049498681611,0.13219205296434042,0.0,1,0.88
0.14939533990958012,-0.08474518562177197,0.7768059132852425,0.19308252712445115,-17.19023365850743,1.050534665280431,7.747603109344336,12.602576946656189,0.3031271332139138,1.2,1,0.88
0.18646520415069237,-0.09161372392027636,0.6888520593545169,0.19048510574142014,-21.500662658766498,1.0492115420035297,2.4862616297763243,8.220439367533732,0.226085552832593,0.0,1,0.88
0.14167997939398008,-0.033740092976562434,0.7171782873936619,0.2036092344880321,-18.630659238678543,-6.434995166414685,14.374283537155781,9.929919963469043,0.5642708817136908,0.0,1,0.88
0.13622321668394302,-0.11119467383039991,0.8552392012957328,0.2343579754748089,-18.2454996621279,5.611531070537464,-1.5824539036413015,9.336042248863974,0.33838526030321303,1.2,1,0.88
0.1542962312331899,-0.05572488303983962,0.8843499016069126,0.26645947807738557,-18.11541053471355,-18.52356269892494,0.6705587800680037,4.775381442170409,0.35420827567875846,0.0,1,0.88
0.16480446956915656,-0.10405996579977543,0.6985020247827097,0.3458323277896933,-22.105787876423204,-14.524634318316117,-0.6522055075194473,4.071684646106593,0.5980764521003231,0.0,1,0.88
0.12714068304880055,-0.03277478811088122,0.7593069258087909,0.2139740812810403,-6.641783127578876,-13.640070181907674,11.06588790695796,5.5747048119219365,0.2509901134769682,0.0,1,0.88
0.13641645145089037,-0.07565566373691462,0.6198310105166556,0.2034910712614906,-11.747958033838396,-1.9814516647720066,7.908863480245065,6.424990103680436,0.29513943199427617,1.2,1,0.88
0.15183494649469972,-0.09121978738251545,0.7347128098934084,0.23929783681293165,-19.173616574566562,2.6332524067457683,14.178749321466581,3.094270879497981,0.35902294220569586,0.0,1,0.88
0.21097420983411988,-0.0921494746100518,0.8338723392292524,0.23990893940076546,-30.38557363467253,-8.28937377270227,11.670065209935581,6.023303344490167,0.4008178679116682,0.0,1,0.88
0.12763967114850636,-0.061374331329542405,0.8765145168201802,0.2381792136923095,-14.223472517499417,-0.050482909317844625,12.643599352476334,8.072853701395964,0.31561849569530354,0.0,1,0.88
0.18881653924301034,-0.01700355448658178,0.8380312292266087,0.11495682299718894,-30.60661704151756,3.7766607621936705,6.71194060566711,4.311508782565342,0.13601846250926006,0.0,1,0.88
0.18904460832767983,-0.024865144556345718,0.6682872223279945,0.18275636073618629,-18.786122544254997,-9.438973444379513,7.752870329063591,6.155537686071329,0.28326952720447807,2.5,1,0.88
0.10226026179834383,-0.05215862801895599,0.7839098350609031,0.2330224962584759,-18.175833100028267,9.238520956108783,8.537006797538925,5.817249910839578,0.24311155051285696,1.2,1,0.88
0.11893872324265195,-0.0651223526500399,0.5910058308734681,0.22273280604563495,-10.524845512869929,-4.183816803705169,-10.551134922063687,7.738778733158333,0.11472125737241576,1.2,1,0.88
0.15237934429208422,-0.05065997453247858,0.6872754436614041,0.21512383871590254,-4.974693570849421,5.584394066518584,10.068911767399577,6.016423837718351,0.31358739483650466,0.0,1,0.88
0.15932536516545825,-0.027670381112838427,0.8713360275685467,0.26875535716444043,-22.15369481631431,-0.3113836334407445,-1.0052298005867986,9.557654022521879,0.1996823658735816,0.0,1,0.88
0.19608422105681328,-0.06137349347880852,0.7727357612950506,0.2365381446629206,-18.895419688990316,2.8968382132582935,2.8856372132971004,5.274895780826341,0.596798682855855,0.0,1,0.88
0.10613901572729799,-0.004533778335532507,0.8340830276111679,0.25470483734058785,-16.39537271996923,-5.959581274851552,0.5891390191571064,4.129684710126894,0.5440568275901886,0.0,1,0.88
0.09030486620621436,-0.02116050227037925,0.813097049666623,0.16765719100217977,-27.131001434704118,5.563557891140428,8.558424766349283,4.967378777912937,0.510754258449046,0.0,1,0.88
0.1896397458413992,-0.08872102895148479,0.749349095659368,0.20305361843254285,-11.093478838127938,2.3467447203645913,-0.5554560915591438,6.027897279058929,0.1706563722470801,0.0,1,0.88
0.1476077470530701,-0.06572568331476207,0.8040741062084924,0.2671834364803482,-19.702510576930262,-8.70188576098623,0.5565871777349392,8.568285014925012,0.28357157965603685,1.2,1,0.88
0.10198786804410119,-0.03660970452171336,0.5459441886498653,0.13567349701548315,-14.197808907824937,-3.9429425813752332,-1.584526101499283,7.941326518094469,0.5874872813014552,1.2,1,0.88
0.11390626224753639,-0.06501380580717608,0.6989856987992695,0.17700902728338086,-14.311481555368081,-4.250541690095453,9.901589938688215,9.75174569414866,0.41269619985675743,0.0,1,0.88
0.1407407061093512,-0.10624698515564604,0.624567447063231,0.17478024385226898,-20.647533657060414,-6.5918012672862645,0.8511361939782391,2.6680730626755698,0.3579920431046816,0.0,1,0.88
0.12828564606368875,-0.042219057572753065,0.7334264353316506,0.19607047241847037,-10.781066640379898,4.070679156326454,5.9639184563673355,7.274209601865541,0.434645119076593,1.2,1,0.88
0.16823674527649607,-0.061521800294912374,0.8273639846093939,0.21736940633218121,-28.188551746782146,6.1994796753763985,9.66678067377173,7.359522266158115,0.3102195896397685,2.5,1,0.88
0.13457777666098403,-0.03153283888809838,0.817708099207122,0.26650362296511154,-28.26265410076896,-0.7819379263479943,-2.7822003251925516,8.138235533005783,0.18903271916236605,1.2,1,0.88
0.1900124714588255,-0.08245755458019882,0.7761473032287035,0.19945714004317627,-15.716121432329043,3.6625921700053268,14.19651995441014,4.917015626664362,0.3843248180895025,0.0,1,0.88
0.17783268764542587,-0.02573995085752953,0.7308692554223886,0.20359823475905636,-13.209379032698099,2.0759417682467682,-1.8364946260807056,8.900895868641237,0.31539273426438363,1.2,1,0.88
0.13631695452850662,-0.09013353424153406,0.6084247569967458,0.2753655834670387,-19.01629034075146,-3.144691070341442,4.479375717778289,3.1939770954962245,0.35949062676163934,0.0,1,0.88
0.113384521437347,-0.08421562708008515,0.8589849946379182,0.2702999169816341,-12.508668224973475,-0.4779005585038756,2.3529435542633848,6.129175472251084,0.2738139007194972,0.0,1,0.88
0.1797638111627118,-0.0713329792017717,0.7841202301355601,0.19508385135287937,-13.955851735021124,-14.102529777409728,-5.608640314867209,4.337014078838633,0.23759453621377083,1.2,1,0.88
0.14876753282177146,-0.056155787309639695,0.6707424854097104,0.21366018129396472,-9.158976869820481,0.5728612981377789,-7.731921174973948,12.145966657069163,0.19304878389145205,1.2,1,0.88
0.15138547806570823,0.005913583473163897,0.8463644836214395,0.20407166659695838,-27.26156513065223,-0.5405674223091812,4.568769758056426,5.381309979897534,0.20732235699487786,2.5,1,0.88
0.09537336073628581,-0.0512761257831073,0.6274037284855793,0.2207041429900888,-17.60763107739028,10.210379116260857,-0.8915937461574854,3.2605651672251303,0.2781014652548549,0.0,1,0.88
0.1666710521861875,-0.10737484840267336,0.8351723836472869,0.15318340553922777,-18.85766618723299,6.607816451496057,-3.9317379315819654,4.497695167699211,0.4178781671837596,1.2,1,0.88
0.1296658417275819,-0.06148419405970917,0.8753602168628327,0.21583110552050458,-22.813172732418636,7.81527946733205,5.263934140189073,4.488930580088768,0.48613831285097153,0.0,1,0.88
0.13383039034874672,-0.07417601955846073,0.6863328968945208,0.2669297901587556,-14.33671838021587,0.36999249652401167,2.7289236667674173,5.299150731643548,0.5812643532932776,2.5,1,0.88
0.14097784021399903,-0.0682072063053307,0.7570417521091071,0.21882614614056103,-22.202846638408374,-0.6945656743036541,7.2576355720293275,0.3589652541249704,0.29293040667080095,0.0,1,0.88
0.16734594923361257,-0.14489046911722392,0.8257132604342694,0.17607997613303494,-17.627650411767622,5.185972346939266,5.0452080541544255,5.015373659692193,0.13090143503951737,1.2,1,0.88
0.17275607220315292,-0.022349693494094977,0.7378209700148026,0.2430062145819085,-19.000763714277262,4.152135845125432,4.019157090358316,5.879837890565464,0.13120116013843533,1.2,1,0.88
0.12358905859900216,-0.033909547067387566,0.7435795609448971,0.1985789134999982,-22.908013501918894,8.750282108219547,-1.3230130934300206,7.606435722886655,0.3300359970990815,0.0,1,0.88
0.195875583704121,-0.06826345396094427,0.6558353070069297,0.2502319442274778,-26.278155887597404,-3.8840948103954926,4.779224003590887,2.0103550500836853,0.4737212626602796,1.2,1,0.88
0.19109413635577777,-0.020400106544409817,0.7662027604036123,0.21802417288842196,-22.08727141002639,-5.217898664579881,7.712729860816755,6.202236062454288,0.4043450646001774,0.0,1,0.88
0.18988091973643226,-0.0157338313749417,0.6881713219092085,0.2215288774006788,-20.221118716351665,-4.4337196214947525,6.004210773738949,7.2890357519635725,0.39638984698837443,1.2,1,0.88
0.10055828989803849,-0.018335267575650363,0.8812618993109299,0.206891803993743,-8.565728201732156,-5.912829999220292,5.178812506175564,3.7306082813140815,0.22143232526563314,0.0,1,0.88
0.19341437483610802,-0.04458694996794686,0.8022135534607544,0.20087526699684854,-16.987664535924736,1.8414464498337573,4.474443147775679,6.861523301485275,0.36108640224216904,0.0,1,0.88
0.13082351577639834,-0.12954728941057497,0.7843370570497323,0.22293019697628597,-11.226560424736663,10.150244707310735,-4.31936035268599,3.958484532151041,0.28890455021621686,2.5,1,0.88
0.14683221122133966,-0.05704687128226249,0.6927436069790945,0.3155211920186963,-23.11400207071866,-1.179009801582546,3.5478865524426584,7.286600599952898,0.4326946185840088,0.0,1,0.88
0.13615460594235274,-0.048457483986995904,0.8609029987076575,0.22410434498137158,-22.681302888825847,8.37440722793077,4.883913154188372,3.6615068500442662,0.5442130710939285,0.0,1,0.88
0.17521703093375013,-0.09442987883843246,0.7992487235579584,0.23693874119498043,-25.554016361808905,-0.3328599629631514,11.368691762685572,8.81482582658514,0.24346225687834508,0.0,1,0.88
0.13714714695733268,-0.09849256309129328,0.7932566037022593,0.1823367894131429,-11.374421596435992,1.1234069395586737,6.612493916385645,1.6875364146718326,0.30537223391769597,0.0,1,0.88
0.07727205387908143,-0.04270931947158574,0.7069660077110613,0.28343682285648863,-14.976840394965055,0.6815674397663,8.906117878327326,5.415521581000707,0.5103212736491447,1.2,1,0.88
0.13046471118324673,-0.052732673025310504,0.5979581827536262,0.21543093697860285,-12.71711219451532,0.25133978773240373,4.990597308959355,5.022501396190903,0.4580555177946255,0.0,1,0.88
0.13715543240736255,-0.09544323784731928,0.79217532766808,0.3013692957295623,-22.28767687274578,-10.706734602575516,4.835010770395725,4.224294907122305,0.4037668956390251,0.0,1,0.88
0.10400476213912996,-0.11224708950753373,0.8848476210563551,0.1956931766575584,-15.431647514093006,0.8987035898590134,18.351240336743704,8.717289044472501,0.37559417977057397,0.0,1,0.88
0.12206526449530196,-0.028122839827999124,0.732672781368294,0.23575451167347874,-26.89243965289456,1.2563133615741429,4.427388384754087,3.7396528922463,0.47341325307454707,0.0,1,0.88
0.14624475239115411,0.002135139075993317,0.7318393570881705,0.17858971471703514,-16.108142239376452,2.134609368643097,-0.0757419177656331,0.4305011066585456,0.17622144220395178,0.0,1,0.88
0.19433078619096458,-0.051752076567897376,0.7704158266790807,0.19758433624781377,-23.98120256854122,-4.844557242427455,7.8928108969094515,9.009897412525584,0.4059175272995904,1.2,1,0.88
0.14027783448594655,-0.10623099207301388,0.7357272036120791,0.20339111030346307,-8.992338698929627,-4.118917299230256,15.87190772529102,7.965301368995615,0.1863655204738723,0.0,1,0.88
0.2039263453405796,-0.07391391808949638,0.7514781026806374,0.14526613545161993,-15.107761216682105,5.792753620048746,1.1750177409773097,7.353448431588096,0.4201096021835026,0.0,1,0.88
0.15523546984637385,-0.07056914620047511,0.8041679927320824,0.22877068209132057,-15.917602366798338,-11.658438151884287,6.54074999098234,7.326058659938095,0.33318205941630563,0.0,1,0.88
0.13804984131933742,-0.03646898592688361,0.7319741935141156,0.28283852987366676,-19.099901052139824,-8.750147201804069,8.303019847679737,4.589098938289917,0.5015230632799368,2.5,1,0.88
0.10506423975661598,-0.07617331982104947,0.6471368656166587,0.1866721884383477,-12.754980768621003,22.716983318463303,6.136194802762841,8.154122155807881,0.40271252294002846,0.0,1,0.88
0.17080552992676218,-0.050806310380512934,0.7219786454071992,0.15562354129703954,-17.31498549907123,-9.786456382292029,0.9160223300299668,5.304664154275457,0.3334791492727054,0.0,1,0.88
0.14651348210245838,-0.07613485109595067,0.8259587565210513,0.20503030783338785,-21.55346626574408,-4.31048287117694,11.108174787286018,5.2006494643312395,0.37765577864352873,0.0,1,0.88
0.11597617012564701,-0.10008808909654061,0.7553477553444545,0.26905739130801504,-15.647231247073904,-16.749579601040804,13.21200229983108,3.8410791007252683,0.3917900931168443,0.0,1,0.88
0.19134689540010447,-0.02840138598142801,0.8242318927481809,0.21349645793582336,-12.664092556023881,6.640941315961813,7.548047927036233,-0.3149032044234463,0.5577256843075492,0.0,1,0.88
0.15383965091031793,-0.0826297391563922,0.7456117696349973,0.2505951833085113,-14.551842037754405,-5.367315021478169,12.49546384295606,8.502662106426907,0.20890825964260376,1.2,1,0.88
0.1755722663339459,-0.04822356554287782,0.7059965443148595,0.16748079463250967,-22.681564352872787,-12.019396781148414,3.623508846585093,7.500291138111265,0.5198920178086952,2.5,1,0.88
0.1493574511514299,-0.07602364924838687,0.862062717651994,0.2530424066939216,-11.07459117060144,-0.9859355108090699,16.361284435748082,4.880462490320585,0.11207038856116683,0.0,1,0.88
0.20993844613538698,-0.08924205545737261,0.833148903219832,0.2345435595322043,-21.903251976249418,7.497801389332914,0.06549243616516387,10.208537111856671,0.5671526343182367,0.0,1,0.88
0.12012008679115829,-0.10036883754984441,0.728223297576505,0.2064377631241625,-11.981177980166606,1.8543421010073984,10.673609758210642,3.3512035382645586,0.5308336293391267,0.0,1,0.88
0.14608755519548663,-0.06740469991429672,0.6309755695733564,0.19813820289208128,-17.968671507946375,-4.73068813441897,3.108462940255343,4.478526335124602,0.5483890584346172,0.0,1,0.88
0.1188993805860051,-0.027586779116613357,0.8181589133244435,0.2609204396715759,-16.560170456683935,-4.803758531225589,7.40946226683274,6.035398698796259,0.4729834039430424,0.0,1,0.88
0.2023700708601896,-0.05415507128651294,0.6296088524042377,0.22248306778541088,-29.860344460083365,-16.597886576980386,20.438092812529096,11.30997610079463,0.5751935720895563,1.2,1,0.88
0.15752764493311794,-0.11311968514991075,0.740685861278382,0.21632928863037654,-19.26695388045086,-5.4327789085556555,3.326061296790579,4.682885415245933,0.5568163730892524,0.0,1,0.88
0.1819272388552058,-0.06082923892810644,0.6794523955902333,0.212551416761782,-19.65984545583255,-4.568634422147637,-4.160694280543183,5.97851271151433,0.333280852571631,1.2,1,0.88
0.13494602920698637,-0.0827170754666472,0.5706211402684276,0.23255347804884724,-22.832145579900484,-2.5347457528924995,0.9967629485003915,4.957849573220619,0.40819776238842964,0.0,1,0.88
0.13767813330067605,-0.0861682228540619,0.7419490628414148,0.22286877769034907,-18.468067729357806,5.01622932735375,4.001972342008789,-1.1645748355664738,0.4487127290777776,0.0,1,0.88
0.16560846185402078,-0.14553503421739922,0.6247715177411968,0.2729695283594848,-13.656774750553886,-6.634499516446206,11.47015381433989,4.0214733140560455,0.25701062529169527,0.0,1,0.88
0.13131285531559841,-0.04761876698329675,0.7496090565392419,0.14217315328991875,-16.047611034058004,-5.525502846745895,6.48469280375053,3.7960314674656654,0.42398215245270454,1.2,1,0.88
0.16090928053567832,-0.0738711650790862,0.7200574846131695,0.2609268526217575,-9.627357056474686,-1.944352501157977,12.432572089215576,6.397161682799544,0.23252176435567132,0.0,1,0.88
0.11944038656092021,-0.061167153012616174,0.7874584436891469,0.22109866479816082,-19.197031232215746,-14.826796096555052,8.10079166910052,5.623018812598931,0.12058864948150791,1.2,1,0.88
0.15382155299480993,-0.09935275633425951,0.8173166837405113,0.22174645668773896,-24.089774479372092,3.828516323203054,4.128431929227849,2.761301836440374,0.22039965496906924,0.0,1,0.88
0.1783900668859414,-0.036053491392880194,0.7909105438680135,0.22508686029199634,-23.483660113848046,-12.098425841788275,7.329387562047187,3.9826842012742887,0.45386083001086264,0.0,1,0.88
0.14557653276658433,-0.05317289151554707,0.7941489387879861,0.20983537474595554,-16.57582196717217,-8.55968686284066,12.116799074174319,6.01875743620422,0.17536554213796887,0.0,1,0.88
0.14290756109164093,-0.027956601344913345,0.7795194120671476,0.31853391957332455,-7.857579341913489,7.88643128275442,0.1481141587271102,3.915727110103415,0.31998157475384603,0.0,1,0.88
0.13163202704065838,-0.021989850041338105,0.8062740025419635,0.3120282559053058,-19.570004929473846,7.445509071296299,2.7995955663770706,6.061442855682858,0.567310420176954,1.2,1,0.88
0.18381257476656698,-0.05311948717911789,0.776615194675935,0.20554993906993912,-28.495957696977985,10.039725829026505,9.409530695333325,5.3359051767193115,0.5269111872731133,0.0,1,0.88
0.14429303678281633,-0.11280158340458439,0.7893130722982253,0.27167436463841793,-25.641594006214696,-5.5477042267714545,-6.928101254852846,4.887020719632475,0.37061532938057207,1.2,1,0.88
0.15021364106445642,-0.03777299022395343,0.7311293645131465,0.2552947098052276,-19.889646958696265,4.437207513705264,7.1730030024985645,5.077558371216575,0.4126991214957262,0.0,1,0.88
0.1781198721730225,-0.07154074874421651,0.8075868827251904,0.12265157021308873,-14.298019314245549,5.65734651927009,0.5505948816973634,5.921611781559935,0.41719862974854227,0.0,1,0.88
0.1207138229217962,0.01875418249795839,0.843125505900209,0.17030873555713644,-19.89528602909628,-1.140377902891264,4.708486599392738,5.921212352048819,0.15263653110316924,0.0,1,0.88
0.1402461000500271,-0.06797362010699479,0.8485456938742317,0.2993687833473333,-14.00900613634573,-7.469581529052777,6.3846799453165755,3.4709479202173386,0.30061822698156393,0.0,1,0.88
0.15781719618091458,-0.09024641104744935,0.7321674334909771,0.26292294213195155,-18.49998884925245,-13.446303180418585,7.731885964126839,2.662928542304205,0.157707119545659,0.0,1,0.88
0.15616557218651142,-0.07363505102530771,0.8445633427554389,0.23688107652519308,-18.16008680303048,-7.92459990566566,3.3291443059853583,1.3352856300535434,0.35177607550849244,0.0,1,0.88
0.16462674015496093,-0.04981475959538976,0.7632703895661264,0.14785731229663324,-14.592777825974755,6.472914663640477,3.345614824972497,6.306745171862145,0.13678981907987578,0.0,1,0.88
0.15361109298830455,-0.09700108445130379,0.7532749429442489,0.21557974628809232,-29.553372106621218,12.285168280166975,-2.5602361180826545,6.180320646189452,0.4607427047182746,0.0,1,0.88
0.15965372167310024,-0.0832580838592609,0.7508627237286245,0.17094563683526592,-22.303238182808748,-11.145168672374217,-2.3905002958996278,3.880224218227773,0.12483435295040465,1.2,1,0.88
0.15334359591645816,0.026273696522839868,0.8565883846843028,0.11479688311947593,-17.816488222783494,4.370317735271856,8.699537104272448,8.699245458691392,0.5601291250558871,0.0,1,0.88
0.14008663606200814,-0.02419594714358376,0.6899353296340847,0.2269487826181642,-17.11468448455539,-4.976347795536429,4.018556210051112,7.324324760059067,0.12575761296965257,0.0,1,0.88
0.12718044512950982,-0.09591716517898893,0.8247590247054863,0.2669175156512166,-16.743022513630322,8.402539248295843,4.475070777849836,7.467783621639104,0.32175069127502076,0.0,1,0.88
0.11671408928832244,-0.10277381612240748,0.6810479709269963,0.19272231097942363,-12.3030260683156,11.529484534447363,-4.657938372574737,6.7216640413649005,0.3254371157011199,1.2,1,0.88
0.16832539367627486,0.011787105241931037,0.7855943313425022,0.18443915832760158,-3.3856088433486633,1.055649179169968,-7.803533982804861,9.976204065182145,0.23468238877427447,0.0,1,0.88
0.13609128436170004,-0.08259754753977125,0.6894775980759957,0.2781747499848691,-14.599335187106734,-4.37406518409643,-4.62292273886726,2.8097358157344274,0.4187318144388116,2.5,1,0.88
0.16164224019859152,-0.013247843321814931,0.7682360111138564,0.33918376903691017,-9.456697859063597,-2.3834032716559492,8.829033047028904,5.4619978479541285,0.2040425952406326,0.0,1,0.88
0.1069081377256458,-0.05301105744765239,0.8266921653124818,0.2243812577584982,-13.20635762760967,1.2684654858346838,-8.813340971193975,5.12428365151495,0.41376824497268805,0.0,1,0.88
0.1511997194239232,-0.1185107697868088,0.7883853621613962,0.22322275416139972,-11.55694903229039,-12.829149846980762,-0.032689707425246795,5.878814555723817,0.5731484602192207,0.0,1,0.88
0.12205803002982143,-0.08270433377047792,0.7418088927624619,0.21752476769674658,-9.517541971422938,13.153949943180685,0.593891631546061,4.4301347963900115,0.5749830440453687,0.0,1,0.88
0.15121170380335633,-0.07628090962213126,0.8089418967592037,0.22799180880866055,-16.168532111675198,2.105527796557967,3.1321720312746058,3.7439040970962356,0.4401210422584654,0.0,1,0.88
0.20277066045611164,-0.04975672131706791,0.8184912523525045,0.2578276450351241,-7.69079021148794,-10.525158142563864,3.159981407611169,9.44302451787218,0.4618522129835153,1.2,1,0.88
0.194354629534459,-0.06539821966152431,0.6652085133599535,0.17787847472844381,-9.995223191536738,6.758903230201518,4.882070505196941,7.462830098159408,0.3073419429117219,0.0,1,0.88
0.11948235299328826,-0.027024831079490497,0.8022387537522502,0.20555537928329765,-17.907674612992388,-16.628157991124183,2.140886651857011,8.787825629582038,0.29041794009140454,0.0,1,0.88
0.192283484493065,-0.038434097413779005,0.6769537836141939,0.18063421888842032,-18.703134204387233,-16.200290516077953,9.721569703975103,4.519584175041552,0.39697202640342943,2.5,1,0.88
0.19615184953314835,-0.06376100957992525,0.6512876287194231,0.2100692138560768,-24.015251772029576,0.009287893766980903,8.150230681647926,9.384274599941278,0.16628643363476522,0.0,1,0.88
0.19424081956037048,-0.06956216698732437,0.7754601761516353,0.15248909515439568,-22.401647676519836,-5.804146435535324,11.122763514448152,3.2153890564974574,0.22904023067896037,2.5,1,0.88
0.18129127580509144,-0.04212504406468358,0.8177368827064335,0.24652448992649365,-27.449205674847917,-9.869553314628394,5.513979840230055,6.847854215519675,0.2554350586087365,0.0,1,0.88
0.12028058069723821,-0.01868208288560299,0.7175201880371174,0.23582312494046428,-17.632483737957678,-13.5874152738988,-7.631161021638523,7.490833959663685,0.33589026445631454,0.0,1,0.88
0.1803388634391876,-0.037599454317159615,0.8588297015116264,0.24547474308277645,-9.946459302838916,-5.297904629324988,-0.8198771504426992,4.6877450928275035,0.26707886292356564,1.2,1,0.88
0.16714826132421345,-0.10494845427973959,0.804875946117495,0.17840961031919242,-12.239634751790865,2.3983693725834376,14.445148462086609,5.18313852514727,0.5101966764994941,0.0,1,0.88
0.1639488493651829,-0.05316158213812172,0.6787698345603003,0.22162410273766217,-23.769136123975287,-9.083130590985851,-11.692813760023098,10.368093321274728,0.12361431983273377,0.0,1,0.88
0.16667193957309007,-0.06350292363918915,0.8107790257424503,0.2563589657901779,-35.2561936922785,-5.828231009771875,8.295198022984458,8.355435758984672,0.40365452047407147,2.5,1,0.88
0.18911622437794137,-0.0698561166626562,0.8322065352143198,0.16677517894135235,-14.045591827185088,-5.941964568776628,-2.1981730702096627,7.7843380491533996,0.4372838255634933,1.2,1,0.88
0.15983911171416698,-0.08259334740591935,0.8807474290883622,0.2503957774286433,-5.780505859967517,-3.301952753772391,11.397200748320287,4.828348726300505,0.46926162328569687,1.2,1,0.88
0.17857771523856134,-0.04836517973973124,0.7974518254679281,0.23741431238334093,-16.300058444786,-7.4921587664439295,7.47750533058243,2.274793311058455,0.3808364794194722,0.0,1,0.88
0.13037447022719015,-0.06694648481835887,0.8497788049213912,0.2399619088125745,-14.862170556618327,-0.5721120741838572,-4.035621892911806,2.2078539587292036,0.4267362614797806,0.0,1,0.88
0.2163983375403391,-0.0538503255807327,0.804354163706033,0.3136788196948568,-23.360514515035714,-0.6627070273968125,1.3008021957389926,4.949402312837558,0.40158058006843844,0.0,1,0.88
0.18557724766289585,-0.03815285678082403,0.7813748624840513,0.1962784795675121,-20.092651566041216,-0.5745051428082768,-12.033244306828095,3.285118166053663,0.4784246327508235,0.0,1,0.88
0.12879469961056197,-0.08454236961917931,0.8778599624362228,0.14761466159608222,-26.458075767957894,4.587470333503855,9.255843027475475,7.972160539630313,0.30266235383831863,0.0,1,0.88
0.183263299809217,-0.046487641202116,0.7763041066512354,0.1575889055104791,-14.198563535509697,3.902288140087183,4.820395935229062,3.800216488192158,0.4808742484644426,1.2,1,0.88
0.15255913545142363,-0.09531963123809314,0.6861244097459891,0.20751635160958687,-18.970134648150367,2.199144071287777,0.5135961996398573,-1.235462643928959,0.3171417591100758,1.2,1,0.88
0.18578307004941289,-0.09199960106756322,0.8230095124466232,0.2136608346680665,-25.910456703348295,6.925073478557388,7.5970674469854975,8.651399695229546,0.4251705846322167,0.0,1,0.88
0.09768916478828288,-0.03871196935795561,0.7493669439758857,0.1926889792256409,-21.11302225693013,0.804976886683537,7.084845944564337,9.128948456706741,0.3625794793889586,0.0,1,0.88
0.13631297986174515,-0.07372292512525185,0.8205932221185024,0.24807359889358785,-22.9663883381795,-1.9433138486982215,14.450910489758286,7.9620634213712345,0.4401363094829014,1.2,1,0.88
0.2580849640743262,-0.058752327973246976,0.7596502456411685,0.19903434845077617,-20.992110143618277,2.5581241078548924,2.9038013684686774,6.796252132495432,0.22602846427202342,0.0,1,0.88
0.19688246355159034,-0.054770669894202685,0.6711333706356812,0.17719957570269046,-24.92771140522636,-9.274259193846744,4.181402816304014,0.8110123378054084,0.2415069015404737,0.0,1,0.88
0.19107183899527394,-0.08307993463051214,0.7616312057378182,0.21032271254162058,-18.62787974554922,2.769175551619211,-0.659259737181074,7.865987183805507,0.1569728068402562,0.0,1,0.88
0.157959841649997,-0.06554654949296057,0.672844316795224,0.2651099852902037,-18.794668318197434,8.03678293699586,5.37752438185421,5.404389245253865,0.23981916402586342,0.0,1,0.88
0.15839303123184648,-0.08877962295656909,0.634145141494362,0.22774860092782362,-13.396652235280268,5.7074322081371385,8.72577615372973,3.851147946644716,0.3392411978764357,0.0,1,0.88
0.11709144608536107,-0.06725763381396868,0.6781401910329121,0.1667523216233994,-16.963773500538277,9.95639192610447,-10.06983361712723,4.720765320220719,0.1964744962188031,0.0,1,0.88
0.1447954022785814,-0.016585956046654658,0.7331151912404084,0.11601514824269965,-27.176446339389784,2.8781256333281564,4.19061827618581,5.4745908811099815,0.3209462459833252,1.2,1,0.88
0.1389426927977959,-0.03216541631651823,0.7576418390383433,0.20907017268412317,-9.224817703851333,-1.9163956550787056,8.795216315452853,6.909728405375135,0.5972387888538114,0.0,1,0.88
0.12935973555465485,-0.06918298179993254,0.6715274636790478,0.21523994422294687,-25.786284147690232,-5.787497785304703,-15.19558787127307,4.763768495294629,0.44315056287181176,0.0,1,0.88
0.1511293519529145,-0.0427528187725489,0.789174138325788,0.21104630038363728,-27.859614207421668,-2.9171364329370615,1.0800231560578264,4.03479700297998,0.26395977568572493,0.0,1,0.88
0.11172440385956015,-0.03377719791705153,0.8063357839715319,0.2202105260437893,-14.757755214413773,-6.772838739106059,0.2882202955196851,6.884942212659189,0.4019994644977207,1.2,1,0.88
0.2067796112501134,-0.05545698719517845,0.6758834793192994,0.25797068871109075,-28.721805393305836,-7.180712038054897,-0.1988896619478453,5.359585234385416,0.1799217440001152,0.0,1,0.88
0.1747592255172094,-0.06795671596351603,0.8517826997295208,0.16564848359993622,-16.721456550786176,-6.1355300990645025,0.844283561234235,6.646150435797672,0.3478763143301774,1.2,1,0.88
0.14020552128661332,-0.04146485343362334,0.5644658434307331,0.15382478236828745,-11.786609593335541,2.7570440370760867,2.6401322586021463,4.422862403218952,0.40525465761899726,0.0,1,0.88
0.15405167114351073,-0.031819108077852834,0.733000302308739,0.23977347200227922,-10.725054335508124,-6.5450737731013975,-8.199794666240761,4.754338933896877,0.14481633905496435,2.5,1,0.88
0.1803039214304475,-0.10751686773263547,0.7329102928010469,0.23291953055002335,-19.949871565012007,9.561483219224781,-3.157377161820703,9.692280740775672,0.44775812817374694,0.0,1,0.88
0.13881124469360623,-0.0943472477291693,0.7066799734519472,0.2917870030467441,-25.098183991907103,-10.05015315928276,-3.82876264172505,3.752009759879952,0.20038632417721255,1.2,1,0.88
0.18312643562459233,-0.06033307771868503,0.8144953577394816,0.3165866502334881,-12.391511222751914,1.7970585268486006,8.359089512408701,6.89266343615096,0.26816736017733633,0.0,1,0.88
0.1403654343860953,-0.028037556652849453,0.6987222580207932,0.21791601109352926,-28.52855050965755,5.174963719174224,16.82833126980403,7.780958362166141,0.2517304923166006,0.0,1,0.88
0.1263701522456878,9.935641146138069e-05,0.7844876245182978,0.16805986768410702,-19.90144229163421,12.541202878300028,-2.086864946097818,8.951608079151118,0.5221586207031618,0.0,1,0.88
0.19747857131202154,-0.057456070982607146,0.7561110689503757,0.21526146639974342,-27.941798734432368,12.419842990280584,5.4747101042871416,3.0922520373723645,0.36747995796691546,0.0,1,0.88
0.08797430039404774,-0.07856932705221285,0.7257757279608472,0.2861664963172006,-18.504777498895418,-12.582003245531912,-0.9183881386331576,7.506338413967165,0.4847027004548581,0.0,1,0.88
0.22039203971980195,-0.04030844097476032,0.7804654968333178,0.32066604730487214,-21.14132245576471,-8.314618391024592,-2.8051665386916165,5.456176540416127,0.5934152171530873,0.0,1,0.88
0.11989583734070813,-0.009779417176882882,0.7996545484444278,0.2612081658424742,-24.84118318653671,-10.475151563466218,-1.4479504530687253,6.8688137350667775,0.5116078253555247,1.2,1,0.88
0.10533981948654428,-0.060012275576948104,0.6874917953324444,0.26840148035981737,-3.967062350830531,6.678685900677299,3.0229957626933723,5.208635741975645,0.41704501718091513,0.0,1,0.88
0.14372808054982475,-0.09415387773462913,0.7676691001144442,0.20389650875731774,-18.83366610519201,14.119774833011554,7.907138617452304,2.5771683440457585,0.3695788616844248,0.0,1,0.88
0.10874037953822938,-0.12005176443702859,0.7727513676860612,0.21673446441638025,-21.973131286059964,4.1290797287035454,13.179300930430903,4.746927481391365,0.2588871875133456,0.0,1,0.88
0.11937779369375104,-0.05392204426571778,0.5777016540107408,0.24551321924626623,-28.78847015965728,-7.833443490220795,4.478085879072483,5.641325674239005,0.2890541522327936,2.5,1,0.88
0.18794308580324895,-0.06963508197131046,0.660263988069894,0.22148105709784582,-19.79832836766607,11.077682674243437,-3.3034827345542688,4.879293283969564,0.5819706334918268,2.5,1,0.88
0.12451986455804474,-0.029102355689635002,0.8647044188069358,0.24156925592002615,-18.835030776114603,8.322796965385905,8.874060374322607,5.893792102827921,0.28407511623768755,0.0,1,0.88
0.10670465192599285,-0.06414784481851597,0.729596033344893,0.16315546538004255,-17.571977309829684,-12.51837424699738,4.157269277809572,8.204603729486662,0.178661530893824,1.2,1,0.88
0.13870651361277653,-0.05779881205995994,0.8051185665003018,0.23255711766583506,-12.749304260733073,0.6092720819700006,10.3566930365561,5.803576631278017,0.5110162734211825,0.0,1,0.88
0.12366817994031293,-0.06804243326656494,0.8082255002366096,0.1994931869114509,-23.84759583332422,12.459015990113953,7.602405695746634,11.48033927563047,0.37452646992883454,0.0,1,0.88
0.13696173272837017,-0.05941040994454378,0.8867806451504309,0.1914978003791495,-30.664085085530488,10.282961288301806,11.950576336628918,7.454703248940101,0.5435983833610781,1.2,1,0.88
0.10984870395492695,-0.048348534692844156,0.7417656892845998,0.22901423864951181,-16.09295425485058,4.479713922206537,7.201219835800261,7.3121665263216675,0.1602609198960245,0.0,1,0.88
0.1541141635913276,-0.014664338786956804,0.7273167032322243,0.21310419794702476,-14.38297808433295,-5.751111889691836,-2.722639820748398,5.9827456810021165,0.27712615175111954,0.0,1,0.88
0.18543293781615233,-0.03801422152359485,0.5572932049506759,0.1919243989277754,-26.629382478822883,-2.049594242649579,9.543175426954775,2.6721017037683987,0.279261089401423,0.0,1,0.88
0.1143121248650967,-0.06944360559856783,0.8197923503497484,0.2794345087531274,-20.546371390857068,-3.152899000393076,2.2776741932924933,11.5443633913712,0.3998272125232396,1.2,1,0.88
0.15050886448664996,-0.06314595693183075,0.7009740588052116,0.23774282701288887,-19.44350771076436,-3.1596219845005677,2.1523356620497474,4.283242487525391,0.36909928916091284,2.5,1,0.88
0.10931483816415097,-0.07462400476376953,0.7885750268559477,0.3551937596294613,-9.686666506698156,11.045891301112784,-2.2021928768437977,0.9235584704353119,0.23256920185402144,2.5,1,0.88
0.13982791816154183,-0.07589469046577418,0.6193927349351148,0.17259380267837288,-13.7493161703081,7.6480795010368725,5.6366328460272355,2.6622553844556154,0.47145442302440144,1.2,1,0.88
0.19482176749942168,-0.04129084733897971,0.7751815391629273,0.2519289779583544,-20.91411266212261,17.675734318423633,2.1970156638675613,6.4863426452486,0.4660310485346705,0.0,1,0.88
0.15434158724035377,-0.049737292611870466,0.8176758709349945,0.23188182015053724,-8.057935596447415,0.6971727500634914,16.459355093769584,3.954353303309692,0.3262623621113594,1.2,1,0.88
0.13684842675942388,-0.04673568962373098,0.7659162599269983,0.1627238390248101,-26.2878770063676,-0.1298582198465097,-8.669430609280608,8.499767667912646,0.29628536020157914,1.2,1,0.88
0.17234367936702122,-0.08904732090904693,0.7915435020809432,0.2547199671073619,-11.075023317471258,1.7531627092587787,1.2396136632066614,7.837497496916129,0.4050341692666838,0.0,1,0.88
0.138546593020735,-0.05200102162611751,0.833772185824857,0.19493081453034208,-18.636816350234486,-9.431839550483685,7.98472290080739,6.291297258926998,0.21202620601617503,0.0,1,0.88
0.14893833617668356,-0.017980426535589206,0.6454642902437662,0.15722659951537915,-23.7910386288289,-7.501189938662222,-3.1752162477383514,6.333806270638403,0.5054049482412357,0.0,1,0.88
0.14188261713121456,-0.08085895371937535,0.8413638916969819,0.19144276631462795,-32.321400247541746,-13.164112260916443,0.471752523104497,5.236261714333393,0.3892982348397732,0.0,1,0.88
0.1715814311511918,-0.041274402425877384,0.7185225578462413,0.2717349848043641,-9.598381106921252,15.135645694421093,5.446018985954765,4.520368282754614,0.3348875049193456,0.0,1,0.88
0.13423797075786753,-0.07035345422788666,0.7075095791203592,0.25926468035175243,-20.817812929613996,8.767915649962925,-3.2227119571737166,5.241050120159013,0.3262578819207267,0.0,1,0.88
0.1595562829099187,-0.038647540800743715,0.6676436700030202,0.13757162001935613,-17.296276552588925,-12.491682217709673,-5.827809351999548,4.187858310765414,0.1269755661370511,0.0,1,0.88
0.16050679629164397,-0.050532828034187474,0.8685152202475116,0.18640677461902003,-22.881307843856007,-3.9066214144022124,0.9195344532613574,6.303682780430651,0.3821157814287858,0.0,1,0.88
0.13255433163843888,-0.04480737165665916,0.8639002669933595,0.16046452840274195,-8.235366184632229,0.167148857196525,-5.666646544160169,3.4346162076992472,0.5134394101298134,1.2,1,0.88
0.12757478812607445,-0.09233604278808932,0.8749329720367308,0.2963323482396492,-20.704109706798526,2.0227860098473998,13.589725362904227,3.331778966493234,0.24023877582122402,0.0,1,0.88
0.1312592810336769,-0.06784497064912212,0.8643060625725109,0.25259667005150144,-4.46369477593815,1.7181817479347894,-5.674248224185705,12.400988711748948,0.3215761367274501,0.0,1,0.88
0.1936358660693216,-0.1293109826490681,0.7238008341285117,0.27085633960525524,-6.860183660189783,-0.7438982641940183,1.5183069668225908,5.133368565220737,0.5005693541493824,0.0,1,0.88
0.19120942715102787,-0.08579714799532441,0.7528950845730491,0.28637501227277107,-33.42512937019873,-3.004226078416451,2.3594450823241377,4.81489714890569,0.11422060628955602,1.2,1,0.88
0.1861947785541375,-0.04760837904641586,0.8168966910849007,0.20654933355758961,-21.897893195877593,-1.8798678563525006,2.8655307528107707,5.764478541276264,0.19740801663134241,2.5,1,0.88
0.16907961424096374,-0.050997794859981155,0.7728877667990024,0.18750278523461547,-21.188072942309745,19.408374271855546,-3.6450740946980034,4.018408140131753,0.21122147789705134,0.0,1,0.88
0.17999426950887312,-0.06763163721308987,0.5793982474145625,0.2525418418442941,-25.39224760056499,-0.05504746400426723,8.927486765660362,4.399325736658788,0.22227977546564467,0.0,1,0.88
0.15919981920356968,-0.09097339769328323,0.8697433327179928,0.24405351847553863,-11.920059270481694,2.1270051642525414,-1.8421410766510515,9.815768967251238,0.1638630323115647,1.2,1,0.88
0.145516722667775,-0.04227393328566371,0.6157302725107772,0.22308046931886552,-23.076250318376424,-5.098715211017452,-2.812378044957324,5.489813668027855,0.3969125494865814,0.0,1,0.88
0.15187030559868053,-0.08612648162600983,0.7750210969121052,0.22344655261542362,-11.417679465149533,13.253139251493025,8.89293599379806,6.419310124094897,0.5532501382567034,0.0,1,0.88
0.1358197830618021,-0.06358313647911204,0.8343026745889316,0.20833389369817515,-22.768832072915934,9.065483312580062,-0.9650520351459386,7.0095434846196865,0.29405934536018774,0.0,1,0.88
0.15686488077536906,-0.036585996340595964,0.7843039902439739,0.22708882803997446,-20.316852142431202,-0.43434974017523664,5.02883914268577,4.939998774329482,0.28600622057298497,1.2,1,0.88
0.12060446283700257,-0.042142933620507486,0.8739535919796078,0.2484919187822482,-14.27255764720595,0.24387843739432927,-11.94801431341728,6.644630957295611,0.2247079407011652,2.5,1,0.88
0.16120447950891398,-0.026224820948123104,0.7986804840492012,0.244026483126098,-11.722028305822347,-8.767939475342422,7.791558473770956,3.9810854631821675,0.46442450968230564,0.0,1,0.88
0.14867525715626195,-0.10573962169473833,0.8117847472364392,0.24638739546957472,-18.27665716168694,5.9251123908681,7.202716845520245,6.490605947346239,0.1713501799146754,0.0,1,0.88
0.12299560856418312,-0.017139161505803774,0.6297218486182516,0.279544296643326,-6.940742477623804,0.047443984782764195,11.211521517992875,6.689158641836295,0.20903128642703497,1.2,1,0.88
0.14408797492168607,-0.084924177145462,0.8032101115094158,0.23799427832830342,-23.911259271724568,3.6458209159683745,5.013417354574684,6.342174044854463,0.10283755642635437,0.0,1,0.88
0.1616812739962458,-0.06712802647210878,0.8671996625120421,0.19388200370729425,-21.326223997096246,6.402949442338588,9.334858165404222,8.979377813894995,0.3367619824849808,0.0,1,0.88
0.15988892484585868,-0.03839056724476707,0.8442227986972424,0.2359257644390339,-24.578649863646074,-7.475725358681974,14.873383973274176,8.465281353591159,0.4226371148327309,0.0,1,0.88
0.1481108984916799,-0.05863999447014403,0.8098186970891628,0.28452554988139966,-28.097062171104287,4.166343987600287,11.555553981058303,9.17599537659291,0.4525037370603764,2.5,1,0.88
0.1289262440302834,-0.12884063644903437,0.6902695573552103,0.13979305288961846,-20.24162782745741,2.8593169623392805,-1.0463711240164368,1.679606700993613,0.2593022156732464,0.0,1,0.88
0.1276886100664019,-0.02785368089488103,0.8979667210212626,0.3096225411569296,-21.473427230401946,3.292459190612101,-12.188091199232431,5.2398237637254805,0.42915043920220164,2.5,1,0.88
0.1734872098470966,-0.07795126745311652,0.49418281807591086,0.2237128209343163,-15.502564955911167,18.633981625360803,-7.106063005510247,7.111759905569979,0.4235240456933589,2.5,1,0.88
0.18653218810933125,-0.10450716744597635,0.7183339562406283,0.2087443719657442,-19.561846662724832,11.85554303353704,3.11741209537309,3.8568550451052173,0.37085451243695955,0.0,1,0.88
0.17304366357644302,-0.09451604912097919,0.8765390875509349,0.2736582408798981,-29.824785091759143,8.534981521592051,3.1309465258268148,5.149097106041228,0.14586872393936537,0.0,1,0.88
0.17475028424297817,-0.031179413079250616,0.5481485799545606,0.15881653639696144,-23.91402132840138,3.5107332071362336,11.313592789640298,11.794832324108082,0.5353500554492103,0.0,1,0.88
0.20564644740398635,-0.10346081599994852,0.8183173616318731,0.20180526996956766,-22.470073212055176,-7.624192347779684,6.697735026570603,8.781718594038768,0.425402621263417,0.0,1,0.88
0.11856761144851868,-0.09343501809997547,0.8449886967483189,0.21489808995907678,-15.17021752795289,-4.4881566155647805,10.150291057003326,5.5112604651963855,0.5787697195084255,0.0,1,0.88
0.12866068473585462,-0.06099734220164589,0.697201405497623,0.22163034913840454,-18.590503822249005,-1.201921510540436,2.4736598161468017,3.586431642825479,0.3555869243588674,2.5,1,0.88
0.17926856527027715,-0.022237570277349468,0.8113691822530538,0.16013011568498497,-22.15998001388254,5.779273343699589,2.3186955261145403,7.401962172818569,0.1369678217583488,0.0,1,0.88
0.12920664127624898,-0.1105724753248829,0.6616741283261152,0.15125085204573274,-11.172976018412173,9.339424592326314,8.33775253755065,2.372670539799544,0.10012264525599654,1.2,1,0.88
0.16545358587327422,-0.04345263399804432,0.7234235296176169,0.2364104484214382,-15.722746191887003,-10.46445570720748,14.238804142780825,8.88886815717054,0.4011835196741398,1.2,1,0.88
0.12214806565278535,-0.05009985144989553,0.8668320287612673,0.16138068171073214,-13.539610598130743,6.581506369917034,18.20931417558393,5.3490335022186954,0.5548122647060908,0.0,1,0.88
0.09951164000983934,-0.07092296159654816,0.8537531788393631,0.18678595127628395,-21.131553473117243,-5.435935502657352,-7.1577293228070715,4.095041744684574,0.3926961055183221,0.0,1,0.88
0.18038625394966584,-0.06896367819517799,0.7020953960565952,0.23297062303688784,-9.284187999139789,0.7609597518847444,3.2830092510762303,7.69671016204383,0.19521473169488093,0.0,1,0.88
0.16656459639519697,-0.057756732642495645,0.7902567032253962,0.1987627805064496,-13.392546195770318,3.573437024405375,4.31771514826026,5.041559064264823,0.11802988103113357,0.0,1,0.88
0.18104095027434097,-0.03298054207459711,0.6628273949689687,0.19128906898965548,-20.359261396695135,-5.0161321977307525,8.125551139895208,6.940548742805631,0.1385410131803372,0.0,1,0.88
0.1184178385598626,-0.04300652848726945,0.792310427254566,0.19095604309113512,-20.62987365863684,14.734807460922424,-2.3423518299747474,6.470121415858552,0.3030450210919534,0.0,1,0.88
0.14359797216304568,-0.051894176361620574,0.8499633242518507,0.2704926747039521,-10.13770619028336,8.300198739163656,10.216386582397096,5.771541106675252,0.5392952121879198,0.0,1,0.88
0.15830136374083376,-0.0629093999968341,0.7893837680191924,0.22340835501932932,-15.647292506674878,7.048634610023927,-0.4656482592444089,9.558594808610584,0.26431512915775135,0.0,1,0.88
0.13831529688748087,-0.04269958958267202,0.7622217678203415,0.22633657428189502,-21.43617690634988,-7.534421858599644,18.742026659503082,5.246838288564409,0.5632297186681369,0.0,1,0.88
0.1978826787658272,-0.07633584350804087,0.8304067083261535,0.2996553110751463,-24.228641918766204,-0.2204474921245341,-1.8637089922578145,2.37911020510424,0.25013491792590115,2.5,1,0.88
0.1412287394071894,-0.0881335999902348,0.6396675316713022,0.26567902881071814,-18.60516553847415,-3.5177468750209906,5.4936076711667,6.421126924831236,0.40110006166639167,0.0,1,0.88
0.12881010879911123,-0.06514373791922519,0.8485137382863523,0.31020523322931504,-19.85809069222037,6.207745287171234,-8.74667085856015,3.4792848300891808,0.40689947952104044,0.0,1,0.88
0.10936531147912948,-0.04619283170316246,0.8472143733775273,0.08,-21.23558826736419,-10.542487495921222,2.1456384485381825,6.2047416880019775,0.3184857168169708,0.0,1,0.88
0.15178985681090934,-0.11442924364168851,0.7302989938894866,0.2456291576344279,-14.465861522148469,3.179232263094763,7.482531640577446,6.114347822506659,0.32212196040116103,0.0,1,0.88
0.11856401082033084,-0.06403846299189689,0.8587624741177345,0.18226725165555033,-13.13674800631837,15.834668947071025,17.144713085264204,6.242601568111223,0.4774377733885624,0.0,1,0.88
0.14550113931311187,-0.039624235742274624,0.7472138099323002,0.2135974410635161,-27.445257873612718,16.046146356077095,11.57816841890142,6.4702489153818705,0.49314940803865115,0.0,1,0.88
0.16522538616246984,-0.07556400127114117,0.7873776075506462,0.2433541370754596,-31.556225302990185,-4.794195826121157,-2.1150237278114243,6.373970713926714,0.32735628054155386,0.0,1,0.88
0.2151028497562878,-0.041469318352099785,0.7526153789159883,0.18837779039680105,-16.880311043558585,1.8193701435017233,-2.2811477507500264,9.192457647657632,0.371588937437088,1.2,1,0.88
0.13662969780295772,-0.010992455027728255,0.6509678954892311,0.19040262187161644,-17.200226696913756,12.331747166225641,13.558561708991503,0.2250784989039003,0.33141985109386796,0.0,1,0.88
0.17385095381355103,-0.02645491755314379,0.7669725654228587,0.223681944647012,-22.70665151244748,3.4536462825718415,2.6115519900804567,8.325729273224045,0.24954054262728378,0.0,1,0.88
0.1465911919644231,-0.11592194475167136,0.8266371277242439,0.16735825646727676,-21.764864906286924,-1.0572940188425912,4.176596202519957,10.718878375639616,0.10565434334005028,1.2,1,0.88
0.19697461782282338,-0.04137373752279758,0.8296425395667604,0.15548158087101804,-10.77675154923843,4.253589871918885,4.1084408405419826,5.993830376719561,0.41224327805381034,0.0,1,0.88
0.10481355387280475,-0.07587338001823517,0.7968968717448154,0.2170919651748458,-23.8075099201443,-12.898861047402988,3.120890325930757,7.546521369025709,0.3481388295287011,0.0,1,0.88
0.1584342975807468,-0.08968741211187434,0.8390986031789375,0.21493701557717446,-18.967617003587872,-14.166195380728448,10.052512430104263,3.6112030789519065,0.4741172457165973,1.2,1,0.88
0.14290438453782792,-0.09239796845690518,0.810084540121454,0.27232059835898437,-13.97297184569035,-8.409053886209342,1.724742820440651,5.580411419048923,0.2581746438815161,0.0,1,0.88
0.13468504323709213,-0.019371354012467104,0.6709680245373126,0.22895104571147598,-22.588246377527774,10.220952105853774,5.273956844007394,8.404597081068493,0.4528833846538197,1.2,1,0.88
0.11795015486638286,-0.05130698566930393,0.6868351121911722,0.21791546838370277,-16.592579880380796,4.808661904862113,10.073475445917431,4.3788833665701965,0.34418474347742545,0.0,1,0.88
0.14010770523390395,-0.0364246076053155,0.6295411686828567,0.22303680627906522,-22.60527900738092,-4.3412871917925315,1.5499799161258978,9.607350169594827,0.3801273622584169,0.0,1,0.88
0.14784387642567678,-0.03521129626133172,0.8358516287479281,0.2820920577579108,-16.642642311452345,-13.329513904212858,6.018140424823687,1.5960439318633792,0.4538959636880885,1.2,1,0.88
0.1651434408274521,-0.08027635093056934,0.8165445460887251,0.2549132768246048,-17.737114843009433,11.605679393075386,8.594683236881648,7.646727034764046,0.17173862214892013,0.0,1,0.88
0.10173220351663187,-0.06549008638871712,0.6475012090393255,0.19965182762994318,-27.604098654095914,0.46379757292530854,9.800229888379604,9.765739787217889,0.32052076112826344,0.0,1,0.88
0.1810268002201429,-0.06576834938434335,0.8520337647923243,0.17256492326684164,-28.133410011382374,0.46768365467220563,9.377861114671958,2.84756310272849,0.3493300104093272,2.5,1,0.88
0.15773189223633158,-0.10832082884751736,0.730033818983422,0.1273669838013823,-14.94109254931824,19.12518507468679,4.673992410323229,9.777852900031682,0.2852646663898557,2.5,1,0.88
0.15445642583133876,-0.09665209109077527,0.884132671431815,0.27969911365894223,-9.416253618009636,-1.892372637127478,4.934303917182645,8.46090617395507,0.16836541295780424,1.2,1,0.88
0.11011519283421242,-0.06515475134030156,0.7003393110405345,0.28111646027762005,-16.97007738018662,14.832190403508815,-5.146154421183063,10.239024650323099,0.5512062492895252,0.0,1,0.88
0.14023020958219196,-0.08107624888654878,0.7182173283632227,0.4005675031407835,-10.808557974802486,7.466738433658022,1.8822146155467747,4.437085529277402,0.2513644969859725,1.2,1,0.88
0.1416048277247118,-0.0920461149436295,0.7039913253714103,0.2779421078499362,-15.857973448202628,-10.90828690982426,-3.761753216493764,5.096220068873826,0.4761109608821881,1.2,1,0.88
0.18395035611003652,-0.10471049422382392,0.6760924012860993,0.33740092543269384,-14.344289301504842,8.341973062730744,4.26668751265304,4.047561767889282,0.16398073080091288,1.2,1,0.88
0.12374372397663762,-0.11305757009740444,0.7053148399434737,0.09705221901371501,-10.085393835324073,1.244600902068456,-5.043881488891172,2.8711930142386723,0.2694052101153387,2.5,1,0.88
0.14776259309689457,-0.07838202525044272,0.8129233816033092,0.2660845649071385,-19.32679674969853,4.863042664958079,-3.1615493842041067,10.334707845946522,0.31688670083023607,0.0,1,0.88
0.18832122115539668,-0.04567096826970345,0.6274096053840374,0.204504299237654,-19.1083554718769,4.31070962829677,-0.15997942761128936,0.38954614457969505,0.45912213497382515,1.2,1,0.88
0.22510909926864997,-0.12621559553802944,0.886113310149058,0.17240355761618734,-13.318665152391386,-4.424360061735487,5.802496597307615,6.5149017905227105,0.31862725034154604,1.2,1,0.88
0.20232504408441881,-0.02825683146011891,0.7792912435357938,0.13506103460762317,-12.001322522894865,-1.6963544989359278,0.760348511683949,6.068161269086187,0.2115269773530952,0.0,1,0.88
0.11990023627637904,-0.03876346456763308,0.7563237659323239,0.27732895306576855,-24.592174890411194,4.562021788348996,8.530166761117886,8.464629447503764,0.4665235929457918,0.0,1,0.88
0.10761247201755383,-0.06297361557469869,0.7554794635591146,0.2330101894688207,-6.997051626000154,3.9960063757512296,7.117016885160557,1.8449315549736625,0.45762421300288647,1.2,1,0.88
0.19872573983166192,-0.0693379564291306,0.7875376583029121,0.28450800118829966,-10.033812822409999,-1.5663336091204416,1.6434404674948357,1.4612952167017195,0.3089940120944368,1.2,1,0.88
0.17087883765910813,-0.06350353577329194,0.7447565583740259,0.19453215319383094,-26.55019504142204,-11.574325230638918,-0.8479710146892359,8.532226435093431,0.15854704056999905,0.0,1,0.88
0.13358476187568696,-0.06412970635418032,0.8335416400101856,0.3077541802880769,-21.016948313613696,-9.448040067447561,0.9940523816174975,6.321909340871082,0.2436626997029481,1.2,1,0.88
0.1706472285247602,-0.0885253600337721,0.797535661477294,0.22750954185775962,-21.643961462506184,-4.741949835295584,9.650493132186224,7.320651901661094,0.4579333040321294,1.2,1,0.88
0.1408304971473276,-0.09562218464561045,0.8624053184054544,0.2593776703402524,-17.898514696940378,-3.9226275547408496,3.304007643036485,3.4025662907130894,0.22254750365244605,0.0,1,0.88
0.1807621971225386,-0.0354635409987759,0.86007512161399,0.1646658987587471,-16.877879353836377,4.692999060934573,6.672875048125159,5.875454172734994,0.5095344124032035,0.0,1,0.88
0.14644836487967317,-0.005839366226222276,0.8488537409118853,0.28497156075352276,-9.53336994532719,-3.169077762924515,-1.6018052995366583,3.3462558969845313,0.5263616889173782,0.0,1,0.88
0.1575728627164734,0.009113529276524798,0.7322098496344818,0.1896888725707182,-21.743485211069476,-6.576020160919264,1.6726370503946786,6.923487152549854,0.49011668357590044,1.2,1,0.88
0.16572607719141533,-0.11862450720986523,0.7373941900982428,0.22215920881083864,-17.695756476817955,1.9023789051124746,2.469869567312789,6.217212849694529,0.15208903625400347,0.0,1,0.88
0.1837749653703525,-0.06251732696352008,0.6033592817477589,0.2133013087674357,-25.058291127093078,-5.233762090622072,8.468429618291918,8.575791738684178,0.28036449224804305,0.0,1,0.88
0.15833528428415544,0.010332581632913881,0.8287472522129842,0.23811484018232768,-20.29617084649682,-6.805791924372764,4.954991561928329,3.644347015265098,0.5056931117939979,2.5,1,0.88
0.20617345982426172,-0.014497656073985489,0.6885911483993357,0.23844427507750907,-12.78807564938023,1.629538227811676,9.543846005005573,7.364026658452071,0.5252450942912817,1.2,1,0.88
0.16551082934474273,-0.034243455896898645,0.7992071753650778,0.13974147787792338,-23.471639680869988,-7.526828236657449,0.9559288240957837,9.905610526595728,0.5311236846124199,1.2,1,0.88
0.14527314133338667,-0.012372572614729002,0.7356689079043556,0.20028034489162094,-15.152497081836334,9.863274992495038,5.065965978813936,5.568491880957944,0.4136263940093504,1.2,1,0.88
0.12793408002277254,-0.030077371856269478,0.7914411575963405,0.2394479268020145,-14.028362495575202,-6.263544634179075,6.309103388093211,9.37368276315406,0.17410206633435668,1.2,1,0.88
0.12130598568781169,-0.029358069484788054,0.6739325321153963,0.20689837265068423,-14.096334623363186,7.87141527364979,-1.97385444346496,6.486518996152561,0.18277842104919648,1.2,1,0.88
0.16394385808331896,-0.023049170986979818,0.7609466002002103,0.25894660902602556,-18.154402769035485,0.38063533722230236,-1.9206417090411616,5.536241177409523,0.5998478046773802,0.0,1,0.88
0.1828978136754637,-0.05377415166409732,0.6585774198159263,0.2287918258272237,-23.637693487674156,-8.393718152057318,2.9486502002167265,5.118868241155356,0.14631239983890862,0.0,1,0.88
0.18016485960919135,-0.034979172938210075,0.8033333055028872,0.1499877385624412,-23.757643873271043,6.880963135879732,5.810874916455212,10.085686214941326,0.17300518355533714,1.2,1,0.88
0.14102414549492034,-0.07084539681320602,0.7144329346619069,0.12705690979972165,-21.059487011029635,10.00919130415122,15.379497534917842,8.9164430139335,0.5113636106236735,1.2,1,0.88
0.20569246553479004,-0.037190420527217286,0.7147933436211075,0.2057534590678411,-11.397649055667204,-14.58794188039669,-3.502571270243564,5.558982365929181,0.33539538902110777,0.0,1,0.88
0.16061038786517112,-0.025386943827343002,0.7730658113324309,0.21473101277614215,-15.78440679206286,-9.484768062195673,-0.8050454969767333,9.911453102643536,0.1195868535410953,2.5,1,0.88
0.12226334341592052,-0.03197013759822007,0.7540544819852442,0.14686413322863506,-17.482001887277026,-5.794460510271042,9.979487771647733,1.9846977978296882,0.3125839364933851,0.0,1,0.88
0.1669576516877396,-0.09193133292713891,0.831782228346054,0.19635646689983266,-28.36101688812091,12.796560976564718,6.407694497063231,6.342432723996669,0.36436806739762684,1.2,1,0.88
0.1565871406842323,-0.05604824135804545,0.8258900476749562,0.2338686475778941,-18.685463484612754,-11.204179128245698,12.988301707219572,4.346364725123073,0.18820379303493104,0.0,1,0.88
0.1796171171525777,-0.02243173567408155,0.822562382751302,0.2677259305963229,-21.001295181562543,-10.183946657850173,1.7512968997696494,7.179529348765362,0.5051197314496338,0.0,1,0.88
0.12430162069349965,-0.033442901590500645,0.7554740474780559,0.2491083498368674,-18.751408288291824,-7.827143521018827,0.6623256107775379,9.586063291112005,0.44868134518073266,2.5,1,0.88
0.11587979398169536,-0.07072162993989696,0.7779669803002633,0.2290875270379298,-12.490543071389991,-1.0216576571890816,2.16775758343811,0.4558836982005987,0.5522520706090395,1.2,1,0.88
0.1266597326290034,-0.09417935016202651,0.8145797101198002,0.20584891972305358,-18.054337581737887,-6.961411761003199,13.319483120132524,9.245484779241528,0.34041602828719364,2.5,1,0.88
0.19854320349143062,-0.011558120909793447,0.7812853489272422,0.19918698682251748,-18.93223792930799,-12.81484235107821,6.886585992569465,2.207241582042227,0.46028688402998397,0.0,1,0.88
0.1854095495095833,-0.048770607313605066,0.8206158835511395,0.1443172912768841,-16.48530867027802,0.3906489984672777,-1.600527600261601,9.921704797103395,0.22963036412609691,1.2,1,0.88
0.16820741130861144,-0.0600399023407897,0.8420692018316638,0.22221607593333934,-14.194482741171445,-10.117178178292097,9.545781593848673,2.748220498520043,0.20520084543524122,1.2,1,0.88
0.1642975244095018,-0.03277971161816948,0.8542385307438918,0.12524965532011129,-11.235132847608426,0.880860686050631,-2.8131082711339683,9.639187143645893,0.1513777211602946,1.2,1,0.88
0.12896015699585509,-0.12054780459987083,0.5946695923942441,0.16252922631526512,-30.06016573646929,10.160689181440759,5.342078178973336,5.7014558252695995,0.44103840902557145,1.2,1,0.88
0.18463770742827573,-0.06741259490109863,0.6369952865877229,0.22139997725972815,-24.365305534197503,-9.854948433252883,-3.6656289443363574,6.350907266802108,0.3041898403157379,0.0,1,0.88
0.14980823039820637,-0.10103806158274026,0.8823122270035946,0.13328253330055903,-20.48836728807796,2.541813609676774,5.0021078687017635,7.980150255198355,0.11380818805246481,2.5,1,0.88
0.1354627036948481,-0.11581234506589483,0.8560510793707161,0.23511352564772584,-21.185018434288097,-4.309541451745015,1.6538420934066695,9.54135087748286,0.23939137293656523,0.0,1,0.88
0.14991965737325602,-0.06752652538747107,0.7965148423012206,0.19852034376208477,-13.596552708812256,-9.168735683624764,1.2054796415352254,7.4936571447033815,0.19384031716048875,0.0,1,0.88
0.17625844279905528,-0.06578746113274148,0.8498203184093321,0.3482577029299846,-15.681322898891722,-0.4070372131518483,-1.5188636789054435,1.3028577156421264,0.36995664843097953,0.0,1,0.88
0.155308777492195,-0.026503071926586054,0.8046146359096602,0.22049050141357285,-13.424936515416018,-4.634724556606526,-0.21036407957532255,5.191857617378481,0.15937940181287527,0.0,1,0.88
0.15041616216527928,-0.07674832788624159,0.8659790954962395,0.1879275340751067,-17.139606941798817,-12.831980918039664,-0.9344442636328241,7.422410962090835,0.3942709928827036,1.2,1,0.88
0.10760466474402597,-0.07483581253356837,0.8770236947033813,0.32659142338995145,-18.80429259901315,0.7554177948282416,0.31155630329269357,9.184866823687369,0.5326311145659028,0.0,1,0.88
0.1051458102454835,-0.09414786404874295,0.8579409340041216,0.16732386898419843,-18.798506567524125,-5.598852477262053,-1.169982220236438,0.7442365216376494,0.32750589294496046,0.0,1,0.88
0.1541868945846401,-0.07536314695045694,0.7157445628754835,0.1832392810798733,-29.08440036513346,-1.8127289482178333,9.017385858465204,7.191931382506509,0.24313509236979405,0.0,1,0.88
0.11979622322020188,-0.042023171080068325,0.7180217745005193,0.23566256299008517,-22.86686408850278,-11.681202096531193,2.344883712173527,5.702285393931704,0.145777113632191,2.5,1,0.88
0.08367901417828333,-0.08141562480879039,0.718974966905329,0.1364547782907809,-12.516661550844283,7.651971806732292,-5.395138307926272,6.786381989643461,0.22685190375607275,0.0,1,0.88
0.13758396825078875,-0.08714933975702427,0.7740900613627465,0.20096512871916883,-18.434430883907382,8.051026198430245,8.1446939588838,6.1284799224371,0.3941843791220875,0.0,1,0.88
0.14218053450315232,-0.07341289793596971,0.883590527679588,0.22561807678719273,-21.686492881567272,-1.3530796853757194,-1.2426973226499438,5.05734795704489,0.5177550772910298,1.2,1,0.88
0.10899182524253671,-0.059828361567026325,0.8462241365275951,0.1791629566938544,-27.777235799791303,0.4795431151773473,2.4370688031198826,7.957602268216108,0.4208931488524025,0.0,1,0.88
0.14569889205084097,-0.046931253614784424,0.730833028345663,0.21195111465676142,-26.57313968336061,1.261553759702481,1.2992591602366503,7.268249964074379,0.22412676576062499,0.0,1,0.88
0.1998861329569217,-0.02307263727353591,0.4573229155305681,0.16964126321461748,-23.69470576967993,-5.439487558067322,-2.762795502091061,2.6135008473183943,0.5893763578597545,2.5,1,0.88
0.11878859547468268,-0.05029818434802938,0.8291351127265152,0.11861160384175067,-25.84007598386875,3.955527387948849,-2.028135673249489,7.616535754972335,0.2696788718359229,0.0,1,0.88
0.13915825078296254,-0.03976785596829154,0.7804746208312106,0.31428343925276525,-29.02189896735087,-8.307021141604409,-2.4871308682339475,1.5733692251943143,0.5576657917842583,0.0,1,0.88
0.12841441461341918,-0.03936692508609882,0.8321247328654283,0.2665241225461763,-22.779153450962085,-3.6935897247006717,7.854402535282684,1.8127090052044474,0.5129848474177343,0.0,1,0.88
0.13664750143130208,-0.12346684242356036,0.7723804821950135,0.2956227862923607,-22.639656510667187,-4.075511553761848,-0.21666299595202165,8.367342954888018,0.3866628946753451,2.5,1,0.88
0.14460604942484112,-0.06285126011078761,0.6201954471337134,0.23988120466861854,-11.073862283085447,11.104720259034226,3.175668403499346,7.3259857648118825,0.5163916570942442,2.5,1,0.88
0.20294621131357526,-0.061955303007667564,0.757661286542598,0.2732228104070318,-18.726248952405232,-12.967680395629124,10.129905010346064,1.5592525960855532,0.1433101145047818,0.0,1,0.88
0.10362135666230876,-0.06535015162484156,0.7832410697868305,0.1707233079200404,-11.791991389482385,6.295636512757584,-3.7572423932271777,5.575673781786197,0.33243622195968636,1.2,1,0.88
0.12976138426929928,-0.05488273255568933,0.8156310072351316,0.21316906542612138,-25.968450196528273,-12.093972304705314,17.24082959232682,5.441664076414744,0.43066608034983545,0.0,1,0.88
0.16303735502896255,-0.01622011045195404,0.8320585603396389,0.2344934646771282,-5.862803289799249,2.1482874419565983,1.5232369338862481,5.255314691784591,0.20134945417510527,0.0,1,0.88
0.0765751457295102,-0.06293897196290266,0.7304209339732105,0.21961125277735125,-27.674208708542903,1.147385500276674,-7.170915557130325,8.80204662207699,0.4550788906336154,0.0,1,0.88
0.17052809866982324,-0.05665457327238356,0.72039647394872,0.1771907772977527,-22.765691082810207,8.759756557568636,4.0842024032911075,4.251043258756708,0.38131025060705515,1.2,1,0.88
0.05,-0.074591753063726,0.7795397844674815,0.23306828710567867,-11.532761540611187,5.092787020069334,7.44848157475303,6.503730807833186,0.18856029784955244,0.0,1,0.88
0.18860396558177703,-0.1171672005891759,0.6434204344257062,0.21812355174371784,-14.720970278349519,-8.815199783909703,6.1512862832753665,6.086653580142963,0.5177029394415311,0.0,1,0.88
0.12288753846268033,-0.05175293660753335,0.8535916398851803,0.24371955325780287,-21.037184859855707,6.420998080627824,0.5914386904538453,2.0877101895998225,0.12030261097999576,0.0,1,0.88
0.1911709183579551,-0.09309177792393042,0.72780353450229,0.19488536649614613,-15.001642362092099,6.701969804441215,9.808136240057564,4.75563714429707,0.34367126542658943,0.0,1,0.88
0.156690907727554,-0.07415533863466514,0.7619329872852842,0.20663939881526772,-22.19988540122023,6.299001105791945,-0.6619472701612663,4.858331025238185,0.37145817496646993,1.2,1,0.88
0.15216152550559967,-0.04415135002575997,0.7847736847934987,0.2786972828850697,-28.243446811232204,21.942372834960157,2.035787854337488,9.282924467728368,0.5010163655331842,0.0,1,0.88
0.19214372525879275,-0.031643570632488544,0.7438531933150613,0.1774097000908665,-19.52340577644525,0.7918918963220073,3.35536147097824,4.3578167942665145,0.5142432906948154,0.0,1,0.88
0.19183017156164064,-0.031491621495351604,0.685719982310608,0.18453253770865793,-17.332674507099433,9.83825221578172,3.3170780428985003,6.1788329551023615,0.39501298580443145,0.0,1,0.88
0.19681100452514644,-0.0336859614186645,0.8273444745796426,0.2387891066842387,-15.359696035838558,-15.686761131745532,4.232431655150242,7.037187247722763,0.2008487780759232,0.0,1,0.88
0.14748870428582933,-0.08327592916680776,0.5737763197880119,0.229108047722231,-31.812073080811192,6.768095507366131,14.847597033714822,3.337456126963398,0.4310443385462387,0.0,1,0.88
0.19421637871520236,-0.060062919521488345,0.7321980800500933,0.20479794504233417,-23.575947529449763,-6.22324579339652,4.447204001333461,6.537589530343075,0.1891890195718218,1.2,1,0.88
0.10728058998537099,-0.03839215429342173,0.7546529613637531,0.17595988345685587,-22.794817205138788,2.8219968690041046,2.8743451321343203,3.4577637144059974,0.24539009246652685,1.2,1,0.88
0.0989978350506508,-0.1464604008950409,0.6139591456833444,0.20127725426493104,-20.789478453336137,-10.667457163596548,-1.6929912297400582,8.452873798501962,0.1960434911780121,0.0,1,0.88
0.165116636141382,-0.056978903578980666,0.6363023876325542,0.2222162717182735,-26.07139471259898,12.931404459920321,-6.776987955011489,7.325765455624006,0.5987131897929889,0.0,1,0.88
0.16665515306935985,-0.09719011318057441,0.870085040940541,0.18916875288690016,-14.13446291513525,0.5392646804865578,4.5612727563168765,3.4639459417910374,0.23976751225337065,0.0,1,0.88
0.1340996608787584,-0.07781098280961771,0.7983942926956284,0.19405214586782613,-13.830511134531658,-4.006035349525629,-4.003799785927349,7.408633804003098,0.5358792648996689,1.2,1,0.88
0.1687751597260713,-0.04630075418076164,0.5966698930358726,0.26836671823390834,-17.144482247426552,6.063384272089908,5.018538577221228,9.435141377899953,0.4243327362313206,1.2,1,0.88
0.11977467433100263,-0.0963086734269114,0.8941414420508409,0.16674159671341524,-13.751327158892465,6.510730154084455,2.7357371165429702,8.042462857858212,0.3820897639647298,1.2,1,0.88
0.12832999128449388,-0.046768376615530655,0.7455488554397466,0.1945035377317129,-29.391728074126917,5.975968306842778,2.726131312117503,7.0770351767435375,0.28049076451692956,1.2,1,0.88
0.10572963755429525,-0.03676310086852623,0.7263066079555429,0.18317949947709516,-17.924322993886545,-10.153772242825761,1.6962387877909588,6.320847568007346,0.24581094468372236,1.2,1,0.88
0.13386670332586356,-0.059297036185577835,0.8707131091642644,0.20377837091257567,-5.990545529221507,-1.5717537964122035,8.52816250185148,7.797284593008372,0.3866475937350743,0.0,1,0.88
0.1145992825770448,-0.09250638577345556,0.5936844770900053,0.28580955851582135,-27.958412168289428,-10.050288331255404,1.2418111451564768,5.3993579004139445,0.23410234276125028,0.0,1,0.88
0.19529982973295792,-0.05211041627685853,0.8051449171422989,0.23447274744295682,-12.402590033342456,-7.970392116362678,5.5890159791078915,7.740105783519728,0.3534660516979924,1.2,1,0.88
0.19634392039152782,-0.02584083150938598,0.539316881709011,0.23867930249732358,-19.446584693927345,3.5288358749361692,3.0793457961069173,6.491133448920336,0.31982287571236867,1.2,1,0.88
0.1173922855049834,-0.0055960842810434674,0.6562493153335849,0.2522692335878441,-23.903688395295326,0.05945441951733563,3.5457135783534532,1.9558404884173592,0.3578539836173188,1.2,1,0.88
0.1256156853131464,-0.06526788403988856,0.8328166884397339,0.2052313762231086,-22.479124436115008,-18.03005132288574,-1.618989880296568,3.634930635025967,0.1309358804458742,1.2,1,0.88
0.21474057032571586,-0.09172886790704418,0.8072623591755034,0.10908822348437916,-18.069316073859344,-2.097825097870657,-2.797868568147604,7.14906509303967,0.3423513793384626,0.0,1,0.88
0.20149620947632413,-0.09737298492340868,0.6991701335201408,0.16884481967924417,-2.032088089452987,-5.917032387748702,-6.925253310908415,7.39799108519585,0.14872797362236292,1.2,1,0.88
0.1983145420596961,-0.03558930098877815,0.8351503495686037,0.2034723406316556,-14.021435871957936,7.758142224027928,10.288501987431315,7.276481677010975,0.2744715109988257,0.0,1,0.88
0.157374669800259,-0.053682877429981735,0.7270022619233452,0.2847658380802468,-17.095884852696834,-5.5801325650889595,8.89190131124743,6.516649246236228,0.33380175725922245,0.0,1,0.88
0.1688724785772372,-0.04345279383540524,0.7868480991300686,0.27129097666509483,-10.57322097713034,5.898580925404324,0.4752923508657574,3.3548457067737063,0.3634706125180165,1.2,1,0.88
0.1336818069908522,0.003793254825791556,0.6084959719590152,0.1807245906604193,-11.67059569441582,19.55985040533121,1.3977225598538654,5.118361282839812,0.4794811448093187,0.0,1,0.88
0.17444962364388794,-0.08630803745623579,0.6468084807716443,0.17586157608305436,-29.26634918346124,-6.999720133441359,8.126600380067362,11.277644946587227,0.36974927400435664,1.2,1,0.88
0.13711608031417175,-0.10179096905126478,0.6696849131890625,0.2285902245358002,-15.60679125521314,-0.4937696854513864,2.9624405019915585,5.421694180770444,0.27065630501583204,0.0,1,0.88
0.1375021786304352,-0.05659516961322773,0.8180615036710881,0.19303852316052167,-14.962329171074476,-3.62526314948748,4.37839017692872,8.437610136807168,0.3283328568716698,0.0,1,0.88
0.13188776720501208,-0.10090395048556386,0.7770173047173556,0.243368263574257,-14.312115505741808,-0.32856423986939975,16.764995662615412,3.8962478211517233,0.3223131318060388,1.2,1,0.88
0.14048666157746847,-0.06330651831766813,0.8179731258962961,0.26541555206059203,-14.759963370587197,-2.360880088587636,1.1961941387083908,3.670000556174797,0.33232015525017033,1.2,1,0.88
0.14654288734198104,-0.03960330975881758,0.6995926278056847,0.23097578080813427,-16.816974936093207,8.490754974022652,5.207349586125767,12.171462234156673,0.4793599011358226,0.0,1,0.88
0.15693829007284626,-0.06632058413111148,0.7804201358206608,0.2028517581776628,-21.394878729704768,-2.9065636744449277,8.99628833158196,7.20883968483917,0.10993779793088923,0.0,1,0.88
0.14566379338654822,-0.04317482405735401,0.754543560892871,0.22756737837565355,-17.078458461931465,8.08944661430326,6.995947685364859,4.770133303950496,0.420418146647374,1.2,1,0.88
0.11159781277959424,-0.03092331602421523,0.63347517093436,0.23716776741931514,-27.54656580071292,-14.143724846496141,1.6843038406203306,6.054537626390008,0.3483330904716754,0.0,1,0.88
0.16953561356708172,-0.061775991649637076,0.7434244495890161,0.18332331276765654,-19.428637454943992,-5.2887347959668185,10.443318496888418,3.068951093320228,0.33216522069813137,0.0,1,0.88
0.19144035804633622,-0.0775816009348799,0.862588885633536,0.24071334498956956,-17.508101167576864,7.58989019542185,3.5301093382229936,3.4033639661798034,0.4342326275844489,1.2,1,0.88
0.16105739096360694,-0.08945377050818609,0.886295307429565,0.18580158412769732,-23.735595725430663,8.183075332551896,10.907678131765017,4.659672089984195,0.2761399466571016,0.0,1,0.88
0.165283469022321,-0.11460330923437974,0.7493136252971763,0.2159691817592459,-18.552180201536057,-1.720407659301154,-0.9634763527523837,6.996376926167378,0.24998608938000053,0.0,1,0.88
0.10618015903320135,-0.06376852738278277,0.8263430020304754,0.19589008114304096,-16.14027343591934,16.788072956638846,-4.1940376099912715,6.2215686569210025,0.1793745966356943,0.0,1,0.88
0.1664370837900044,-0.07451017799560845,0.7600558596030347,0.22014115997665484,-22.485088941000548,1.3324020608272635,5.561539381741911,8.178210754713897,0.25805352756391575,0.0,1,0.88
0.10841027757664776,-0.016548017302444117,0.6643815982044889,0.20813048130367567,-20.17641460913357,-0.5126105387201262,-7.423331191111911,5.934752409246686,0.314598031312298,0.0,1,0.88
0.19457252818989118,-0.09072352619311871,0.7190381295471358,0.1616643363634479,-26.661257024985325,5.781683991883129,7.881939669323798,4.962323479280641,0.1064036663152135,0.0,1,0.88
0.1857803258322448,-0.04756663649003443,0.8724027691057171,0.27862952665486573,-15.27120326595718,-7.58670385206001,14.658053871254491,5.263232054715871,0.23068354624420115,0.0,1,0.88
0.12250996481222896,-0.12741909328872725,0.7170137122408154,0.15535953550359188,-17.736073850196316,-12.326846311593362,9.076296090803094,10.866409801274152,0.28282472309611295,1.2,1,0.88
0.14766097824099605,-0.06848190044381706,0.7553916426968578,0.19778284293398554,-16.21257980205639,-10.506456628949378,-0.2964554119533025,8.465580183815831,0.36028269807068236,1.2,1,0.88
0.15565032979097623,-0.09737473689371726,0.7829318726444486,0.2888466865794331,-12.022451569315592,-2.9417915245701196,-1.0496694673277904,9.031517633228722,0.5534044824183512,0.0,1,0.88
0.18125849681523587,-0.009988015549275836,0.7540829080357037,0.28073176370318265,-6.865210544552081,1.368997000505016,1.048242427150944,3.7896708448228895,0.3854242154698345,0.0,1,0.88
0.17938291057049466,-0.08640796918431097,0.7892686706413072,0.2429516952453352,-18.699260435758084,-3.761603579266059,-1.8941118730965325,4.126215570599753,0.4223617448143495,0.0,1,0.88
0.16200416699139628,-0.03373127340638514,0.7763651489634849,0.11465721361505599,-18.35478630215747,2.5376178972467685,14.737784179838316,3.221061460970732,0.5029992272783536,0.0,1,0.88
0.11559420984118846,-0.12812895837382907,0.6642506274659439,0.09058204182242757,-14.506163708982813,0.10004012274903204,4.160190454215142,7.009023031572694,0.3575484663014795,0.0,1,0.88
0.1477520214113037,-0.06021300366647205,0.7658474768830645,0.13543145885898603,-14.569296658506465,9.742908120017779,-3.623357041630057,5.551468625017681,0.370550025863709,0.0,1,0.88
0.15827326561796365,-0.09812109838936736,0.8207656728634207,0.2358629290639491,-23.953860969815924,-12.33001139229876,-8.12356719523915,2.089870016548564,0.4320544452415145,1.2,1,0.88
0.1665983448037631,-0.06668145241069133,0.7931078312161073,0.2626339478166053,-24.901982600830088,-9.209980700780623,6.110603210151113,6.8573719102722235,0.28128812458450414,1.2,1,0.88
0.17198027716114453,-0.06245983861914969,0.7362658286861876,0.20424208468423632,-9.357864329055788,8.838545863679625,3.5510593215270196,0.6097456046291354,0.5093210942692165,1.2,1,0.88
0.12199219182159306,-0.035079108164755735,0.654189855215573,0.20192617342306446,-17.1320916507573,2.4012638115763805,10.19906284821388,8.894434825452967,0.4644085163876651,0.0,1,0.88
0.14284125608345247,-0.09055992889826726,0.8223145373047107,0.1567552895773317,-15.37773002922713,-3.7787549316246296,3.623957424946256,3.0778200486470793,0.4729856690402183,0.0,1,0.88
0.1380058750434101,-0.12638810938393066,0.782343250614535,0.22470213954971796,-14.591687062128122,0.6601293820020898,13.85959743945794,7.879998821455864,0.39841835599797093,0.0,1,0.88
0.13630725802465496,-0.03268908144966165,0.8015446956658647,0.14685610815962852,-13.804391183223657,0.6964604337113962,7.292698249524781,8.589571959929504,0.27468260132987765,0.0,1,0.88
0.12263334496211624,-0.0017997177227719527,0.7480367467975115,0.11808597974902728,-18.37717297711626,7.1805756815179675,2.8144422362023187,2.575154238682583,0.27590361035506894,0.0,1,0.88
0.12284316507174532,-0.0947814135184783,0.7437598906409747,0.1508085598037699,-18.225594917171723,3.168231553930217,7.220281517792877,7.60911156498806,0.4568465235728394,1.2,1,0.88
0.15893598017442173,-0.08000171051726274,0.8429528926406549,0.20540433390306204,-23.169919277425624,-7.059850920377443,2.0979911856300855,5.417427516179645,0.5960357752482557,0.0,1,0.88
0.12559333043557164,-0.07634636652521198,0.8332602736688695,0.24636773733761816,-16.55518417760547,-0.02779446402703056,12.511906038636885,1.7463214032219891,0.1533183817144085,0.0,1,0.88
0.13858862084829604,-0.03858493820822643,0.8521353452024623,0.19405550650906436,-11.736382977463704,-6.9836794200075385,1.8614398106332262,7.0537051667975845,0.17246077616906827,0.0,1,0.88
0.13262091281325308,-0.07703338134760249,0.5654685539231502,0.15116055875214213,-17.17382623275612,13.27080037613891,17.817156599004125,6.453194497358893,0.4515241978349388,0.0,1,0.88
0.1138954400213798,-0.08659526219612337,0.5804511150248757,0.3104721160732163,-7.633343775323496,-10.126568053135312,-7.18217813798449,4.393786976727728,0.5357018957130815,1.2,1,0.88
0.17637576559279605,-0.023886340300051233,0.7640297128035143,0.22140423085192976,-20.86826502530358,-6.223801857896828,-3.134784809352656,7.08241479378715,0.554407021613157,0.0,1,0.88
0.1364835173823578,-0.04113653701109047,0.7713908192296304,0.21300075902817997,-14.627143062655506,-7.904892615081949,15.460736159591754,6.012214352325484,0.13295682335196043,1.2,1,0.88
0.13119593467284146,-0.07971762070670035,0.7996334824503935,0.18765285902059167,-21.376063785408142,6.7137739288873535,4.9346587352050015,1.7001452034939701,0.5838860809649242,2.5,1,0.88
0.18669796817541928,-0.07840757466870957,0.7431015966849956,0.16480797869914426,-21.44628305471212,9.805785615244265,4.151662078890817,3.3579645479615237,0.225887966113585,0.0,1,0.88
0.15236184651108603,-0.010371472366043001,0.8114050008120788,0.23018302113630892,-15.284343902131383,1.9138256045799868,12.293980481826285,8.827346981404627,0.46070220669197726,0.0,1,0.88
0.18454861820442495,-0.051652209041128744,0.816012563830478,0.15302690105411168,-7.912447441300953,-0.5219924480092952,11.484637772204259,6.057289971095327,0.43018419481869363,2.5,1,0.88
0.178122323386205,-0.04653436638275067,0.7159800558094238,0.2769048547055224,-16.283058696602723,-8.206972172791609,-3.6687912796735658,6.176569571745853,0.1646796141358249,0.0,1,0.88
0.16714669713116284,-0.041548661940719225,0.780018585523413,0.2397354473801548,-22.968127798838253,-6.062104803383006,5.6727228293461955,11.094131243930754,0.34675806816096355,1.2,1,0.88
0.13807676716147158,-0.04308440384817017,0.8641141926221049,0.20039800656514387,-9.545472998700545,3.6591891026896746,-0.49513916863336505,3.834604083684821,0.12571622201873647,2.5,1,0.88
0.2087674987224703,-0.07477845100817461,0.777126141807382,0.26986580405919336,-12.985375656935144,-1.5749819613044302,0.012560717100053242,12.048664205601362,0.579017259844805,0.0,1,0.88
0.14874491430857278,-0.05425634666625513,0.8034533203992154,0.22469164726927845,-21.957828327119497,0.08567527551534294,10.153846579877722,2.198925369639702,0.5205284680153773,1.2,1,0.88
0.1764709927272748,-0.06240264730310567,0.8518440182591327,0.22214427996122,-17.8093666443821,5.200972917040898,-2.6288375530817447,8.213226288559603,0.3520002252336688,0.0,1,0.88
0.1761258626678864,-0.08578337156506076,0.8352357527082465,0.19924930991017148,-22.49604870270963,10.207455886885802,-1.8509284942168334,7.404794023687525,0.2911485461880008,0.0,1,0.88
0.16448035224287805,-0.07008410217748244,0.6290575636902092,0.23856574585769136,-30.76732916806195,7.67521236539915,-2.3833073810081338,1.7302661626532707,0.5695288293951656,0.0,1,0.88
0.12538317171291588,-0.10904595709664841,0.7686659033159134,0.17004140785770028,-13.544220036515263,8.766598687873389,7.33402301714507,-1.6852749840389887,0.23356942274673018,0.0,1,0.88
0.14836728672342522,-0.12246537233185034,0.8443736868417847,0.18292236980192597,-23.11807538001495,-1.583755534570218,1.0467532541917297,6.499224771633633,0.29302388327865525,0.0,1,0.88
0.13740431426656896,-0.06984152018168817,0.7532041116854589,0.2148882895058494,-16.12665927081806,-4.806340249945602,3.01785542134552,3.3203161975667164,0.4160825824199621,0.0,1,0.88
0.13066239188499076,-0.02328202953401621,0.7805060836501012,0.25434918433682024,-19.61676545279701,-14.421885040145172,18.024470818462184,5.458067134413371,0.4868762356053373,0.0,1,0.88
0.15468352633563523,-0.03880241073730602,0.5344814927140175,0.26860260064619457,-13.59397519040568,-4.320749650027139,-3.374232211651793,5.222815462807613,0.27505903973056245,0.0,1,0.88
0.12738068113838646,-0.08822113566842334,0.8520605177924827,0.27947468672750797,-22.134937536788108,1.6023725183783213,-2.2573681616342913,6.543389485279927,0.26181858762011956,1.2,1,0.88
0.09696837406183845,-0.05091465482198308,0.7660834326644171,0.20950236081794402,-18.88191257173034,4.823662287707108,8.764549234998755,5.518867795597701,0.5425551445540574,0.0,1,0.88
0.18427213876747828,-0.07029844782887906,0.7976725503660045,0.1831694533246241,-18.25196310737161,-8.965072281629551,-4.076043629680083,7.517123121385147,0.44469352478128454,0.0,1,0.88
0.17393306763914315,-0.06099071239130755,0.7749036632733842,0.20990000014706914,-18.4563439735612,-1.3055148380873602,1.7416539713709933,2.4723316103989257,0.521137051316558,0.0,1,0.88
0.1220394520957492,-0.06840171963553396,0.6468107822636137,0.27143203050365405,-19.940255075426833,-5.4953873236748425,6.850707720030432,10.006062864066013,0.14528423675093052,0.0,1,0.88
0.19025032683149964,-0.0669627740706805,0.8264822878519326,0.18962953761619322,-14.841194612311899,-0.36910692632352204,6.6056689639672435,2.527245050202144,0.4501050074951113,1.2,1,0.88
0.20019622531917736,-0.08498210710754935,0.8139349866988106,0.29171520762903275,-25.590513588589403,7.823720103999371,3.488542425163245,7.504451508246669,0.31468241019458854,1.2,1,0.88
0.14569861485480073,-0.01291096486266858,0.8394690538686835,0.1830792647598561,-16.575911283062815,0.6274760575807969,5.675426525652108,3.8979679961005442,0.3560839420838009,0.0,1,0.88
0.14787498277424235,-0.024736780651324043,0.6560530333842922,0.2930262646737818,-15.571775324037356,0.5185911900435236,11.969990838306117,6.868526194237756,0.3805193626115364,0.0,1,0.88
0.13893356871101853,-0.055128002804412324,0.8090048866252215,0.27319779225229235,-20.489735274796878,-15.846830779962458,1.8167752092201228,1.9339231027085573,0.30057995362376044,0.0,1,0.88
0.1624701592228973,-0.07087003374824588,0.803186348579892,0.19257684680452708,-13.33323148967154,8.751255613059723,9.185842353109248,2.977192571509652,0.5621866902883248,2.5,1,0.88
0.1607907631295114,-0.03454017143483332,0.7802404125848362,0.17984038524364718,-13.3642620841918,-0.5542489626330559,2.0749246339894176,2.795825208367531,0.12202416808127489,0.0,1,0.88
0.14797817240418623,-0.07702765064954246,0.8078357507692595,0.2000423472234475,-25.96370422726888,-9.416163104181553,2.761605655356747,6.302488585908751,0.5302253678331718,1.2,1,0.88
0.127244302170624,-0.02824791275714473,0.7177637402944905,0.21179222832530917,-15.746272609781752,-1.71462452915931,6.361809259447399,5.981527825299191,0.532973143399446,2.5,1,0.88
0.17441521711952065,-0.08456055129633594,0.5781825679298856,0.17912068941685091,-24.321819684278324,0.524429801202228,-2.1368758644361776,3.8105468123681123,0.5194660367813331,0.0,1,0.88
0.1665554274192753,-0.04262865306186489,0.6890341678333372,0.22079918833610993,-19.50256330462057,4.092205376943099,4.487482457438815,4.626698674291867,0.5453084156334062,2.5,1,0.88
0.17777287351370932,-0.12663700502325373,0.845563358404134,0.1880340085103734,-26.54230691222361,19.055559867324995,-4.155734308520987,10.126302257719933,0.12990423767616474,0.0,1,0.88
0.16700359171764614,-0.019902177733665025,0.764980002240166,0.27509589153206915,-14.909328273409324,14.465792073193185,5.071531593001902,6.554527870827405,0.5549269766990729,0.0,1,0.88
0.15965164116047395,-0.052888763284109214,0.796105050137313,0.2045981046179492,-14.989702054594819,-8.08263830077227,0.6978784730810723,8.108458632476829,0.302623163953196,0.0,1,0.88
0.13296410558245755,-0.0592913819275605,0.8033687860503507,0.11840882218389295,-19.02285689389018,3.7062427343231032,8.68128383320145,6.797818357672596,0.5125000145077829,0.0,1,0.88
0.20284207649808345,-0.07939103011037907,0.7096036930919045,0.20166959526235495,-19.880211787710444,4.6914280132721276,6.384603843134513,3.513371425071984,0.34405279593441196,0.0,1,0.88
0.1697872187221997,-0.0041131334065845696,0.7119445534175053,0.2502843105564596,-18.29762706695268,-1.3175683796634032,-2.64319878715399,3.9467830106995727,0.24160781352037888,0.0,1,0.88
0.20731306896400242,-0.08106661458226737,0.8496670732916298,0.22162700506436234,-16.248832121912077,-0.4461947014385045,10.016347300489748,4.863729251744324,0.2281926566457266,0.0,1,0.88
0.15267012331660446,-0.0717768503207277,0.8721242446083941,0.2625122759684443,-20.826678141547802,10.395887985454095,3.827775569797871,2.6553840704601304,0.18356918088912813,2.5,1,0.88
0.10042847830637233,-0.023452262321408207,0.6546512144975561,0.21125897783012915,-22.186146864277227,-8.425961281070972,0.7037453883596356,9.107980047862139,0.27908410414038076,2.5,1,0.88
0.10821055146974429,-0.07925103091267552,0.7852662568134803,0.2215252407250214,-21.226974410719805,-6.875089048566008,-2.4803448518104414,7.960238990931247,0.45533365329393827,2.5,1,0.88
0.14818781603351594,-0.046772435165749214,0.8317850521283827,0.15015865955485394,-20.19250632660133,-12.824315875483826,-4.293715424816181,8.605349731587943,0.13984996165712785,1.2,1,0.88
0.2181472337671368,-0.10944749156139086,0.8147233519230475,0.12638774688773713,-17.42723719464703,2.6844468371167842,-9.151911791146484,10.860120734504747,0.2122474360933154,1.2,1,0.88
0.15933622782518317,-0.03928147433563145,0.7686747749591522,0.1736048167120466,-23.03391337637794,-2.0988204332801472,7.6962663820768995,4.24050820003489,0.48494180398856535,1.2,1,0.88
0.1418714797986917,-0.02514650395932632,0.692987807379471,0.25224774920136983,-21.825407551937253,-8.262515276065585,2.8272420556814293,2.5934993006263425,0.20938548629716866,1.2,1,0.88
0.1218717666105807,-0.038684577386344156,0.7162368424780805,0.2957240148879132,-16.131638993531563,9.31786433690652,8.012784795191589,6.52515903239357,0.5649332419824847,1.2,1,0.88
0.12985879441620346,-0.08141398398416094,0.7039505441220351,0.27712614097520727,-14.79888004114562,5.411424842567377,9.379607769118342,5.398169595639811,0.15364547324597358,1.2,1,0.88
0.1598990977497056,-0.05054727170352888,0.7762603842579892,0.2679465344284727,-16.759746503934863,-2.2773164034821654,8.061407426166147,4.299835921862531,0.12398983060582755,0.0,1,0.88
0.18997936556087802,-0.041213833151032636,0.5855763936568952,0.27522772624955955,-15.03197088331185,-14.175677633872306,0.8460380965368781,6.697743343053859,0.5683507822535636,1.2,1,0.88
0.08521299967072024,-0.09550475647127467,0.6533498786550722,0.22084946401920175,-19.738422521114167,-1.5886505871345902,8.357583625572072,5.4983421422204835,0.3726836263346911,0.0,1,0.88
0.12560222037784474,-0.0716952916325278,0.8276080838837744,0.24526669719370162,-23.515186604266702,-0.4823881242749953,4.216915167554963,6.680067241572067,0.33627052701955895,0.0,1,0.88
0.15867665822749857,-0.03059725139406131,0.8333757757925646,0.2981307912335389,-22.099600183306958,9.37345757778249,1.7793303794648923,9.991161312000465,0.2885900938871033,0.0,1,0.88
0.13405085489619076,-0.047478021673904136,0.8025198794207252,0.19928101171462223,-28.258606843977976,-17.259870633499037,5.435740688682138,7.639889055546994,0.17168515584766056,0.0,1,0.88
0.15188993356735636,-0.06212724321242275,0.7520907050881472,0.35467886012132877,-23.822090096481602,-11.923727952430813,-2.7798552247064965,6.949182139211011,0.48568104152731284,0.0,1,0.88
0.15026344641436384,-0.11274664889608735,0.8563626223323291,0.229709045279721,-14.474606427388016,-2.859942778173824,8.743177380552137,4.9664927542747215,0.22637588623060248,2.5,1,0.88
0.1835004849822674,-0.05363720867471709,0.6402218766038299,0.2187888975896958,-19.643049781875767,-9.24513211698247,-1.4118088302701217,5.53959365114451,0.32152275384573337,1.2,1,0.88
0.13217629170103307,-0.11282157939745938,0.7902547237023543,0.21176348856205185,-17.492456197514787,11.908815535615954,5.0774853359148215,7.468813225159986,0.3061032084572213,2.5,1,0.88
0.17611652151601534,-0.06101651528441759,0.7325137314669388,0.24800107576698482,-20.677400200706682,-4.649196088575213,8.683784046108967,4.564537329959062,0.5053708519645944,0.0,1,0.88
0.18661710877035265,-0.05094633507608449,0.7720852421308767,0.1920858803494868,-10.705351461552157,1.4528011130342495,0.5364650740495218,7.1973504723315775,0.3125373323815098,0.0,1,0.88
0.17913655239577525,-0.06740050102765237,0.7073513105609336,0.2948780403773522,-24.719671623463277,2.169473640351018,3.208114607615906,6.406109763010188,0.3610522265059508,0.0,1,0.88
0.10099687765804174,-0.030482815340012293,0.684417744838357,0.23424824575813485,-23.337458909730145,7.421195909676961,4.707985456864385,5.4153919621646684,0.5933064283421544,0.0,1,0.88
0.13571328357885112,-0.02980993292684612,0.8549014059762684,0.18468298111170012,-17.113765075421952,-6.665102241516485,-5.466519366801185,4.045648819438664,0.25790968982565277,0.0,1,0.88
0.11022347769138932,-0.07185420325878641,0.7089215441800776,0.24967694931991577,-16.43910853932935,-1.8835556629880725,2.4254344258461122,3.9073125314715864,0.2554241354635801,0.0,1,0.88
0.12561016021770188,-0.06242174814938827,0.7482561766113648,0.2217337962402385,-29.42838731174397,-8.594623782893898,3.4492609191232524,7.285367269085761,0.2568503629125565,2.5,1,0.88
0.155474979333381,-0.043186372411505775,0.8506140014819186,0.17673388369760984,-12.406329871041759,1.5127964541348098,0.5911305684675137,4.254921238397591,0.5888305924018652,2.5,1,0.88
0.16862764670667493,-0.053640871930500496,0.683343887339228,0.2181387049742943,-25.334875351905346,4.221572026400983,13.064157594029044,6.368993922082889,0.22336340158427317,0.0,1,0.88
0.10679968391039908,-0.04869915453970842,0.8400921754900863,0.18570263730476266,-16.353102554229473,0.33441160068410064,1.5431916485316668,5.961154603158699,0.4981385054792252,1.2,1,0.88
0.20289456343949935,-0.08756083082760183,0.8701599978742299,0.24156306855700174,-27.2748220579537,1.0382058586209562,7.2342555463756595,6.379020171611407,0.14104736329538706,0.0,1,0.88
0.14672584245462733,-0.06991756015374996,0.878599575954388,0.1772766746866484,-18.290394303771475,-11.14346110070894,0.42705755915887833,5.882664185410985,0.18544351787839577,1.2,1,0.88
0.1034664882420261,-0.10355162874040658,0.8201255221759186,0.22675216764818545,-20.10076902910537,4.831447429442662,7.328912289033522,4.298258952095523,0.19177086188282474,0.0,1,0.88
0.10926527980100117,-0.04133577078898082,0.8133468472214467,0.17864812174826059,-17.97622691327355,4.15226192873214,5.855501617314602,7.272906700191681,0.3225262595365619,1.2,1,0.88
0.12718263380132622,-0.06356746954429775,0.5979948959154213,0.1466093353750539,-13.424936323844012,12.495525897494257,7.121409374952766,6.692282989499258,0.17324946655890502,0.0,1,0.88
0.17910745544004467,-0.03146788944783274,0.6551035954740296,0.24702284023945884,-24.297278756890844,-19.43434374138791,3.039385517847702,6.644536763137472,0.3540468288713938,0.0,1,0.88
0.1465478758535066,-0.05558574542103899,0.7150241264705095,0.19218725179283885,-21.744721337201636,-12.514642611592746,0.9916834655362559,6.706584640649731,0.47776676716967004,0.0,1,0.88
0.14302914369431086,-0.04708261546120429,0.7097037154391839,0.21174229384858126,-8.78209455709172,-11.66861126276786,4.716353502365196,7.993942658160561,0.1821182033101477,0.0,1,0.88
0.21900092055433354,-0.09500076587817799,0.8001903310351848,0.16764025040581546,-11.050450315331844,6.766200508674922,-5.631951688122308,7.517877601948266,0.3543038996686272,0.0,1,0.88
0.1561523273995139,-0.05069450345675205,0.7952099692466473,0.2248804070563874,-23.4157187482274,-12.55517936909287,13.24013311554615,9.078251345726706,0.30581239219706313,0.0,1,0.88
0.17117872221922364,-0.037059624736942944,0.7724723748200464,0.2323794241385278,-12.9120147962229,1.4087639058467956,4.210350507226683,6.127419293999203,0.20479446917983948,1.2,1,0.88
0.1627794936535511,-0.08761772833408772,0.7869719692412516,0.17731068099859795,-8.975322973795224,12.983007875769676,8.177342095377089,9.891641419136445,0.4760363677499876,1.2,1,0.88
0.15455387846617502,-0.06017230786547751,0.8133141594557025,0.2811228047802046,-19.05316837558229,-16.775313433801433,-1.9461040166332904,3.8142826069990394,0.510163097676871,0.0,1,0.88
0.1811303862219078,-0.044737778405783774,0.7530393786860632,0.0951585004389538,-17.9388139079573,-14.371669769360041,7.054836854029244,0.7672296317007579,0.1976040461116543,1.2,1,0.88
0.14458684393947902,-0.03114852118460339,0.7196133339223724,0.27656772827621157,-17.939690566594805,-0.10039155692915824,-0.03218645988246305,2.8936697131932356,0.17264867683793841,0.0,1,0.88
0.1278980703744933,-0.034438386545699265,0.7320363860387709,0.28081469425486416,-21.544683464245363,6.274305005821657,-2.37782238186879,5.3103151104586495,0.2315177111448933,0.0,1,0.88
0.1445473256765942,-0.07480127782492058,0.6570780494997055,0.2538596999266594,-13.435531430187847,0.14705626216815862,1.3176733842036206,5.702947893177299,0.48137719273738644,0.0,1,0.88
0.10880857366004866,-0.04020675724074667,0.8766548778972435,0.24152648058385173,-20.150105594133315,-1.0411125350410038,1.5336651563291541,7.800408581920672,0.5339967113469476,1.2,1,0.88
0.15687098881794415,-0.053072197078810335,0.79463390073148,0.2597638405019502,-28.35551068901789,-14.469444548868585,-8.477528715754614,7.68292453705063,0.49636849713461784,1.2,1,0.88
0.11830085355883434,-0.03763615635763498,0.7648174552142349,0.34936245677022437,-10.008718174347877,-4.253647631962884,-2.544428346340087,5.780239595488271,0.17778403038268434,2.5,1,0.88
0.15546775330746126,-0.028031542208750683,0.6289133372513069,0.25098780620331795,-17.29624879221449,-3.1202334932627886,10.636797972799748,1.7117018278774294,0.30055810282739615,0.0,1,0.88
0.1890537829993626,-0.01706062161295891,0.8156077830736972,0.22199246520751628,-12.876453467827911,-0.3122342099960509,-2.372219997652918,6.547925534226082,0.37375482390622816,0.0,1,0.88
0.1223926946752756,-0.11903962316272171,0.7456305447508462,0.2913783179577466,-27.071983878650105,-1.7962531021444592,0.3385881573302094,5.734197690467954,0.5523017417720114,0.0,1,0.88
0.1923138547907395,0.006344098589254235,0.6431596252125795,0.20157575432116492,-20.302819319168822,1.6479544293330224,-0.537330124466207,8.659658660194712,0.502616138424921,0.0,1,0.88
0.19233213187036566,-0.09844854726317029,0.7699177882984791,0.2121721496625224,-12.95263495960835,-4.063096594882091,12.166273585959539,6.247961734648897,0.44046919011231755,0.0,1,0.88
0.17663862735618038,-0.03342167029198945,0.8362904258958235,0.2053841427115456,-18.110170902573884,-3.9434652582485317,2.772241117911066,1.6209333259268952,0.1091377573691785,0.0,1,0.88
0.15079398268847025,-0.06322589423424257,0.6598623063602329,0.25928421247863653,-21.161887609943044,-1.7022601017767327,4.445053007483184,6.364975902903209,0.46584959497736067,0.0,1,0.88
0.07950984426572015,-0.08347000199548638,0.861364547088523,0.08,-23.13876546352307,5.187651967670162,2.2196559220389,6.146939877303636,0.29927369969216666,1.2,1,0.88
0.18428354978957964,-0.07026591402663775,0.7549029129476973,0.24265864241731722,-11.271077804513265,5.014451203350696,7.587562480145513,4.856027736851247,0.535634261410211,1.2,1,0.88
0.17065081827592793,-0.05703960221337593,0.8298331813073696,0.1421141441735181,-22.184068400965547,28.046971228359318,7.912801065090854,3.290476221682356,0.15889514776270627,0.0,1,0.88
0.10896809672141297,-0.11237101808760389,0.7950143753953236,0.2617250780792659,-19.194785865111136,5.703210904681169,-2.3905213050724967,5.043632962157466,0.2605873902726281,2.5,1,0.88
0.12186028584424342,-0.006807659822139697,0.7760720625736794,0.21362493406608477,-22.007816350598684,-2.156717111533809,-5.178014157316314,8.994171874693617,0.4145673031654854,0.0,1,0.88
0.18809034723030382,-0.03187481890062908,0.8041774003284169,0.27683289380671305,-32.2865994939432,-3.6154935461194087,-2.38755602265538,9.11727982060794,0.43848274231267603,0.0,1,0.88
0.1822042390565679,-0.05969964048544477,0.8218102485793402,0.20768627942912302,-16.466865379227,-15.749912564035807,7.000789904934098,4.913431194963501,0.5998486048295345,0.0,1,0.88
0.1263795273965848,-0.03769904308482201,0.7688799936336715,0.20720241037066664,-11.223406093121364,1.768931648107152,-4.84746233261291,5.3948579032228166,0.26924665741431386,0.0,1,0.88
0.12524159251154673,-0.05177361545347032,0.8664440417499263,0.13170842519127032,-5.71042372963149,-9.140902521589354,11.507662149768562,5.935050991544951,0.5500695843049122,0.0,1,0.88
0.17385497332609673,-0.019987460536888185,0.7530953169739656,0.20749033076630186,-24.671319578843256,1.3650299632843783,3.0106772939934623,1.3215382507083362,0.13481126911263355,0.0,1,0.88
0.18328180630763521,-0.05002724127052303,0.8386102477233561,0.22734316047282074,-24.185687267151735,-5.714707851774977,8.872234142786944,5.858574653317069,0.24868664603726184,2.5,1,0.88
0.12199835653104177,-0.04203004796624513,0.772397792760358,0.2647861366086811,-11.712817185921564,8.73180599049423,10.569554931793729,5.114920579408363,0.2500460545969021,1.2,1,0.88
0.1699617891016748,-0.054186831111529415,0.6896215460273205,0.1837024049850376,-22.574114230032098,2.632891597385841,4.673078678653326,1.692540025878067,0.5257237250489908,0.0,1,0.88
0.18070522325416113,-0.059443878298440674,0.7719377438588553,0.2062713601404273,-23.934868390841928,12.558037461822437,8.609968725121831,5.828807808718773,0.16843342894189664,1.2,1,0.88
0.1685147901945126,-0.07013471641065869,0.8336419601954985,0.2197825756686408,-10.442292064986646,-0.06652930416311571,-1.5880819210080457,6.283276445758067,0.4077847910659733,2.5,1,0.88
0.13324961975128358,-0.10174728695391794,0.8184968824168144,0.2332915262315915,-6.2952857787238035,-0.03332332660498268,10.405664320612468,7.616402749070059,0.24716192711631144,2.5,1,0.88
0.13231733331666728,-0.08063235190825072,0.8570192244102098,0.21895100212927746,-19.249115041842806,-15.00772396852678,-2.0507103405754643,5.268890179957501,0.3898374139159888,1.2,1,0.88
0.12068070655049987,-0.011555183701428488,0.848176333280122,0.16331404178880365,-24.216821516255955,14.45054875070051,5.778564135949195,4.820852162842176,0.21387940685976078,2.5,1,0.88
0.14681360449265624,-0.019505099402621684,0.8829564114619151,0.21058912079904968,-18.115671355372015,16.397674012829494,1.3230294235126854,7.1351705151843205,0.2672059153120162,1.2,1,0.88
0.13880168024288483,-0.10715656279917393,0.7502525186570426,0.2521726655950032,-8.55734650597168,0.5080750077353238,-2.915726972086291,3.797654961813322,0.4119415775620223,0.0,1,0.88
0.1271316790090865,-0.062161260070692365,0.882582283739269,0.20836792816589275,-18.73348626929014,3.2443950385622404,0.04874290640135204,7.97653719377316,0.30444591735269566,1.2,1,0.88
0.1775442267000638,-0.11826704499026194,0.549577852145145,0.21535728414454475,-24.0016852952317,13.493525864339126,7.934713966920203,9.871938248262117,0.16567504235928512,1.2,1,0.88
0.1324041167277129,-0.112376382338748,0.7659022678121054,0.11652803703928745,-17.615156369576834,-3.867726111341399,-0.045165314028590586,7.915201831813449,0.3619481161963719,0.0,1,0.88
0.1639564224403492,-0.0969114963633667,0.6046465333867093,0.1613090980345103,-8.559656220021573,16.944538900471525,6.560541942190574,5.7464653158963594,0.3304531558844336,0.0,1,0.88
0.1434292389645499,-0.07376034764114718,0.7517169690150489,0.22765172985338114,-14.38427260271433,0.06361642699242084,7.578400855162146,5.8057111324704955,0.3293451085257596,0.0,1,0.88
0.16876852295207412,-0.03430617936505698,0.555035670858949,0.22111727568210754,-18.74814834739211,2.9703840365451475,9.325023972385987,6.330541731601623,0.47547550792652893,1.2,1,0.88
0.15302039222282957,-0.04990272613520818,0.7489936181971351,0.20612912842851783,-15.36021184956867,2.5276723827565695,2.691188018443541,7.858878982689035,0.2862692874300983,0.0,1,0.88
0.19507748252552504,-0.09368418017646671,0.7287022832018781,0.20857802491342936,-26.52824886381112,5.710167335958119,-5.177745091445923,6.056268373377517,0.42344795844638505,2.5,1,0.88
0.1570175097699252,-0.09264904896537665,0.6183891795877319,0.1628862673039863,-15.38655610274743,-6.053282331480447,4.892366241786443,5.722228334306271,0.2583029628276724,0.0,1,0.88
0.1399479518421693,-0.0994051017980927,0.7197603840533235,0.22306390215443228,-24.2872032435255,6.620488274478985,12.225037501115718,5.151427778332367,0.13022613282394233,0.0,1,0.88
0.14891007181110577,-0.08423529305969292,0.7173997367772165,0.18971658091207438,-16.495868532764703,-19.530308665302982,4.288050930898029,7.532881259059254,0.5975366079217125,0.0,1,0.88
0.14973698149081344,-0.025937667436267332,0.739746023452301,0.16986450728748004,-14.48266395086543,6.2941769666684575,-0.2815075526732471,2.4263507491873284,0.44166495677914563,0.0,1,0.88
0.13647529766768604,-0.07466652704078355,0.7341128641393732,0.15180684251664306,-30.458202181902116,-2.197526459338639,1.8133539813668431,6.903907171390467,0.14428882996497758,0.0,1,0.88
0.15151222737636239,-0.08863517545553398,0.7233975948417712,0.183259169027679,-13.094125643529654,-10.153592901902371,-7.129949088869351,4.551274265614658,0.1571654244147174,0.0,1,0.88
0.14164779035136682,-0.06734041744405915,0.7358791261723344,0.20241245990956655,-16.41878440046088,-10.082064365709476,-7.729753967372604,8.662471480079649,0.5757442962745655,1.2,1,0.88
0.12262684187753199,-0.06291462613897678,0.6341383108064349,0.20680923585021752,-11.252007265239573,-6.9604169560718265,-5.37016704079697,7.825469637969503,0.302819725242763,0.0,1,0.88
0.12063179820189428,-0.05333342659804644,0.810971512343204,0.22377490044997017,-12.918877839604896,5.468958008404268,6.595693897357338,3.238384957945847,0.1894283424138272,2.5,1,0.88
0.1304675918261302,-0.051552758516022035,0.8537875698768849,0.2658594720567673,-25.63910847464707,1.403163257374183,-3.7775376084574184,6.302789650076644,0.12499680875245825,2.5,1,0.88
0.16297281842506764,-0.04536275730426375,0.8112542008135986,0.19220432518429992,-23.71274245288817,-0.6697794815265761,3.792146864492671,8.562542084262569,0.3193812114334569,0.0,1,0.88
0.1628977154009939,-0.12694796185192253,0.5537221639526912,0.13441302688320697,-13.979441463865241,-3.258174449563396,5.555985828081306,7.317013853154988,0.19159879760976936,1.2,1,0.88
0.1336659038022023,-0.05928438892009988,0.7245305281181282,0.1933756451950103,-12.558967389780296,5.846438639505365,13.046988062822553,6.015743731137395,0.2584515022141072,0.0,1,0.88
0.12269944022846654,-0.04465582101874896,0.8680657009268603,0.21561417467707977,-9.330986925439731,2.7783069341712565,7.368211804625959,3.726300965085074,0.4338433428849229,1.2,1,0.88
0.10173144812020637,-0.05818295078859878,0.617452783063227,0.1633090403123023,-13.762624616947,2.28860668503288,5.166767295302581,6.283796634006286,0.145684655424718,0.0,1,0.88
0.15140538217185137,-0.03758171748383377,0.8337971633405228,0.16281332302517726,-0.6527289009660997,-7.021830790734491,3.7694166354304626,5.78307547666622,0.5104529143509371,1.2,1,0.88
0.1923994450021045,-0.054768430034026955,0.7838011707617123,0.1964500289623511,-21.22153784951839,1.474933310472858,-2.4755928626350414,2.31560498045256,0.3404399179143498,0.0,1,0.88
0.10153293950227374,-0.001510207429457948,0.7850589514395094,0.23482679159793834,-14.420276901709329,2.3700626988597766,-3.8628403646748595,5.525228232321626,0.19291018775954263,2.5,1,0.88
0.16599797264937746,-0.13084615169981792,0.7572849155457242,0.21583892102984853,-19.851441340318544,-2.205164695408359,-1.007240772223577,5.443673367795534,0.5787322534658325,0.0,1,0.88
0.11580293358873942,-0.06999969291876759,0.7323763817117795,0.22515740891107133,-16.596985182865836,-6.902521966980919,8.211738002558864,7.016004105091545,0.5099533992019378,1.2,1,0.88
0.14865037249427435,-0.05011614756531045,0.7675722029020264,0.14024838915218923,-16.993438089172937,-7.7032832114557435,10.174618314598277,1.466214287075859,0.3793392383324964,0.0,1,0.88
0.1451039952723909,-0.09083155068150296,0.6655416065892636,0.23917136843210735,-12.636967134219582,4.114495346012624,8.039933653184733,10.011307365554508,0.3393710313213786,1.2,1,0.88
0.1436561834993249,-0.026200453108837125,0.7602671282563433,0.1733934392443234,-18.577032947845794,-9.596661723411854,5.237279360932698,3.9518069377167135,0.5275470183764239,1.2,1,0.88
0.18121082718514622,-0.04386880048462749,0.6759308834618964,0.3081038903816985,-10.625723046155809,-6.8249120278174304,-7.274805045990863,9.011181024762902,0.48145445888145155,0.0,1,0.88
0.1561873691288231,-0.024411651863043213,0.6411915430124291,0.19418012576696148,-13.084631113780459,-3.550855515975593,8.017470583030507,4.787139336429645,0.5755476471188621,0.0,1,0.88
0.1525614693130497,-0.05051288246936394,0.8359841998305938,0.16377617650232873,-8.355404694328211,5.233926038265666,10.423201441347318,8.228207588662292,0.3054283762212998,1.2,1,0.88
0.14404791040846382,0.0003711434161837446,0.8577863308672923,0.2590755862811212,-11.746513001709603,2.0257527244252453,16.099674540765868,4.7900415203418225,0.18561459683494322,0.0,1,0.88
0.19011249532670382,-0.057602546864763585,0.7926847015018499,0.23056958681695952,-27.436096615637105,-20.089701347882123,2.122020507118273,8.904988168953746,0.5940587885312959,1.2,1,0.88
0.15666213350003824,-0.09908148920277918,0.5443869069660761,0.2520373190499327,-8.192033854522572,-5.033194040223694,9.635831983787735,9.499679696797752,0.3657630377625034,0.0,1,0.88
0.1487884008065892,-0.09191337574351313,0.8547013695396697,0.20978832569675696,-18.56934782814654,11.33206638040559,11.556927552555958,4.455886602805335,0.3429248654582687,0.0,1,0.88
0.17064646702501352,-0.027903560859833358,0.8614302580876282,0.1265544296764673,-20.178902843613407,3.7248827522272157,5.4811018159308,3.9199598133990525,0.18691723748902359,0.0,1,0.88
0.10713024787461693,-0.07121629998129772,0.7792845749090205,0.28431574345490834,-24.274897911500812,-4.838246288254172,9.09838597373271,7.7260610391058115,0.22065861690580676,2.5,1,0.88
0.16549860140383174,-0.07914144508029541,0.7635071065184056,0.21868518995671796,-17.55231616180996,-12.085510006822735,0.49764604999650874,11.201151928596172,0.38348622198339577,0.0,1,0.88
0.1687658773110137,-0.05897330040929202,0.6818936711700079,0.18666505064282565,-19.654966187423575,1.969441870706498,0.13283013618591033,8.396475796735569,0.3582025689367646,0.0,1,0.88
0.14112329635218024,-0.03577877568551066,0.8657902380369648,0.24244254156707523,-22.687405772731214,-18.3901143874284,2.6988718504536173,7.632049727950843,0.4059795714954194,0.0,1,0.88
0.14691622500787915,-0.08689141353006714,0.5450577892121138,0.26645045142988416,-19.257340786157744,-4.835460489264554,0.08052865782009189,5.41964536692971,0.4807245385733975,0.0,1,0.88
0.13804334335046206,0.008350106998727042,0.6884160588003898,0.19178450529299146,-14.817195057284408,-3.601443381853596,7.26464592110123,2.550794352184565,0.35120016974560586,0.0,1,0.88
0.17190088593618624,-0.09354768433948807,0.8519702164528751,0.21055777724983152,-18.866645016470283,3.785622224582093,-3.7545220661732692,8.149032348449586,0.3375940689904412,0.0,1,0.88
0.1873494333844316,-0.04120364193959561,0.8294083994698653,0.16737455445969804,-8.92383445144236,12.07641339444313,7.4516496001736305,7.914932270386403,0.17044330476204442,0.0,1,0.88
0.14793877299886313,0.00793308443837662,0.7142031733223513,0.29418128718326664,-8.467137517155301,21.336457846643636,-0.7904339445257413,7.01774307399503,0.21148665373378964,0.0,1,0.88
0.1526567658623034,-0.05499523285607113,0.7779433047765523,0.17836977940048826,-15.829433353429694,-1.0807567966665013,2.455476533864354,10.522141329307019,0.5970093459071947,1.2,1,0.88
0.1920786885998231,-0.05752628910307246,0.6515902781637601,0.1549939556354985,-19.185845933631327,-5.863866746074983,-1.5564321661428675,8.837610944437573,0.38616530690456063,1.2,1,0.88
0.18341897464892748,-0.06134337670664651,0.7091125428786296,0.20079545408946006,-22.44723020782901,-3.2688657110721278,2.1778384233620924,-1.6774723655692672,0.22795202141482776,1.2,1,0.88
0.17068470590223966,-0.0734568006522412,0.8366546745289569,0.2699944356326137,-16.409330995192526,1.0857472375436288,10.519556256237083,5.685773449343453,0.20601553018896387,2.5,1,0.88
0.18952964552481102,-0.08887888883919938,0.8218171343394512,0.31836830555457474,-15.461265795889076,-4.940759847625325,4.553181499526383,0.8344634224752863,0.4833107391267629,1.2,1,0.88
0.19562998947418125,-0.042786786827159404,0.832990575092849,0.17934305091282254,-18.532923896555218,-6.774699830381909,-0.6105305224594613,5.905566076413725,0.3916128258457856,0.0,1,0.88
0.101651860665743,-0.05200500398166577,0.8159317635153547,0.23842149042173844,-7.940540598290131,25.735868694321507,8.41660333504579,3.478965274855825,0.11481690961834665,1.2,1,0.88
0.20696896004074833,-0.07290706006017753,0.7923320582448439,0.22929905582473545,-20.64169430028128,10.383075631658457,2.893301959881395,7.531744292560216,0.14736929965125986,1.2,1,0.88
0.16773228706260346,-0.06331288562207293,0.7281981640042134,0.20766187305699557,-17.737780843831164,1.6772341266296413,7.496574097028277,10.55066582757348,0.491174222114252,2.5,1,0.88
0.08151378404641171,-0.02367909479870839,0.8471506954210368,0.3072847762145834,-24.126958533801208,-6.788808539444214,-3.7579790803151027,6.58255040458898,0.4261362771970121,1.2,1,0.88
0.15847061109804325,-0.03319509710329413,0.806415438733562,0.24042580324938842,-13.522637026252614,-12.492974985871028,-0.4112453351331169,3.4305993726440005,0.11803094613958356,0.0,1,0.88
0.12643753116199075,-0.08651002126796604,0.8369334693481987,0.24007686639546366,-9.703161104327462,-6.724485352487082,-0.4919637268874961,7.10567130589902,0.13720102886424537,1.2,1,0.88
0.1671670610007684,-0.09198412206392531,0.705386674271798,0.24287343430440042,-21.95266615441343,-3.0014804971626274,10.037437340550277,3.663146986895495,0.2207007350536415,1.2,1,0.88
0.09017935938704287,-0.07029859497453252,0.8554165471552736,0.22986797925794616,-8.745928902792905,-6.34349931003927,4.063767898375213,7.896617938984568,0.545629914961247,0.0,1,0.88
0.12857658700007754,-0.07559331804760676,0.7782724208427383,0.21659497128289104,-19.84998131970419,-0.07217504458699925,6.0051215937934295,4.368187217180956,0.13183566653289427,1.2,1,0.88
0.1327772802122572,-0.06789985357807934,0.6586429403396594,0.289996106351047,-23.26747850166158,11.740361021433644,11.461490323208743,7.360751537077132,0.30936296462094626,0.0,1,0.88
0.18646478005461256,-0.051476601139494454,0.7105268434248703,0.19998557593354552,-20.231400361622075,-0.1314205818478036,13.237808006687425,2.7915200576041634,0.14487391884419173,0.0,1,0.88
0.20086462515405965,0.012172628209864395,0.7467741663109153,0.22417767926220078,-26.093728826055795,5.282355581434854,-1.9122040645284244,5.115374516095558,0.47202861851782574,0.0,1,0.88
0.1509954312363119,-0.07426273379364019,0.8702865732058788,0.3139021017724691,-24.43127394497623,7.859827414176113,2.134508683802468,4.607190005800343,0.22662164439558954,0.0,1,0.88
0.16215943908613492,-0.04382639483787304,0.7716933854810294,0.08,-20.712046038348266,11.445482532154005,6.692171201311331,3.3171614333171835,0.500024458414212,0.0,1,0.88
0.13837446651274343,-0.030941504698104926,0.813324791738104,0.22035158989247747,-21.759691854437655,-4.718043838382522,-0.21357354684585061,6.915511345592431,0.34292780527033695,1.2,1,0.88
0.11835163069288149,-0.05375679762284669,0.7963759730326825,0.24869109234460268,-31.453259401635865,-7.703130876993666,7.08345439008538,6.709538588579216,0.5220541049935828,1.2,1,0.88
0.13864518223165864,-0.07418479262529874,0.6721805978025541,0.19141228738211677,-20.892075591783843,-4.476507728557482,18.07869614118829,2.913539701592191,0.26289985948524597,0.0,1,0.88
0.16974533095527344,0.02075384021443473,0.7232617070521861,0.2324328961381041,-5.844218384705584,-8.85308250038278,11.1249058747646,7.069256838146441,0.22259321460776435,0.0,1,0.88
0.12261580586287003,-0.15794494440060572,0.7683027945267336,0.30358058463301835,-16.581522107419318,-4.611245192020368,-2.4851453753365504,4.171634441979011,0.2899771935561667,0.0,1,0.88
0.18463057562564575,-0.01903941826209757,0.7215611079613851,0.3313220668668843,-10.373096301079181,-4.028177498399597,-3.915332567726095,5.26581714319947,0.3172530988079201,2.5,1,0.88
0.15819882581040087,-0.0064189104270218275,0.819220460547984,0.18749354782864242,-23.63166646483539,-13.135642783637476,2.2663269903055014,9.041895595902716,0.5629644452016219,2.5,1,0.88
0.16998350512905158,-0.0262840051292422,0.7589804631240276,0.2871370778136797,-24.399429334797066,13.005995399426443,2.5930646127801427,3.291809631027072,0.3306737630951233,2.5,1,0.88
0.14052177447462552,-0.07734107024923745,0.8457315450058805,0.1757125969062041,-22.575813638259067,-1.296323672498386,-0.7293784221397086,6.634940397140403,0.40320746598953905,0.0,1,0.88
0.1271622227660252,-0.06033431782817253,0.5673038502214891,0.2117764410390184,-17.783802761428785,-2.72149762980795,1.0967247957558235,7.927255972406361,0.47881456619237683,1.2,1,0.88
0.20363609713654485,-0.07064499445066749,0.8371098784868523,0.25218198537665565,-26.115487173258018,-3.4698637384906914,-2.418646381224658,8.011031213755967,0.5717518015851117,0.0,1,0.88
0.11337660203472985,-0.021037125532060448,0.7651724906056592,0.267343038650701,-16.087379813111237,-8.107258074189541,7.761356916905785,4.031463042752862,0.44786151510907934,0.0,1,0.88
0.1563266969984145,-0.03991035140281336,0.7885490320206059,0.24585531885047046,-29.62455226721895,15.714256978967729,3.76921365698014,7.254523812385749,0.4206622205335788,0.0,1,0.88
0.1913818236373541,-0.03436867975586508,0.614084741960236,0.23122433794701316,-14.49749913802194,0.8404062581262836,7.4386294970848645,9.603083463531359,0.18047113373761228,0.0,1,0.88
0.14434036291475538,-0.11597808675767945,0.6719404257677177,0.18965659919777725,-21.211504371667296,-1.5093482750423959,16.567908718636907,8.687926830709962,0.5327582317310835,1.2,1,0.88
0.1286906775562112,-0.0725974296694572,0.7547394504803163,0.2498021078561395,-21.440958937637156,15.378766701333157,11.497781885020867,1.846118478895109,0.3947018066012733,1.2,1,0.88
0.1424037045538032,-0.05732779865160802,0.6151119028385827,0.16176948631370144,-22.21106716422933,2.410376626452504,4.790957052886686,5.361430867545336,0.4201710764520368,1.2,1,0.88
0.23147692359136304,-0.006662582086316413,0.6199429779987338,0.18316838989001458,-25.04587101897195,-11.808980839301524,1.8510644441655337,8.514679921854054,0.3328659305072891,0.0,1,0.88
0.15475080456702525,-0.06687050482314662,0.6493051998174182,0.20453578533435252,-17.574449815783083,5.26208726835733,-1.4623861017151771,7.472715187436496,0.4271057695083035,1.2,1,0.88
0.12425225632610315,-0.07492022722807311,0.8327645982325299,0.23904754446060372,-12.55836408180126,1.5317128178245536,-1.9429147954859367,1.9239146841814083,0.25926573431491606,2.5,1,0.88
0.11678175435106214,-0.07801568201941433,0.7071616136943585,0.13570253994653747,-14.207131749374529,-9.044788505763334,11.265508283890021,2.733326922558849,0.2918407611638999,1.2,1,0.88
0.1532860894489605,0.002568857662067381,0.6123442358356168,0.17569616590211587,-9.525512812690012,-3.9648552586645027,15.430942361056482,4.4305607471659485,0.32918709587753103,1.2,1,0.88
0.1363409876991,-0.05134720694408053,0.7903741694630583,0.32060150137859234,-15.975005920385826,9.681768252137248,4.255746426533635,8.715425268278135,0.5150145011031283,2.5,1,0.88
0.22494820137867283,-0.059112437198127823,0.7876188179425462,0.26287231940882755,-13.769924572520173,8.531994517676866,10.001746423121784,5.824327414558324,0.5090898248608703,2.5,1,0.88
0.1333206862135083,-0.04723873256230473,0.635339405226551,0.2890974660766997,-12.528845130859645,5.977176998743751,9.560734930112847,7.942507406293201,0.3154574463394302,2.5,1,0.88
0.16266983400069052,-0.01639520788722839,0.6873566614066864,0.22413222699328345,-27.994844375647133,-12.121630951788807,6.767923749323133,6.267824463265629,0.36325266269107326,0.0,1,0.88
0.1737139974949353,-0.027696165241030454,0.6299523109439786,0.3459666395621809,-16.810868434293607,-14.38111845789404,2.0197613019202727,9.510258588012753,0.20196127652306542,0.0,1,0.88
0.12420076753337017,-0.0051401361591178335,0.8378498822900458,0.2414117474008176,-19.15356487335502,-3.4096712020725675,-4.67661636811135,5.79768609760351,0.4222965815055001,0.0,1,0.88
0.1561538790220621,-0.05166249612243051,0.5606335139057395,0.17971070515130533,-7.198628771218246,-10.643161864703716,-0.26014548022544304,2.4970674854027353,0.3211594281811876,1.2,1,0.88
0.18788183082607662,-0.1025155625338433,0.8085110569223704,0.11854892474644434,-20.796783098599807,7.675455277674052,10.681162570254685,7.034104236027011,0.46409515049039607,0.0,1,0.88
0.15542188584426966,-0.0959077159615852,0.5880031232692089,0.2661213875309155,-7.753381057104939,3.236390310609167,10.358970140102828,3.871605749112828,0.271707868630943,2.5,1,0.88
0.13518058111036438,-0.08707562517041828,0.8230303731586799,0.1980023003889494,-22.790683353009896,23.217365078429125,-3.252634753421896,10.662767898435387,0.31377947179861887,2.5,1,0.88
0.1256884127948,-0.0379075861483027,0.765710676376004,0.13957994065347096,-18.538321134602693,-10.353216099740836,-3.00016123513998,4.972353488104187,0.3249400227088808,0.0,1,0.88
0.19020400116418826,-0.03129265287177105,0.8092664631404662,0.21064408046806665,-15.522563457177434,-15.150450018684046,7.274634562421258,4.44046056599435,0.26018296016456777,1.2,1,0.88
0.13631595220167397,-0.05834508414765942,0.86162257083336,0.22736526069842228,-21.467456949911046,-2.7902291943110247,-0.8058230092698251,6.473547163795336,0.48300403190203856,2.5,1,0.88
0.12307448371650583,-0.05610625741822231,0.7997833012053718,0.1881371252698704,-12.837964002356149,-11.258158875508352,0.6501945037847161,5.646781719775153,0.42703221421124027,1.2,1,0.88
0.1695830298511053,-0.03761617710614344,0.7730660489628761,0.3144989322201129,-19.085894867660354,2.9704553485418423,-3.8807241143332067,5.350406949997318,0.16930127595184488,0.0,1,0.88
0.17443272465728105,-0.05687193128570802,0.8192546648651147,0.20876925810317093,-13.471925161157188,25.120568939950306,-1.3931087899668873,6.817435212380858,0.21957755007366206,0.0,1,0.88
0.19329590960640702,-0.044090313556893336,0.8647768045165873,0.2498974306996369,-22.3312712091455,-3.907251465177124,-6.917492836746252,5.601661472115159,0.5966439878636284,0.0,1,0.88
0.1065037046396715,-0.04964090107939788,0.7488236553399948,0.18574007882695928,-9.926365894494966,1.0904722049720617,6.519139348952692,6.208194667500674,0.5547434680688637,0.0,1,0.88
0.12443201427058982,-0.0478194198096061,0.7480556292497411,0.17636082860731625,-12.26024820175931,5.284231096876626,2.6500840688322045,7.697762906868956,0.12148169640381792,0.0,1,0.88
0.1173045904314532,-0.040418306832125245,0.6954402304356271,0.17682125324969136,-10.195271684225402,-3.141125292672253,13.519495568496652,3.954470757599116,0.5563868839618852,0.0,1,0.88
0.19523023003838316,-0.09901641985971042,0.5715965764785464,0.3086405862060545,-21.865061133407664,-7.360323969806114,2.2687953448931433,4.5804280964531126,0.31405105787720033,2.5,1,0.88
0.1850512870181166,-0.04103338683889193,0.7711838880180876,0.13023602886565516,-12.352502194489219,10.338561080842059,-1.9253395825534945,3.279379741159733,0.559004297410317,0.0,1,0.88
0.16682783297231152,-0.08458125241875561,0.7482146802675367,0.21325999438999083,-18.7815718578534,-4.738516304931875,4.88371770415602,5.127719733425978,0.4801625375136066,1.2,1,0.88
0.15977207526392148,-0.054276842082224004,0.8607546246481061,0.2394639365760869,-13.608262335059747,2.791880266352048,2.790946615789082,7.475859779692819,0.3230753912471297,2.5,1,0.88
0.15709870565442285,-0.10282075311335853,0.7192372960394289,0.2034113303127628,-14.003961515364404,1.6705388528434217,11.488746938633918,6.118436085038277,0.26191663903817686,2.5,1,0.88
0.1560715050596377,-0.07137410085343743,0.6705078213671651,0.22887583101218636,-23.093945087509283,0.14230992284731472,4.884246215679209,4.599291584569548,0.16961011168184523,0.0,1,0.88
0.15165493555396703,-0.043603155437867185,0.5508635200117075,0.2761651265556928,-18.256823747931374,-6.175547709751621,3.8525622596768088,8.09029288297369,0.13181841711655842,0.0,1,0.88
0.12532021481433817,-0.05528925548295632,0.7573319084991356,0.17706663532756675,-7.917900276790551,-10.699522654606413,6.391320108949422,9.986181536843763,0.13511578233053892,1.2,1,0.88
0.1801623990069446,-0.014356495284921694,0.8155125796017981,0.2167159763596506,-16.830441652385236,3.846148238653625,6.530782243492561,10.293486378129302,0.16357583229993786,1.2,1,0.88
0.1678751188212276,-0.03807585516522158,0.8086106570313116,0.2675421799670118,-21.198217719287776,-3.308658589254025,1.231175489376675,6.612825533825144,0.2294780462469693,1.2,1,0.88
0.18309697158364646,-0.019858022190629168,0.8476098082123782,0.2466061995674979,-20.03053774879967,7.9248370389110026,-3.0792490486295634,2.7122346629450753,0.30784821198382073,0.0,1,0.88
0.12632733973464338,-0.05626514713708091,0.6555270172790897,0.22225346074265978,-30.25722543552562,-0.14818832241842705,4.849190273512537,10.791258016795826,0.19036698522389814,2.5,1,0.88
0.157260961938186,-0.1130781024689633,0.804691535572658,0.33625275079377936,-21.915742580633168,3.752607934983871,14.953382110948574,7.6776151164892,0.5299167404231204,0.0,1,0.88
0.20381573665246827,-0.08306367846127774,0.7208907171340135,0.1965614801353616,-15.588726080244209,12.455190479892668,5.343873412918126,5.011955310666538,0.5189923008545237,0.0,1,0.88
0.16710591166569566,-0.06559225055667169,0.7341996223947975,0.1432311863212155,-10.357167868314242,-18.003115946062877,0.8811590310894131,4.148280093178915,0.16696288124288747,0.0,1,0.88
0.10178187313181089,-0.03983236052990717,0.7002288624707983,0.23206126334075797,-14.203899738186127,-4.924438669581873,-2.1024347061675623,9.123181535458698,0.25740887801737977,0.0,1,0.88
0.14828315321921381,-0.08065254828868398,0.7885536457066237,0.2176002734200333,-9.715285279817898,7.811892102230447,9.3801969355424,5.847865793144985,0.3047787254363048,0.0,1,0.88
0.15607340434884368,-0.0023135491586088325,0.8253039355166116,0.17379342690399333,-16.409951081806074,6.5959871148150935,5.64433453678069,3.1342323300138935,0.5465030319209515,1.2,1,0.88
0.12992367839666744,-0.06624052774076093,0.5732808810018833,0.2799748725362576,-21.72831766077843,8.251182415358992,11.73037295931669,4.782190923177837,0.22305461856808553,0.0,1,0.88
0.1472697782133887,-0.10517081616506238,0.8755735363997234,0.24109116430871247,-31.578567243534437,16.36206900057768,11.496623684476424,2.0155115245265476,0.4822748679845009,0.0,1,0.88
0.1591513705909664,-0.040940502867843634,0.8772511282907196,0.2161110184495217,-10.165231393588567,-11.718590886169261,5.765915494212194,8.071571552842153,0.3829286275548043,0.0,1,0.88
0.19181707571951667,-0.060481183842124676,0.795733498467388,0.23805959763162962,-21.72130479121023,13.931961781581265,-0.8172201604601668,3.3239875180276055,0.35730688222377593,0.0,1,0.88
0.16222936966676646,-0.010961044952712391,0.6191569339461391,0.23592743059709703,-17.832058225157564,4.9962312805492415,-9.15298354400382,7.829981079023915,0.19627354888419232,0.0,1,0.88
0.209573386481192,-0.019760823754731413,0.8493653834203672,0.22608983202094354,-17.0754718019669,-3.9648927858181646,1.4844804193424377,11.246414761398107,0.525339342004189,0.0,1,0.88
0.12102832228028902,0.005427264581054206,0.7818263043824674,0.1451414532086793,-16.954942461572397,-13.488843699773437,4.584572777173068,4.369005202476044,0.1013798242526405,0.0,1,0.88
0.12402392199246569,-0.034955485239972384,0.7302793962461273,0.1986476384834076,-10.380279066269388,-9.666061932968198,9.51409397511854,6.041154056095118,0.12821173770871117,1.2,1,0.88
0.13865626258891217,-0.09447751557570847,0.8491597071184405,0.2689988520179664,-9.651394049096107,-5.752038217800254,8.57639827679197,3.139462612159024,0.314796782110097,1.2,1,0.88
0.14299551292276158,-0.026659314474807204,0.8657893010534695,0.29223142233152455,-11.46901885482533,-13.240003197814762,6.2067273343936185,6.565938007100168,0.31896430172695545,0.0,1,0.88
0.09509543360649447,-0.0817906590576872,0.7820624331792979,0.2760225245755266,-18.11291807016804,0.2696304980600679,9.642397413676782,3.5216356307686536,0.1747088884556354,1.2,1,0.88
0.15685643309615768,-0.040428798577206715,0.7589637548622348,0.19806599456936103,-17.622600495560157,8.961515683254774,7.9511557745834995,1.5288401256829625,0.41929327511722625,0.0,1,0.88
0.14259680605587305,-0.05507472531607578,0.813071577476524,0.23849972536137604,-14.480926686199059,-4.623054696022849,-1.5321282698352015,12.565723137988071,0.491091697656605,0.0,1,0.88
0.1472127459045515,-0.06152382105683676,0.6582446942140715,0.3072458731387357,-19.661282547156503,0.8747761441769041,9.41972872658916,6.464903133901997,0.377718488856131,1.2,1,0.88
0.16462822102683364,-0.08810957620525452,0.7308585967583149,0.17129213291109796,-21.823354188275413,-4.498393479159052,8.462946763798797,3.9876590820730673,0.5950277288874174,0.0,1,0.88
0.09600070288742835,-0.027358834927148613,0.7894908766302149,0.14617588476518792,-18.74020863226141,-3.575346898288127,-3.3959752606025395,4.143203594382591,0.4271436679521725,0.0,1,0.88
0.15302637193840787,0.014480332865229636,0.8122993644438423,0.29668798841776645,-11.652137807591192,3.078120174168176,-2.682149090529629,10.362490669319836,0.12300459891486346,1.2,1,0.88
0.14783690520688955,-0.07292025385485107,0.8520710454772786,0.2193761974694176,-36.056046856099044,-7.053681537201056,0.833586574792895,3.11088722676738,0.19093471621083316,1.2,1,0.88
0.16435278602503367,-0.09699959209104944,0.8679588775349725,0.17720530981344143,-7.45842565080355,4.516735209664559,8.74157991028752,8.613681251165183,0.5144309107340278,0.0,1,0.88
0.15338038038747207,-0.056659245129057054,0.5707404594999993,0.24866281857893577,-10.810999991261527,9.278175699021554,3.4949480479532613,5.733294038767444,0.41527050227117546,0.0,1,0.88
0.13544945480921167,-0.049803440707443566,0.8620806240661526,0.19731219411942455,-18.53662115546001,8.52332504162586,5.349664903222136,7.896306351911827,0.16908639263155087,0.0,1,0.88
0.1633598448652673,-0.05205846395659595,0.7812456032989255,0.2346209273717557,-19.784049270693135,-1.835995070252799,-1.5123598100326747,9.617274862051143,0.2588438013735508,1.2,1,0.88
0.17411844425917647,-0.11535015191797096,0.8454386719583065,0.16006478841610247,-15.187782196503543,-5.607265467062242,-1.0397772222331918,9.489654243630245,0.2369318598209447,1.2,1,0.88
0.21632877633818623,-0.007094420015469019,0.6794605647843226,0.18581344019766455,-20.78254616879712,-7.559650166237998,10.013155922819527,4.6666026069491116,0.19732970226456667,0.0,1,0.88
0.167077735656726,-0.04533914562757564,0.617074951943797,0.20106606536249347,-16.926261532281345,0.5070309509225959,3.110977571474617,6.426258195414615,0.25229307204403695,1.2,1,0.88
0.18769328921389147,-0.030437945492791805,0.8350646037450673,0.21427454337659857,-15.035989996181893,-6.799732933394409,1.7082622748300316,7.877025597129018,0.5152076204274633,0.0,1,0.88
0.18914917322549285,-0.025689844740585874,0.8360928957181297,0.2169801037504631,-14.746926155390135,-13.689632232095912,5.229432332155115,2.5564083752927607,0.29325585656402775,2.5,1,0.88
0.12112130167177265,-0.039071565758525814,0.7600184740160576,0.27830850524160755,-31.013159074215306,-11.62176722025926,-1.2976791739914209,3.4807263055745317,0.19322696065552722,0.0,1,0.88
0.10782142009242981,-0.013744927654776778,0.8838529927809341,0.17575161863535932,-13.73794511188509,-3.585260950281743,-2.9155796073073112,7.115633774893111,0.5787896887933032,2.5,1,0.88
0.18449822491827256,-0.04389383512080465,0.7220720592255127,0.1664291560019236,-5.953309693121879,0.216887625111295,7.852730733204506,6.0156279339595224,0.14994672926074934,1.2,1,0.88
0.11638662422776702,-0.10543468374102742,0.7765318201923708,0.17957439036251646,-11.20445214646877,6.120217561236139,8.14504941914401,11.62331697994702,0.4798604015312419,1.2,1,0.88
0.21131876287524562,-0.027550344546909585,0.681932920516646,0.17246432796627467,-17.05900700078286,-6.84952083673695,4.155199061729796,9.262703980346041,0.5304477243606149,1.2,1,0.88
0.15986955836713787,-0.04622434431325174,0.7320326788842073,0.18644254459621884,-15.181423862195352,1.2818626204502166,3.1938425365362817,7.726924973963217,0.16967762913034526,0.0,1,0.88
0.16136586248227006,-0.08459126403680259,0.8654007563408145,0.27668999598477184,-11.736028852015886,7.430324786534556,3.671749172476154,9.163758723500749,0.5843293986672549,2.5,1,0.88
0.08962954472037417,-0.0036833835070046173,0.7931804966178135,0.17543201596239685,-20.628404196782785,4.87480716462433,7.792476301188483,7.670983426476967,0.39098667902070305,0.0,1,0.88
0.1281450979690062,-0.0369043812668558,0.8854544235925983,0.2196913512860009,-24.708070248213588,-2.506091501952306,22.95365070753198,5.34632859364767,0.57210180736083,0.0,1,0.88
0.17930786708440422,-0.05490644650635732,0.8679512031796874,0.22054715573917372,-25.57470363005199,-10.58030345293766,-0.8656448320682291,6.005313855394791,0.5282388469217119,0.0,1,0.88
0.16402138709180364,-0.07311199460080844,0.7302417325041168,0.24160001152639254,-17.167827442440448,5.226007562730331,6.872927133878963,4.822366074037763,0.37429380727479944,1.2,1,0.88
0.1384559874050891,0.013296075715422045,0.7502697766132579,0.24243323525220078,-23.06999945454975,4.77234709218446,-6.550124170354579,2.754825621857177,0.5874824901185479,0.0,1,0.88
0.20477173641505544,-0.09768540080165358,0.7525273065945206,0.21022492620337532,-28.75117044163629,-7.646513460732407,-4.749154905901921,5.3146770072749785,0.15011084233432545,0.0,1,0.88
0.1369193730545779,-0.074422695201811,0.8746112188981733,0.21489061101414444,-15.968392522075593,-7.841674096577151,6.9195398874796155,5.00047376361673,0.26299285040387477,0.0,1,0.88
0.16122927198569567,-0.020817038617027758,0.7953266444433333,0.21293325371008492,-8.963923672945871,15.12306322293977,2.9872275304600158,5.453298461948713,0.22631987130204803,0.0,1,0.88
0.14126622363920316,-0.00855174337352265,0.8394699159859176,0.21667739381660364,-25.613092683283675,-8.292993289493854,8.425955529181557,6.2896669485027195,0.12710133175219626,0.0,1,0.88
0.1267182783947155,-0.08351280508110508,0.8162996425743166,0.25882742734643327,-15.077944444958767,-6.396013267645555,9.17502840021186,6.883914594727032,0.14622160599527037,0.0,1,0.88
0.17523392825300424,-0.06451458948450318,0.7754593764399922,0.20222955472097637,-11.576503981945416,-1.3457341768260647,5.636900393667047,8.716922411342987,0.236981459665308,0.0,1,0.88
0.1767698896019151,-0.07320176319119766,0.8333711522295071,0.26022352914895636,-16.393897832796892,10.935205520138343,10.405396723947739,7.733466759497546,0.30471713447613447,0.0,1,0.88
0.1433313997893029,-0.017445449021895813,0.6633265805439527,0.24407270529065705,-8.591119766569458,-1.6942170341430174,-11.376607171167187,2.0895414941527823,0.2890827898488446,0.0,1,0.88
0.1589388466849337,-0.05962974148085229,0.8024971067145907,0.14657866992995372,-24.415253550416587,3.7558417439384226,11.179160720097302,5.088932870972343,0.22495472467503022,0.0,1,0.88
0.11675438676184613,-0.09866225686859034,0.8150100687283035,0.08,-21.52234163088604,-12.723316294086572,4.356909639982978,5.879115861907488,0.11006131592425814,0.0,1,0.88
0.15167656913076163,-0.10367688364619959,0.8671783137103403,0.24782939998513626,-14.99743692546664,11.945932475776836,1.0822203369727168,7.731628292375844,0.4264310323902061,0.0,1,0.88
0.17911812529855112,-0.09872581819643389,0.6704441999491773,0.26242198232270336,-20.046621167500234,17.593521187157528,4.8214599445203685,-1.6392723728605016,0.5239888586194282,0.0,1,0.88
0.14152960882868101,-0.07353555945594391,0.8410512277312832,0.2316256678193034,-16.89144811887798,-6.2519269378809685,4.446611383054371,5.319235622523972,0.4366027866446983,0.0,1,0.88
0.13918544319878387,-0.1180329926285157,0.7442599578707891,0.24179052784232616,-14.854780432697599,-0.03779010762176417,4.106952273599707,3.653530317292039,0.3204371581017291,1.2,1,0.88
0.07800453859632939,-0.05470482929806553,0.8486169444611861,0.30933952427198363,-23.000034435253518,5.957064372791978,7.928009350431576,3.620867940956971,0.3606828794720901,0.0,1,0.88
0.06279677853612554,-0.09446022757013288,0.7447795773828072,0.12249146077378005,-22.4440034198947,-2.3613487837262093,-0.31648249700713293,5.124391662730339,0.22982061693824543,0.0,1,0.88
0.1889767327303888,-0.03781406139948746,0.8068626101989052,0.23241738420009805,-19.880045456082804,-5.31883189681996,-2.4249815612885293,7.522857310526444,0.5437952812658359,0.0,1,0.88
0.11665118008556558,-0.07995726473248928,0.775610607846181,0.2573371121405438,-15.750335948641833,-0.854820880663593,-1.707792778979118,7.8921881636583,0.5851189123629452,1.2,1,0.88
0.12220987598059048,-0.06063841140471836,0.8370046913977967,0.16574168394480537,-9.57717160295789,-3.933787714057994,3.2313274292951837,5.664431540165149,0.41329452583611703,0.0,1,0.88
0.1547954225876606,-0.06471008005370753,0.8404993296877279,0.11545726013434425,-11.527020277559327,3.384769951947397,2.4901569118913187,8.773459951901975,0.27361338517844813,0.0,1,0.88
0.11786531767790175,-0.036769389149393636,0.5290987057464897,0.20331805600140493,-5.189076672028486,10.314749927423662,16.645041629429922,7.183082687230913,0.5400801791978188,1.2,1,0.88
0.17736441081049376,-0.09133856379270613,0.8341658675087219,0.2274413364515817,-11.007171475384245,9.210242200571455,10.253252839208304,6.730094942500194,0.14043821989673919,0.0,1,0.88
0.1503031365316779,-0.02627602841303743,0.8533913378641365,0.1863448419075434,-12.579358329592612,5.7412503226371845,1.5021683525286837,2.6080274290593053,0.3620809077311061,1.2,1,0.88
0.16758722531977596,-0.040758504677903894,0.619540376484673,0.15988954761900223,-15.591639623303163,-2.3531405566022108,3.923595063417901,11.132371098649942,0.20544669606372615,0.0,1,0.88
0.11533870351521089,-0.05252542624580922,0.6694414602186718,0.21734503501973138,-15.931552273397735,4.924152187403668,10.850782597686507,5.11587179215039,0.25682570432226026,0.0,1,0.88
0.13001028655366426,-0.037279094063733545,0.8206989493076389,0.27336773549580895,-7.336165789244445,5.38286150148695,10.363618015465416,5.136570455802166,0.5802832964089917,0.0,1,0.88
0.18617122418650006,-0.06457911123360763,0.7424135986592646,0.2840861769797432,-26.53474841582213,-9.035905142739017,6.883963020490603,7.135725133275258,0.19170742689670853,0.0,1,0.88
0.14295158006404066,-0.08697146021523694,0.7547703204922841,0.17896016738612425,-15.708748936910828,10.350143387210004,4.966263044581985,5.907064412537913,0.13311549423276534,0.0,1,0.88
0.11269647594226564,-0.08953523066177091,0.823030217777428,0.23968125545928973,-14.493835010276467,9.899508420517448,8.089971053546071,5.56634427691412,0.26792570123067894,0.0,1,0.88
0.20117912934833346,-0.05340236655312263,0.7449306484689817,0.238439815397915,-17.15535840251,5.436751896254576,-0.5338454184610626,4.275828245682643,0.3779181333463576,2.5,1,0.88
0.15507882674306775,-0.08080523476026308,0.7333134327436612,0.17748388175909408,-21.8239891112957,-2.711548936477536,2.340907820844248,9.92094188811917,0.4514681134395223,0.0,1,0.88
0.17772523048931146,-0.06346628511825676,0.8366265777091939,0.27950548228098704,-22.869191527797575,3.261260816830537,4.0199645174991705,1.2945779273011748,0.43994126757423657,2.5,1,0.88
0.20112682483478883,-0.03218959665450492,0.8651007315869982,0.1854041407328788,-32.07250160740759,10.506962009423956,2.2925605283261254,5.694452427381794,0.3375139503810384,1.2,1,0.88
0.15963110603593958,-0.060462981590549275,0.756143047128838,0.1148475241565013,-16.56763002986354,4.368461900510593,1.0829608776166006,7.699359485933694,0.4112172180392232,0.0,1,0.88
0.15323411872585857,-0.026119869624404504,0.8352055715645497,0.17938857516042636,-14.694122074178928,1.5519306315926815,-3.175579752784145,4.711990926605894,0.5205690913527425,1.2,1,0.88
0.17236229276086731,-0.004639803684760767,0.8717761755284085,0.1817220955044986,-27.594852630642237,-9.7287672397936,7.946567223668032,9.836943994236055,0.5565500344010097,0.0,1,0.88
0.1516569749553913,-0.08107865275241902,0.4271547512915819,0.20512743911711342,-18.253955457857916,0.08290490487904982,-1.1296493705151622,7.039283309244872,0.2372425870022629,0.0,1,0.88
0.1343470216243278,-0.08030743080454411,0.75071413366704,0.17743731512179184,-15.263533815167143,3.192949456517516,2.3874617557703655,5.4522437895098514,0.4170812421607092,1.2,1,0.88
0.1969465614054794,-0.07731934382114351,0.6253288082149435,0.2444399320701522,-22.23009825451606,5.511967569954763,6.915710025747824,5.435091355751788,0.4470056397080252,0.0,1,0.88
0.09940003293891489,-0.007635667688410862,0.8752768103233947,0.3219601022361224,-22.09393667140988,2.6779522145783643,15.381574269815744,5.736727251664636,0.14350586290367132,1.2,1,0.88
0.15051004748961044,-0.10596444096148325,0.7286626870913779,0.2312568771287708,-24.29506330693905,-18.221771247483705,3.380270899413069,5.435954071178384,0.36857537822205333,0.0,1,0.88
0.1671000582387871,-0.12170988418051037,0.8457969580962927,0.26376143145815323,-21.267183440035595,1.5766529358571815,4.4039354174325815,9.785194486904189,0.4285884679224834,1.2,1,0.88
0.14169108437639213,-0.031160026928796974,0.6813754528575029,0.1472090857424704,-11.786887179234096,-3.5565918882966,-4.2142480358258165,3.5908599310937515,0.5970684067908285,0.0,1,0.88
0.1408062501951195,-0.08736629705412655,0.7447442011460921,0.2084617147441695,-17.946091652281325,-2.075012052856334,-2.2437879781314045,6.169630604523876,0.2174817867096462,1.2,1,0.88
0.149625887790898,-0.07654732333667498,0.8158351304913769,0.2641961750614571,-18.004071580022046,-0.5192614816825137,3.560271049984113,3.235057053212379,0.4117107009614359,2.5,1,0.88
0.19487515799652186,-0.03241177855112548,0.8862701547012297,0.17803240208536836,-11.138227581386172,-3.0935847063630355,10.494334349939226,5.924996196949361,0.2331899228152892,0.0,1,0.88
0.1573979874572779,-0.10858477056951578,0.778142803685307,0.26102743167001613,-16.302342678847804,1.499188919950059,6.7802818263386895,8.585291827265015,0.38389849845645474,0.0,1,0.88
0.15151704039624878,-0.08521179792416528,0.5725260893310072,0.23764682709223406,-11.311917112771168,-7.752561265537089,1.6719770642313105,2.782267923001851,0.503045928577966,1.2,1,0.88
0.13366573635559623,-0.03833081413768767,0.6818325885060263,0.16548631678612485,-16.98634095215739,11.238436415484177,-3.0081451509904467,10.398868179573904,0.3554150560656272,2.5,1,0.88
0.21309263186004684,-0.06554413394921503,0.8471881872932674,0.2260622347647953,-22.376586620398935,-5.677693013349853,-3.7646928483279964,9.874679260398162,0.18558218737915314,1.2,1,0.88
0.13238069406455438,-0.06434519648851006,0.8035357643285721,0.25026866971434514,-8.579694615179326,-8.801383287239489,5.936901028760511,6.733110117447422,0.2667342698924039,2.5,1,0.88
0.11473828310342707,-0.012621102703080977,0.8116332075536306,0.25071084577419145,-16.59458753513664,-3.455463754728195,6.3832498607898795,3.6795359265547387,0.4116854892335824,0.0,1,0.88
0.14700823956942702,-0.015901567314274792,0.7583013282175624,0.19466810787145578,-16.065629429238363,-0.05374132830642893,5.402705778019353,1.4859167709436383,0.4411622893039957,0.0,1,0.88
0.18418165075219747,-0.07651479348936355,0.8686699416327714,0.2526051309283599,-15.559162874214657,12.420392521174378,-0.8300659478883023,3.7170961091833536,0.5840789751058206,1.2,1,0.88
0.18184559358769287,-0.030170598548756263,0.6165596138929467,0.20984887610132333,-24.95427925517614,5.253156196297426,-4.517249274625282,1.0504465859982872,0.4668305482895103,1.2,1,0.88
0.14238641772752497,-0.07639652045563375,0.8357473671854347,0.2023207593485895,-21.924165656069196,6.524065793096701,-0.27113692627469543,5.638496154694545,0.435359401757195,2.5,1,0.88
0.11042524194863401,-0.03095939175830568,0.8896987943935216,0.15074946319980886,-11.02849397272264,5.393283697983309,3.2380813943205116,8.686396521114965,0.28168631309006475,2.5,1,0.88
0.12805507749160416,-0.08116477596249451,0.6840309658735908,0.23448575116180678,-25.224906455535667,-5.282483245289483,-9.269405462687383,7.514516623503844,0.25735604172537285,0.0,1,0.88
0.12936494419973163,-0.07254640536615299,0.6391538097669581,0.22161507005187708,-20.70371489871894,0.8552554343300389,-0.6522740248193273,6.530329343232789,0.4551721192593736,0.0,1,0.88
0.11643368957670669,-0.13053671824044957,0.6708195012386095,0.24508723083554834,-21.817682098351224,-3.912667950364375,1.688027346080644,10.710865208741632,0.3847813703324582,1.2,1,0.88
0.1707246694406211,-0.06190750184764654,0.6963412980297738,0.21293209114420245,-30.314776245457335,10.086718532277244,3.697279064696096,2.4643672099283958,0.17882383147391348,1.2,1,0.88
0.1668642186891235,-0.03355030618462618,0.818675963427469,0.18387219557697515,-18.103380385265503,-1.6747444991339169,-0.9518228949329943,3.1405381154927383,0.1890538279792178,0.0,1,0.88
0.1467373172322425,-0.03508286959735778,0.7907869275045151,0.25500031549360097,-25.04219785666496,6.260761013481803,-4.688499248863939,10.210094068578321,0.41767481986797894,0.0,1,0.88
0.20184191395925488,-0.06319291528744163,0.7245098603344591,0.13709433727108514,-21.087321501927523,-8.883832974049918,7.309886238551419,8.477678291493561,0.1621596537978253,1.2,1,0.88
0.1722205201177079,-0.0538379768219427,0.6790898728961582,0.21119660940962667,-28.30016240379261,1.3826986141406663,3.0699194264525795,5.590857223575318,0.5334673269728993,0.0,1,0.88
0.10309759581775078,-0.09263305866892708,0.6840748375906587,0.19047377150802883,-20.399632362625603,14.248735962289663,2.219065664992981,5.678026190366048,0.40730437439022016,0.0,1,0.88
0.14654265653844778,-0.07958628355753017,0.6131739410680708,0.24935768834163835,-12.787660462956193,-5.105718182234186,7.597023088311889,10.10859037822973,0.41407173789104024,0.0,1,0.88
0.16214404091819357,-0.043974634351393496,0.791598860611582,0.22820017468197787,-20.858047594083086,-9.8386312412327,0.9451327033785972,6.673640980495145,0.27022028307163004,0.0,1,0.88
0.1630739182911058,-0.03826031160920337,0.8617918918552635,0.25206194888420225,-17.3109032515085,13.279176807419057,20.586693986712323,7.157740914355898,0.5141381970893314,1.2,1,0.88
0.15071378537458088,-0.02508438292972128,0.7874208665243243,0.25662067738071254,-16.722850108643375,-5.9021418452328085,-2.7795215899677626,7.653582123458129,0.5428101321273727,1.2,1,0.88
0.10196291035149105,-0.043503213407501296,0.8047790317426866,0.1586454623062733,-14.958550798242845,12.652120949854472,6.03308257864966,5.007799637805531,0.2537712642763741,1.2,1,0.88
0.1110542395484093,-0.035630364265620613,0.782568480453778,0.2901516713763433,-8.025007405297996,14.359829089156873,10.540723727065075,7.165678149433094,0.13916811062363574,0.0,1,0.88
0.10703143224200659,-0.06562574108701048,0.872427345509098,0.20973455301547742,-17.66978508581673,-21.42513908682517,7.842913382013776,9.165636740445779,0.5207103459706667,0.0,1,0.88
0.09996517456748738,-0.10156692791698108,0.7477285001788854,0.16031854553174785,-16.721726267553684,4.805819562305193,-7.245403992182775,5.8909163256549615,0.4779014396379684,0.0,1,0.88
0.13993252368185324,-0.09449044579673771,0.8618328180195886,0.2809432725292613,-16.32657835596593,-2.290169870941614,21.415901574962326,7.1462461906073305,0.5417459575988739,0.0,1,0.88
0.15174485135112545,-0.06518483867029246,0.6598714480870262,0.22472216627493277,-16.672724820496526,-13.914045167340173,9.022138038225592,3.8838890629601934,0.5990759440275008,1.2,1,0.88
0.14585903407594117,-0.02142285238004133,0.862739693016586,0.18289051094880177,-13.18445181349101,0.930101419313383,5.164957574169979,3.706117704145163,0.5242378609030821,2.5,1,0.88
0.16238659930144045,-0.03485328130830188,0.8153226735710607,0.1981965340976818,-16.677625757244208,0.3903790270450352,9.428932714716371,4.7993542811895855,0.16731316675190813,1.2,1,0.88
0.11344858191777524,-0.03648954152890899,0.8124922707867943,0.2300878134630246,-25.322241918457323,-6.888863024568122,0.7331374493448459,9.111736317559629,0.4664793901925982,0.0,1,0.88
0.1328717880152202,-0.09814620750834668,0.7780839107097408,0.26881135429982855,-13.975765407604941,4.6738416549898485,-3.1020727071213816,13.216370154288308,0.19771767919563413,1.2,1,0.88
0.18153756630822665,-0.03156809661797677,0.783079037501355,0.21891375019778817,-25.448898515643055,3.50837199061708,10.03740805162294,7.712261049487588,0.5251670997361416,0.0,1,0.88
0.16952456990228845,-0.0619429937087912,0.7332325922769787,0.2805126009956702,-19.290415582896046,-7.842231482368409,3.9378265477539953,6.264930695648921,0.4250990229716284,1.2,1,0.88
0.14753909798170772,-0.10292822965865128,0.8210477038241901,0.2600340677831068,-19.723833081341258,-1.5165418932120018,3.6399025661581597,6.9630135821004515,0.10111016100509776,0.0,1,0.88
0.18926754928068557,-0.04303211760747451,0.6613984491616121,0.2596069213181081,-18.94543560733824,-1.773387777000805,2.5065212954023934,-0.07029514238099832,0.34308615306433554,2.5,1,0.88
0.13419902001196196,-0.09855559289567248,0.870721721901252,0.1091834130694321,-12.723050932285739,-6.154512806836836,4.814961007442931,3.7445475915795607,0.41176582662205563,0.0,1,0.88
0.162158716354032,-0.025660516673428065,0.6043843021838178,0.1520785377446386,-21.684505890735185,4.157437604127818,3.4946334255185025,6.469207837586589,0.5595859503481511,2.5,1,0.88
0.12550518732857419,-0.056341590795851354,0.7247900659235184,0.1762509472325794,-28.200389681507815,1.47390464478147,14.593556162953004,7.701376344547706,0.20414015471220656,1.2,1,0.88
0.20307186159458582,-0.018698457161931345,0.7764621748136831,0.15676569824548559,-24.02226461834746,-1.1502940513773552,-9.026564176655091,6.047612900523558,0.3630618058893885,0.0,1,0.88
0.18557230542089953,-0.07745312114985939,0.8636320335632726,0.20942542106226003,-21.584730424867363,6.169406442673039,5.511673710176194,5.654318333714246,0.4288178114334248,0.0,1,0.88
0.13678394212545264,-0.08069298674424413,0.7902874147590607,0.21070108264583476,-19.49146000410667,2.697911300007818,7.850820711055034,5.9243715742210705,0.35948967657240316,2.5,1,0.88
0.12622065017458076,-0.10322509136312942,0.7794836458365255,0.24888966255143755,-15.413627223621283,-6.204946470911475,4.799114634970043,5.053996180094771,0.394156594869682,1.2,1,0.88
0.1904189070056349,-0.05927856692642802,0.7980636670110084,0.1501255329819603,-29.991729151523632,13.346488956516119,6.871026844905156,7.360642125104354,0.3240322420797569,0.0,1,0.88
0.19468943526874743,-0.067082094888451,0.711122786592147,0.1611871626027277,-22.455192562818706,-4.416139874574492,7.8069889043674285,4.25263647941275,0.30601682197523006,0.0,1,0.88
0.14829577809853625,-0.04508014708904336,0.731996905970762,0.33269679581471207,-10.603294367179918,6.151775135188141,0.04165197559336553,5.404984523173873,0.39567031665834007,1.2,1,0.88
0.149949680485992,-0.044222585961365954,0.7510468424690357,0.23467498203584533,-17.735863603525917,-5.94467337749017,3.3185695473902057,3.301168240550111,0.5773151492822338,0.0,1,0.88
0.07786444846181058,-0.06691018617301511,0.6687238195576042,0.2474511043560958,-14.453598381989634,-1.8377267152941448,13.205721851821947,4.187312657483746,0.1503547900947401,0.0,1,0.88
0.19414097109759498,-0.07054645427413146,0.8558555313075648,0.2804257763623668,-12.980079768924274,0.1938068884837436,5.624891698297577,4.52489157180659,0.43619843878501985,2.5,1,0.88
0.10626266795492016,-0.08887500008799773,0.8104939332502574,0.1810664326180059,-20.944618944018238,-4.035704668376534,2.271703167969605,3.311676488201001,0.5526986570324578,0.0,1,0.88
0.12558206668208044,-0.03700179266507368,0.6829791576316322,0.19626121460762672,-27.43057783936329,-1.0524974872739434,-5.03491639604459,7.588943008639266,0.22763212899795818,1.2,1,0.88
0.1464972313399585,-0.12334320891366737,0.7628623346351657,0.15879453535116123,-12.67173479016935,11.834435555347678,-4.967467226175417,5.571971970385716,0.30320947237882656,0.0,1,0.88
0.13909794050311727,-0.005521269113034168,0.7879973326929353,0.2596311446649727,-20.30929423680426,6.782089690749429,5.732394080282168,1.9078972681831061,0.13936504922103624,0.0,1,0.88
0.12283742246479686,-0.10562082819950153,0.719353163646316,0.2583686080613238,-13.00097177747455,-4.644037417744066,-1.5054703124559845,3.2856441975826742,0.1060807270031521,0.0,1,0.88
0.13417940269619355,-0.0539213521243215,0.7279556302961048,0.2529814793656884,-22.38655699557041,-0.4553133072814091,-6.231733607684513,8.88258353878237,0.31676182380039386,0.0,1,0.88
0.1815245118251011,-0.002398149613003289,0.7662852635718305,0.2013390910311668,-20.912721728314157,-12.534383659879868,5.39765063272132,5.77020794482631,0.24382236707699126,0.0,1,0.88
0.13686461462661959,-0.04144869238479901,0.7590601780338846,0.17956064675420277,-17.814025382064557,2.9432078346181183,6.150820780560777,5.230745948665158,0.25973777294861755,0.0,1,0.88
0.18383656597942352,-0.08177052944551716,0.839243176606288,0.15919667405367965,-22.614989982172336,13.50725747395567,7.948224347154575,4.683027821440943,0.5061504250745348,0.0,1,0.88
0.18248630383655984,0.006351910511886397,0.8170174872363196,0.22076285020386577,-17.909572684306728,-14.68798691180034,0.07224751472773416,3.621021010866957,0.4433244240335169,0.0,1,0.88
0.18366449228563975,-0.04677345595675058,0.8847681206997584,0.10801264061563584,-13.408579477323606,-11.392589141336682,-7.820032138676192,9.315795542148946,0.16270762613591486,2.5,1,0.88
0.11978852857162973,-0.08147840218153132,0.7431934519022485,0.2654305219446992,-19.831429633514407,-1.4413229898326585,2.7874785613724242,6.868996927436964,0.4607657236619409,0.0,1,0.88
0.13489325623761883,-0.04944541230361914,0.6464623974712984,0.2009374525163149,-19.104993106829877,1.910594607496331,9.78661386588832,3.271037117056997,0.3445161286565255,0.0,1,0.88
0.15310729565325204,-0.02781818909701917,0.6486159100666156,0.2442249429086351,-23.156413186402098,7.7718879861448125,-2.271552139073922,6.732413234657733,0.158530311872388,1.2,1,0.88
0.15467055770872884,-0.08804843512403931,0.8646995606410686,0.2756477669105335,-17.15974156972865,7.640107920896474,7.328146290939273,7.370757502239397,0.2885195872881353,1.2,1,0.88
0.14004200429309796,-0.11189476439790322,0.8229540712880715,0.2263329515778518,-23.310614152322316,-9.844707521418846,8.720302628253782,10.18215659253124,0.5048222700985578,0.0,1,0.88
0.1437090253736035,-0.04405408910795222,0.6815200464389437,0.20296156752879707,-17.54779655975842,20.03453441693447,4.184866691183879,3.86322336848235,0.270572673404496,1.2,1,0.88
0.11536508319320643,-0.040092391224027135,0.6796469377097901,0.17815836766438226,-15.004302354923738,4.370121960099748,2.391107896340881,7.715458891261768,0.30802993239765586,0.0,1,0.88
0.17120676519360323,-0.05503228485487591,0.8538025481083038,0.3024392982864976,-18.831344498585878,-2.8906830935323633,3.8537929450249417,11.448012779771926,0.5906037093592809,0.0,1,0.88
0.172557126799594,-0.08800725755101167,0.8597141312579168,0.2480625720055065,-27.065674604040424,0.6090684307182265,3.5070648430578686,5.997445244493264,0.5313700218289205,0.0,1,0.88
0.12706066147011635,-0.07875337853613124,0.7858989416428113,0.17427917989438949,-17.05620556703886,-5.055453746835534,-0.25790123106092455,4.527098902673343,0.3498854858464693,2.5,1,0.88
0.14781877311791136,-0.058141889354470476,0.8219544613328211,0.2002263091162428,-13.545587592934822,16.3622393413284,7.663385790335517,4.753964195481342,0.46775317607617173,0.0,1,0.88
0.1255503934706967,-0.03570789940433787,0.708532477978642,0.15831641722453754,-16.36225602295979,-1.5827194738160943,4.61083862335756,5.010490414595916,0.12067179292699928,1.2,1,0.88
0.13742220157887025,-0.05535656387970685,0.8250126495379937,0.29451650238142235,-20.384820838314045,-8.043171710434995,9.545288157487988,5.163816453920988,0.19340443534980709,0.0,1,0.88
0.21214907563836358,0.012812021866647386,0.6320808952236618,0.23681165432001933,-17.401426987395606,-19.994156316948654,-1.2716358405600987,6.051301673937357,0.27213077051330137,0.0,1,0.88
0.15595998758111937,-0.04339658948247541,0.6179032469110426,0.19548442658083554,-15.687182225329076,2.683893945327816,-8.120908695066582,3.9452180589552595,0.32771663302526277,1.2,1,0.88
0.18793428628641204,-0.07832522668068848,0.7211189502257225,0.17908048726365064,-24.81762113681254,-7.08697291512401,0.8060911512258002,5.426796544856472,0.5815651062333941,0.0,1,0.88
0.1811182614191946,-0.055751969622596036,0.7044687158391283,0.3182846148277144,-15.876899990469717,-1.4350784505363818,4.1681254043607465,8.196930946457012,0.22924759776756962,0.0,1,0.88
0.15237109333841495,-0.09659444037508028,0.7735732760190139,0.23000056199722335,-12.488294367661545,-6.699877802483425,12.254442321256997,10.409675580143194,0.4638291136861472,0.0,1,0.88
0.14913311137053975,-0.03613107381695556,0.6855085288384641,0.25009489228115395,-14.539245072444263,0.2298402391028104,-4.345223545425682,3.654351240754384,0.40060398280237886,0.0,1,0.88
0.11446943048628766,-0.05422745787547709,0.7485235706083043,0.18117417879100706,-25.014142135316206,-13.230515018573868,3.9349579616485566,7.76275137354141,0.23465293357299774,0.0,1,0.88
0.1786210211616866,-0.04932968264625734,0.7748143979292745,0.22643045180809424,-9.00581036710804,-5.488658315554573,6.1453518743815625,1.2085208282022561,0.5977911324777337,0.0,1,0.88
0.15445806217642985,0.030413798481539883,0.6752550564766253,0.2602834701590465,-18.985925621584816,7.00194574061375,15.765775740530286,6.3769972265852495,0.44302018275647914,1.2,1,0.88
0.14156624312794647,-0.08649772618176148,0.7969211247061638,0.2962906372754962,-23.725992077920722,4.325558623163158,8.028938294240636,5.164035610257562,0.12144384350366419,0.0,1,0.88
0.11714287722264081,-0.07491193819884559,0.8651359997176229,0.27973299550624336,-19.875554128803188,-9.967218800873777,2.7420399238136257,4.583576739774775,0.3115863646107949,0.0,1,0.88
0.1665653566517209,0.050748735035934134,0.8949407555567891,0.33420934756461085,-15.98297200613016,5.616913113414018,5.424625943909563,3.035144492079664,0.5107198158136931,0.0,1,0.88
0.07486600172759852,-0.06300667048134616,0.843848915489469,0.2614029112052813,-27.45346049507993,4.935750715652661,-4.460827850104888,6.335221713958328,0.4666699877263414,0.0,1,0.88
0.17801922966055866,-0.0024634102321948806,0.7448052898302253,0.2508591806801765,-21.144416416656526,-13.498849401421698,-4.340572479496862,11.955918396903797,0.5237289091120398,0.0,1,0.88
0.15967376873415,-0.06737050444173995,0.8524458367908327,0.24300137505518013,-20.01845921576314,-7.717554458323043,-0.9372264388378522,4.040289494349256,0.2921535064966416,0.0,1,0.88
0.14991089063033533,-0.05593427107412393,0.7678763793644539,0.1497578439704505,-20.274477896923656,0.8090542828920777,10.11973025506198,5.875929026556338,0.45704480127213,1.2,1,0.88
0.14128753269472066,-0.05667372603354144,0.8111871659070873,0.11428763751335973,-17.17560775948272,10.49649875026251,-4.048434608803124,6.374331836270123,0.44380125541481785,1.2,1,0.88
0.1795629541760786,-0.1160476149403651,0.7551328996423674,0.20779688949261416,-13.073266442348963,1.2643769748129357,8.358016445436242,3.677208487995754,0.40461224996175094,1.2,1,0.88
0.1766789435788038,-0.09240500328345408,0.8305855576744772,0.24916058873939695,-23.080913086544026,16.45040808154016,14.88610345833865,7.512587852029424,0.21948195030435838,0.0,1,0.88
0.16291210268195064,-0.05661577836235611,0.7960863606907955,0.20224451729743395,-32.28775436829284,-8.77818344099993,9.53095774904374,10.327992254098401,0.38776414924770186,0.0,1,0.88
0.18295146988191952,-0.07560645077684261,0.8014165730370542,0.16477116856161733,-16.322764986343135,0.7696487992034927,3.662056621040019,7.439585400511207,0.5823472413001523,0.0,1,0.88
0.1220805130632679,-0.10108306834864286,0.7250874606275652,0.17835733734793602,-14.800560785067425,1.7759967570344892,1.394869265706669,3.8651371080413877,0.272286404851228,0.0,1,0.88
0.14871234034917036,-0.09464952600547999,0.795387289153131,0.09696906888886343,-20.30237727170958,-18.819499565035823,5.431376037576655,7.905453957997315,0.2821343074489111,0.0,1,0.88
0.10946681387358595,-0.05809074021860496,0.7028277799336895,0.1741896112547321,-16.365955919210236,-9.477308294220833,-0.20328089499500912,3.8198280638313107,0.4106696549889369,1.2,1,0.88
0.14620531629232342,-0.008783364451384224,0.8322891541635775,0.17236267020155346,-7.596153309197025,-8.051300024471018,9.209825892564638,7.726357827272073,0.31082826341079406,0.0,1,0.88
0.14085402065329303,-0.06239073902936671,0.7260904381634198,0.2653046311888281,-28.363771071998954,9.915835549971623,6.912770337547406,3.411270345092673,0.1965256381953727,0.0,1,0.88
0.1448748592315056,-0.05549646097920531,0.7955617630681455,0.12377727015685236,-17.81352289057643,-14.393246592259688,4.3030293429177195,5.984702488530629,0.47182171705412,1.2,1,0.88
0.16210034903035622,-0.1083012779812779,0.8039396901465031,0.3172587212038891,-20.301995641884368,-9.411665257057232,9.214625129242048,7.460881395688405,0.33885657658906543,0.0,1,0.88
0.13300609052453632,-0.108047775435749,0.8184946118136179,0.21707851232786016,-20.74771800122014,-7.673503696767306,1.648701822274293,7.868837429613693,0.1125802449431211,1.2,1,0.88
0.16070088291816167,-0.02994393577134291,0.7225412866057868,0.29528744412233465,-25.488455715538905,-2.449481089982154,6.579845381359647,7.529173770246473,0.38658849740774803,0.0,1,0.88
0.14483376770534134,-0.1103518212642946,0.7782407915726537,0.23966732580132208,-8.285902524014217,1.6130634987211676,-4.820201520865556,-2.6333852079694164,0.330319957733592,0.0,1,0.88
0.16153678681915157,-0.08427232869040198,0.6714034904254222,0.1779895512750912,-25.247932936867038,-8.573877810936068,6.274731426816235,8.631255913588804,0.24671916239452876,1.2,1,0.88
0.17967934295700674,-0.1132880890295655,0.7273569329533196,0.2863347591488308,-14.117976165836467,-7.720225660519371,3.5913782525372033,7.976050424407555,0.5477186927501576,0.0,1,0.88
0.11632015299000559,-0.10483785005319149,0.6964798648268781,0.155389060280118,-21.027555634056565,4.108444901750229,-0.20473461503722223,6.3138709783228775,0.22345774342131777,0.0,1,0.88
0.18751984523358445,-0.09450684534726715,0.8019158828344137,0.16268818464504542,-22.43187014854768,-1.2004352577691373,7.621057816938409,5.2494018501940936,0.5277815965877526,0.0,1,0.88
0.14300067444353343,-0.06251970669966915,0.8491676116241831,0.23554637909388373,-19.69244825845987,9.819232138783372,-3.8967197223197267,6.185782226122397,0.13071212226347115,0.0,1,0.88
0.19772347953130073,-0.05889492573396376,0.8216634696195024,0.24301279446588658,-21.463329053561885,-4.528749402382029,6.456085181493162,7.069243644083977,0.2013994903075391,0.0,1,0.88
0.16793961199775564,-0.08419106030137247,0.8591853369087411,0.18406167934042217,-18.671280594415087,6.796654939778876,6.499727116424531,4.340049300728845,0.22785056506411014,0.0,1,0.88
0.16740189142111883,-0.12906641038665734,0.8381261709953898,0.22954176489036285,-15.933013280979786,-13.298612663429498,2.638801437996213,6.388925892000617,0.1792668524487198,0.0,1,0.88
0.15263850285825442,-0.09205884091939626,0.6418700670024594,0.2194821503034219,-29.051037447445676,-4.283250069959765,-5.422094789268833,4.949294813175282,0.582658706213821,0.0,1,0.88
0.1229702430728723,-0.04857273499075191,0.6833222446279865,0.1921146259175761,-24.618387907371474,6.678099477520694,11.459530321282479,7.764139248095632,0.15395095974078868,0.0,1,0.88
0.15393684369388597,-0.08922280663455828,0.7945743938048427,0.22143789455261526,-24.92654370143944,6.900532009979042,7.294639029248788,5.14493199937986,0.39267053263769647,1.2,1,0.88
0.12189320914615039,-0.06355017048823229,0.7710075533415948,0.23106061668946826,-22.50044925953719,3.0528673631628562,8.340397827745822,1.0697206369007057,0.5435483747929478,0.0,1,0.88
0.15349436325092752,-0.04842932505415503,0.792813065096851,0.18379202155884203,-12.337890181176672,-0.5190378637622136,5.048017334389444,2.1601067538948353,0.2592897265829194,0.0,1,0.88
0.1345156539192523,-0.05809453326819302,0.8552918835908053,0.1879628067142189,-27.282317530335945,2.318719656456708,-3.1519820392177564,3.9525035663162007,0.10305070559523807,1.2,1,0.88
0.17770010825107457,-0.0036930217386995645,0.6872957931824609,0.17708338669892534,-21.18340697812672,-3.1020153162090316,13.697064839048952,7.441690778848253,0.24194348106155764,1.2,1,0.88
0.1340946095047279,-0.0911915507303688,0.7197145831464877,0.2039754967480671,-27.283343959669054,-5.39057662207723,8.639597288581605,3.811453738887265,0.3322555025682624,0.0,1,0.88
0.15278945586614964,-0.07689963463758023,0.7633312656992339,0.29672626174326344,-17.734087901565307,-14.518094297022795,-4.382556358364193,9.215711090916953,0.4467267268471894,0.0,1,0.88
0.10963758976850008,-0.040235166685787915,0.7751516183082536,0.24973990981305355,-14.679062018653067,26.83658711333102,-2.4627849213913153,4.435038016241409,0.13468615996973352,0.0,1,0.88
0.17447766857497662,-0.03127465535030503,0.6714932830060538,0.17370280663741366,-15.748271951832837,-2.5027727648478115,1.8381908874398714,3.7127334876485922,0.2556066859018422,1.2,1,0.88
0.1269046228927899,-0.09856665501575564,0.8224144333697982,0.11936623430054642,-25.219612737864278,-1.8687754852718608,2.7667740104969933,5.391144374073374,0.5764195948282511,0.0,1,0.88
0.13851731665297315,-0.10427561168209233,0.6459067475506133,0.2556293504191961,-12.57146455160705,-8.966357899936803,4.197570200541693,3.1993321233825993,0.40644345825629724,0.0,1,0.88
0.17840251317407624,-0.06581547403267614,0.8141284103715505,0.18116072337917444,-24.52037131124203,8.14505187347773,4.7707546944388906,7.690118445423705,0.10230676799246033,0.0,1,0.88
0.07026110218640275,-0.052659838969591845,0.7195088372681095,0.1561971338480436,-16.54708555606494,-5.67317271969218,-0.6170153391108011,8.407830905162998,0.44374443099715377,0.0,1,0.88
0.15881043569878853,-0.05450695824351362,0.7259467472674175,0.26585693307602565,-10.61365257986661,1.7115891959270828,0.5779569253960881,9.970248330901045,0.43386150158895664,0.0,1,0.88
0.13249228098731458,-0.0462679787229088,0.6922279790396763,0.22836427262272496,-21.034289169359845,4.209960353916792,4.105347025499691,4.820473696159117,0.25912589028092214,0.0,1,0.88
0.10663864988816163,-0.07909977739709785,0.859714000348816,0.1635370817589403,-20.302883475902576,-6.669738228229849,3.298779976279979,3.96270414216255,0.48749024973353916,0.0,1,0.88
0.142702706301227,-0.0575508888684136,0.745643241101505,0.2375622075835182,-27.384481133469905,-0.024339899462459402,15.443586546039874,1.4308396777102814,0.5579513887960506,1.2,1,0.88
0.11007036235292708,-0.03742423010517466,0.6924736890077701,0.17812555465290264,-17.14822693554494,13.955791403083907,-3.1675378821312252,8.55940202534326,0.396663851382385,0.0,1,0.88
0.1703912038989626,-0.05781581613412182,0.8613024835447342,0.2633341655867737,-10.254684621053375,-9.242322744473705,8.569770784878322,6.19861274818195,0.40895427160040143,0.0,1,0.88
0.12163780082414487,-0.0279361333452708,0.6124034788400604,0.22906618356184544,-15.416832783234778,12.645548290587254,6.585582096104817,5.826371813398268,0.3469218570732029,1.2,1,0.88
0.15868516229460752,-0.04696377211094033,0.8017731666567405,0.2944790042379233,-26.774211170824746,-7.876351874427408,-5.337403335876084,3.686944233512929,0.14725782203477314,0.0,1,0.88
0.10091945017920043,-0.014556387039589842,0.8447457326061258,0.2333843701163644,-14.123763795879427,9.541742886985967,1.0165535028240757,4.295997872836334,0.4751201936462591,0.0,1,0.88
0.10914240684698041,-0.04802413166237139,0.780320918186613,0.3101687657694886,-13.230248836318863,-12.40894808685729,3.4926311784015063,6.218902433316135,0.3971591555736175,2.5,1,0.88
0.18077594721705548,-0.05871948249907052,0.7372953818921002,0.21245694866073292,-14.275989507652039,21.891558129075346,-3.9753041156653204,7.4679489225437,0.29202409891916814,1.2,1,0.88
0.17054013531228868,-0.0709464410032711,0.8097535246114191,0.21546521401885946,-18.769188852643715,6.026380361410222,-4.664868309334773,8.125045310236384,0.1043179909694156,1.2,1,0.88
0.17483371332586972,-0.05073162002249046,0.8601584877353675,0.27584048221766744,-21.486042200477232,-14.625647897579034,6.965637363843697,2.715347099531242,0.5421046012559478,0.0,1,0.88
0.19198431999456925,-0.06754237258838233,0.6273897535794155,0.1854048448456221,-25.90188605277897,8.929873594942178,3.6302107287988385,9.09945648965618,0.4380170366581181,1.2,1,0.88
0.1300434636152953,-0.06726089598907192,0.830829001545643,0.20369853417212655,-16.55574984774836,1.3107664637985132,7.914967697372221,7.3242499648876835,0.3978108389153856,1.2,1,0.88
0.15921892653815883,-0.06006223417229537,0.6883105299653742,0.20913251817335501,-16.542179397486994,-3.159943628662397,0.3047305538088825,5.5095027829849705,0.47895176779200865,0.0,1,0.88
0.20368863935586579,-0.08916382886981865,0.8326255957769242,0.2731900175439359,-14.283451418388609,-4.426113445056213,7.806712942941967,9.589492575479499,0.21941105156484872,0.0,1,0.88
0.08921455937193744,-0.035966931911075466,0.8778828624674062,0.259199188671666,-21.633104538679447,-1.9472747683558536,7.31436025019685,7.307796217880627,0.20837178663477332,1.2,1,0.88
0.14248461237555368,-0.06337687148551903,0.8035849814505924,0.20183229524460208,-11.431062285421326,-11.428085376704976,7.899380830153943,6.898147045891367,0.37045576297955307,0.0,1,0.88
0.17987358360853475,-0.07215655304024014,0.774669764189106,0.33159488026295714,-14.985471605406907,0.8461153889636829,10.56967809392442,10.019230066804226,0.47748035241634523,0.0,1,0.88
0.2121603384977734,-0.07863492005980038,0.8056272557273492,0.22153431764404674,-28.835081330661836,8.321363331412243,11.815806133274561,4.518558561716248,0.3903156755845223,0.0,1,0.88
0.1906805547826031,-0.03626930207686995,0.7885725725451532,0.22787261356874472,-18.0316499782939,2.6235764592621433,3.3559332014223404,6.024229176786437,0.4825609017329431,1.2,1,0.88
0.20374537047416802,-0.03534668381888258,0.738731114384849,0.2743028261346859,-14.801034455703368,0.6895622219719859,10.51698797613432,4.121224207863009,0.26163846123408097,0.0,1,0.88
0.13770992801030732,-0.05597484572017252,0.8441063310220879,0.2055825470124113,-22.866605764037352,-3.07048369610239,11.965064166119257,3.0758213120849507,0.13485568173428805,1.2,1,0.88
0.15898803280640167,-0.09554393559333761,0.6130240209882452,0.26060982212534417,-19.063670857726795,2.1997450132896756,1.6878839554993461,9.232349906274585,0.4418834839322415,0.0,1,0.88
0.11804335017869244,-0.0567002719028764,0.6644269680561616,0.20788301673704568,-12.799781707613297,0.3568406842258736,11.332726354964265,6.983940434497934,0.3543580703083842,0.0,1,0.88
0.1762657724922704,-0.09323486228812222,0.8498063141037382,0.16834574747722547,-13.425199288835191,1.3614675128065383,5.415009524832119,9.888865767890286,0.5637829209198273,0.0,1,0.88
0.1564211383416388,-0.05341421587491502,0.53680371681823,0.1955623468113616,-12.549523255151295,-11.287785082281347,2.946458579832626,7.967220034444143,0.15846796912533098,0.0,1,0.88
0.11346382294350552,-0.07793946794939798,0.8568500095081646,0.1550160723834817,-17.604683311975013,-3.112551013914336,12.020602057929834,7.130551941663711,0.5758752579113003,0.0,1,0.88
0.20666339351294916,-0.08056390895119982,0.7793379017532068,0.2629585886336888,-16.255290047255755,11.550405715516913,11.007817133640835,6.751120709814994,0.3271733586845955,1.2,1,0.88
0.12833966437261102,-0.03508342885557218,0.7925854948066982,0.2294835771994668,-9.626937670688203,-5.937377544432391,7.172790184964603,6.667400604473251,0.4160277961415988,0.0,1,0.88
0.14952054125328537,-0.014770679766248233,0.841392534907696,0.2588998122744203,-13.528815218544601,-5.38563880231411,9.682994412751212,7.016484782347045,0.5169837047756702,1.2,1,0.88
0.17008175459182442,-0.08798435419230909,0.8506162772653088,0.2763968079996911,-5.530516036313351,14.120677341479846,-1.1930964034573055,5.252441252949254,0.20846422893299452,1.2,1,0.88
0.16745167872142552,-0.053648261828272176,0.7917078365951984,0.11847326282944108,-12.824117748261049,9.837032632984439,3.621523009652969,6.369696522225467,0.3986122013750055,0.0,1,0.88
0.1545325584355744,-0.08347208277287521,0.8111517640799981,0.2550911015140338,-13.816230428862902,2.4542602869336223,14.895116942112065,4.530885737908848,0.589681360094647,0.0,1,0.88
0.13309852237721176,-0.033549556229910654,0.7406756609999103,0.19461537877238363,-28.9449849893483,11.317488144185097,12.171655978800363,1.8387214803230005,0.5737021579678727,0.0,1,0.88
0.17021500950869714,-0.05158202024446253,0.6945729160250986,0.2856061604587831,-27.37913607472896,9.158184497154288,2.2539066769568565,6.1973115028328065,0.3961244076946755,2.5,1,0.88
0.13226910938738726,-0.02611258401378845,0.8454531578653908,0.2188523410090555,-17.245496639813066,0.4478262763181616,12.744913163411548,3.9973822931458223,0.5509405876525552,0.0,1,0.88
0.0875755806895849,-0.05998236038107223,0.7594028341189256,0.1537805937196171,-17.935267123626446,-7.038887227338677,-5.621186234695639,11.452696447060305,0.32901777716489067,0.0,1,0.88
0.11692157472636333,-0.057627502510193294,0.7841509255032356,0.28810531938306955,-19.921534612922997,5.7769109824183635,-7.0822718829983575,6.339749717159759,0.44759622240779495,1.2,1,0.88
0.14290053285087415,-0.05073364735353829,0.8629446057476607,0.15639588228480789,-17.407545188500382,6.7527187587124144,9.632158011220278,5.144400200068605,0.2617055662136831,0.0,1,0.88
0.13787615997550867,-0.056302432183381046,0.8387778913835799,0.2209556528135037,-16.18222849852385,9.61272859918628,5.484076841497486,-0.453922639463209,0.40737679558726947,1.2,1,0.88
0.14402645892506108,-0.036281141498925175,0.8261755651291034,0.3216435322091383,-17.114674840370242,0.43237395431733716,0.5375962921301278,6.365801009056445,0.37969108700726006,0.0,1,0.88
0.12978638966126757,-0.12528122142399972,0.6553846036532832,0.13889445972460512,-16.45767463967323,6.968329849192067,-0.8554435003142444,4.940967773084851,0.2718386429474904,1.2,1,0.88
0.14553952564787528,-0.07361627150340996,0.8061110043646373,0.17330549329939834,-24.704239961826005,6.0428749996549005,-3.1267572250824927,3.4811265723714304,0.49882592108720525,0.0,1,0.88
0.1335077588652445,-0.05601255252325556,0.7345798082900176,0.15511492036267455,-25.63703424484089,-4.108282443055288,7.666499965567311,6.484490897829043,0.44372534980000344,0.0,1,0.88
0.1267688078133915,-0.01910270225275628,0.8586566611616047,0.22420067740608648,-14.438163213746213,12.707318323645884,10.433278206598937,8.545141685147744,0.4816679401464913,0.0,1,0.88
0.10034028838812263,-0.08112936628500417,0.8200470158701826,0.2698370750823607,-26.37839139272829,8.30334294832453,5.339518300738777,10.057583237265732,0.5302531294072015,1.2,1,0.88
0.17384492441376842,-0.05993609182405035,0.8133633771345333,0.24080740902596456,-20.53691009822203,-6.561184869093132,11.091724585309215,5.344008277546927,0.5464433363573278,0.0,1,0.88
0.13446670873111624,-0.05314079583359682,0.7291757874977511,0.11622257526465266,-20.264516769791012,5.57275185083752,-5.436074411489393,6.116073150160992,0.35725195945166743,1.2,1,0.88
0.15323332968472944,-0.05938090378927483,0.731671999065199,0.09546241308495895,-15.206294968327475,17.06500861216083,1.7424315516632158,2.322091543108491,0.38165645226716827,1.2,1,0.88
0.17032238954197437,-0.008258998375004684,0.8142659797120066,0.28219226128788705,-18.38241432339991,-2.030921023608539,5.353680804751324,2.7591375396581843,0.22160254718680636,1.2,1,0.88
0.14249186324985877,-0.05008320320894505,0.8721933397675913,0.25561554663352354,-24.921021435252754,11.881244509673298,3.965242664588649,6.147935486485573,0.22976166148856722,2.5,1,0.88
0.09058106014366007,-0.09897267104776408,0.7536080992767871,0.18789704189829834,-11.847390412352452,4.09418570096325,11.112978465715887,3.8161673475068296,0.1324330633506907,1.2,1,0.88
0.15613563265546024,-0.023088984889193205,0.7977721948146617,0.2529769262795711,-6.786688062629635,14.769096014629152,1.050711347528643,2.326137037702642,0.3914112277528774,1.2,1,0.88
0.16563824211858222,-0.07345943896915721,0.715867160023418,0.2529293172328318,-21.682940542323436,12.33879162690117,4.7489700597088795,7.697957387266596,0.364675686376581,1.2,1,0.88
0.17521734126265426,-0.061568085000899934,0.8507668008598807,0.26301815496516795,-18.524818038168277,-11.219491395193803,-12.018082199984725,4.510113307443801,0.3125747567621904,0.0,1,0.88
0.15924181078161456,-0.04472537110158032,0.8538907731071728,0.21394261686112437,-24.394451140067797,11.226919066440882,3.114229491709821,3.152048088693933,0.5980240624595091,0.0,1,0.88
0.11846946165741509,-0.06580584571723912,0.7784144996574289,0.2073861435292185,-21.7534526658004,6.224941856085019,-0.8419442355176532,10.118364510009824,0.11571971148727353,0.0,1,0.88
0.1147884724042654,-0.054942147421347766,0.855541425799252,0.16351565579783794,-18.73770976779427,2.8288138616491936,2.057300018465275,7.178915318135517,0.309264023383896,2.5,1,0.88
0.1212411028161457,-0.06618025876783415,0.8720786840455145,0.1782735174954063,-19.367140738326754,5.461668312742966,12.901826245302004,4.847058199083708,0.4969167828741876,0.0,1,0.88
0.14517664133480532,-0.0035218984801713357,0.8059989813632964,0.18607228767501902,-26.446553754196593,12.741008937535618,7.304279098725756,10.041128440019744,0.5328195603093967,1.2,1,0.88
0.17864092485115865,-0.059531972801769015,0.7239743580217335,0.18509827956590466,-23.7833364303214,-14.556969424743182,-1.3454384265049475,5.514823788784534,0.584278369152336,1.2,1,0.88
0.1976975886785609,-0.08019359072923632,0.8525072028665628,0.20877964318194217,-18.206257605077695,12.801191454272637,-12.02166527862897,3.9715351499363303,0.19050595656360617,1.2,1,0.88
0.15740740194202063,-0.06115564674245639,0.8743838038550076,0.176452822466763,-21.399659566914902,-7.840911175286789,2.218738339709081,7.746255791114792,0.3656737202927972,0.0,1,0.88
0.1332921215881026,-0.054887691289845324,0.8309057027780988,0.276761589862027,-16.02502700635617,4.703042426298801,-5.903799297091291,5.872444595707194,0.5153218324694723,0.0,1,0.88
0.19601166727138827,-0.09432470577429974,0.6264548204216436,0.322627876658805,-13.881796114656627,4.2057271157111105,4.597935706569045,8.217814695620072,0.3262900174508787,1.2,1,0.88
0.2000492794717233,-0.09261740399379173,0.5684250970140864,0.18499659149903117,-34.03489862191259,-2.6071680701760584,11.372000484536276,5.231320425035674,0.21899524021201058,0.0,1,0.88
0.09674334788371144,-0.0700823689004031,0.6825753579160929,0.18727616638481556,-21.479273608929738,1.2913096220355,4.947070439823452,4.4593220836886065,0.37006440103245586,0.0,1,0.88
0.10043110649674378,-0.00018399645699643946,0.78146175604503,0.1991216970492946,-26.023936923423737,0.8152492087157218,0.7189762642324791,11.20334018837295,0.3713390636457363,0.0,1,0.88
0.14384062836491956,-0.0900008016168063,0.8099847072485103,0.23797594407666192,-19.228317037309345,7.477248254380977,12.553443448997397,5.6566926730659945,0.32247398913599423,0.0,1,0.88
0.12292043130824074,-0.07432670404967869,0.7967020211132504,0.14532253909682255,-14.902827296750429,-3.1152452539509685,10.086202121586926,2.416137777788451,0.12069316849549286,0.0,1,0.88
0.16281554927133773,-0.06127345038309085,0.6265910159401675,0.21654076901335834,-19.46342184352867,4.6533723436875105,3.0435857945292026,12.025632963083211,0.5710118843149111,0.0,1,0.88
0.18501792589755875,-0.07922542699162445,0.7414174151246369,0.18759380894049238,-5.116243176072192,-19.187442291532474,-1.0472512333912416,2.655722434837208,0.1737471570432985,0.0,1,0.88
0.20168697865855834,-0.06392885948870175,0.8106766470331621,0.20833295651514963,-14.235530241514805,5.824157518497123,5.821272632988046,4.210159418042997,0.4046556616777417,1.2,1,0.88
0.09766055799645165,-0.06581414561365587,0.5877281798735767,0.2126910885318174,-8.461115164446698,6.91581789996249,0.8720249952588963,5.564955110862995,0.28734401036344737,1.2,1,0.88
0.17984866862921928,-0.05539204996136485,0.8431422041807488,0.20141438689171737,-26.12988301614221,6.4401663580629105,-9.692550480678838,4.187169398697202,0.18744239797373133,0.0,1,0.88
0.21611372510312893,-0.08151811422684786,0.7963790975415597,0.19808917838130688,-16.100099059940668,3.1558868684516477,-4.647711342336951,5.702259362940675,0.3683051616483508,0.0,1,0.88
0.13108334201416033,-0.029555073677767822,0.7786717674519885,0.2556910104172942,-23.36148368287933,14.237944168678055,1.9651201844146762,1.9653894197268702,0.5752882264494277,0.0,1,0.88
0.1529677900811171,-0.08407959666191735,0.6902179413659388,0.22490317082367176,-27.16805958885889,-1.597507051620564,0.620133251058478,2.1190347287792384,0.43009406509068027,0.0,1,0.88
0.15391567372810921,-0.005096878784411937,0.7445388488163882,0.26523442014767956,-16.39543782241515,-1.0525627366921724,12.702172170934352,7.579779384075634,0.5510805585217234,0.0,1,0.88
0.15385684786852916,-0.02649931075868625,0.5407075147030249,0.2574523577241812,-10.23824222047287,-8.199095659994503,1.1691842793026126,8.537361285918298,0.23445567559902988,0.0,1,0.88
0.1669367429663002,-0.09751360446922659,0.8007059674909709,0.158020822567345,-11.300625754136513,-5.1672146862005,-4.9460142136433,8.887110252550393,0.5088941348901752,0.0,1,0.88
0.1399010808765329,-0.012285748830931476,0.7482345381846305,0.23137719104158475,-10.513735420160506,3.0135554302739984,2.929871962063772,9.065753364010856,0.10164146014410771,0.0,1,0.88
0.16537360040064886,-0.07102985491242535,0.8541895539742755,0.24143860950677706,-16.0154739599605,-4.4984824604693,4.972473097513808,9.524512430912411,0.43741228791037,1.2,1,0.88
0.1493205110937771,-0.03312187816376547,0.8526985551923285,0.23359442135224248,-20.252288736602893,14.27345572250999,13.794169264206355,4.277581717983908,0.3655224839874791,0.0,1,0.88
0.17084030523332602,-0.05058428262677641,0.5669120810866071,0.29588807963308084,-9.043467878207856,-12.246959462398552,-1.2084637678179586,4.787488126094578,0.46175625904464124,2.5,1,0.88
0.16275472802716212,-0.07947442363929422,0.7465457307303717,0.2288597368406309,-17.634359400022678,1.4693127450251229,-4.01178376945338,8.045057857476433,0.10530961623847998,2.5,1,0.88
0.14701931120017994,0.009308483836390102,0.742333670900154,0.276941311988565,-25.711710667457247,11.256463180376933,8.651477528739068,4.831987509325955,0.40432150439541314,0.0,1,0.88
0.20182897272354083,-0.026426266267101768,0.7692301333584355,0.2729532373517919,-19.571793324392274,-14.51717912412299,8.554522997605439,6.981473950018721,0.3527816868223459,0.0,1,0.88
0.10789208101258177,-0.06466215946928273,0.6984929296402902,0.2557941229818034,-33.96357665108403,-0.5492977099354747,5.2007488940123885,7.870204751962487,0.24719933351279763,0.0,1,0.88
0.15286989188079841,-0.06778398116880628,0.8671178531420023,0.25802052509463036,-18.926356644130898,9.438107054388537,-0.3865046270451966,7.830407229763505,0.11955624403053419,0.0,1,0.88
0.17694639530981818,-0.10104503792072903,0.8128032965765657,0.18889989903860424,-20.81288893431147,8.098798378036577,5.978738243167503,10.47725220279101,0.3707616907974851,1.2,1,0.88
0.1861502838093709,-0.06309574607783178,0.7630906416275103,0.28918322586051526,-18.582045777875063,7.712323483351881,4.963121119681004,2.146759366782215,0.16474792013137632,1.2,1,0.88
0.15238270048288843,-0.06359549049852582,0.742251431087898,0.20000193252220674,-14.376000068722753,4.007355541328317,2.311318488259717,10.910353372390066,0.20807429752099407,1.2,1,0.88
0.11283395152278482,-0.10094780942904116,0.7381240614691728,0.20304469636449562,-15.044207546688158,-6.207898979366555,3.882638986364827,6.231473548152333,0.22260027296408272,0.0,1,0.88
0.16730351887007974,-0.058506215344688486,0.8421287683947593,0.2199819637321362,-16.004607862982144,20.547344269517083,9.509236759119684,1.109715962612695,0.13633797471858614,2.5,1,0.88
0.13783807307763918,-0.06585880223458002,0.8471928962832866,0.2573573574743295,-18.669920859095782,7.5847637948151645,0.05902591675525937,5.142925097675658,0.3280764367381328,0.0,1,0.88
0.13905950649077764,-0.010863580498519244,0.8338470742414608,0.3062139124584633,-21.11087967907674,7.656846030846941,-6.266614223893193,5.72259729757239,0.2007567317611675,0.0,1,0.88
0.14803028318348715,-0.04454039068150844,0.7625133292072928,0.2107260846402541,-13.00337346854981,4.647940976769011,7.108013054909058,1.8912342887794331,0.4216155013304833,0.0,1,0.88
0.16289372177301606,-0.06027560166254155,0.8354727098422161,0.24191627147383218,-28.581781781630056,-8.379574102645162,5.926039596029678,5.630829865110736,0.5793067256668336,1.2,1,0.88
0.12189274687000222,-0.07176547621368594,0.7635012185279796,0.2603480528071742,-13.78050932514777,11.746885225173036,4.069423548835969,4.043101830951549,0.14565085330336616,0.0,1,0.88
0.12294728518467449,-0.060399119814288624,0.808624762587645,0.19524211759560373,-10.236662364937192,-10.822388171607212,11.744207653224127,5.1927513144167605,0.31577953558554184,0.0,1,0.88
0.18526472258513121,-0.09092419833591299,0.5777291205963452,0.2300954646857174,-9.571258237993284,4.46735482938372,4.185490819219201,8.877191430188425,0.35723862443784826,0.0,1,0.88
0.1610598110478554,-0.04547324735017949,0.8241307653177081,0.16953516034970564,-25.95758422485966,2.4812345681702146,8.474482344585477,4.055271110548333,0.4651587083574712,1.2,1,0.88
0.14432891751922797,-0.04719518633143106,0.7267758239442688,0.26620749405809074,-24.251538336155857,-5.863241435703446,12.859558986959554,8.207222823078933,0.4766428398953022,1.2,1,0.88
0.16915648327908445,-0.05598941990008198,0.7499112759644266,0.24257525543556968,-12.65431615983952,-10.214819051499415,-2.5704191098307554,2.7122294404386036,0.5463224698985543,0.0,1,0.88
0.14076555387965256,-0.0793896928978115,0.8312270040870032,0.18714719013272202,-17.308258938099318,7.100227777300809,-5.1145983359903475,6.420322164726502,0.5546811473413679,0.0,1,0.88
0.08703078816479848,-0.029330625765054387,0.7268819265413005,0.14533214055591123,-24.0154965936043,4.452036997468943,-0.30036310327712634,5.200846401333284,0.5169519754311126,1.2,1,0.88
0.16769929722378435,-0.05209141486958828,0.7239152926118393,0.2237035783073164,-23.171146691577484,-0.2777593690279451,2.201542096736392,4.856520674600304,0.43751703738534453,0.0,1,0.88
0.11650707801135231,-0.05655582140296645,0.8410179919932654,0.22341602065040683,-25.6910529669456,11.28816293817986,3.2412013194464078,5.305863080904178,0.1651417102106951,2.5,1,0.88
0.13738577440460953,-0.07051718646744014,0.6234422471488618,0.29545470690187725,-19.066248954791188,-3.9812709845055405,-4.082474382615892,3.7297200868977995,0.11024774817906782,0.0,1,0.88
0.1317843791113303,-0.06309515158696613,0.8026972420674789,0.2865475467911411,-11.141207357923289,6.716304726084732,6.66979793180546,4.985620308078373,0.5725231990107531,0.0,1,0.88
0.18316942760276556,-0.034953884959069564,0.8778033226217878,0.22475028829691218,-22.1538757018305,5.737947685472356,5.295454444086738,1.8181715895913326,0.1297367732955594,1.2,1,0.88
0.15884300846614088,-0.008546666498937101,0.8824664949970136,0.21303670018125276,-17.56752575944589,12.321045358883216,10.333173880758409,4.560464674885156,0.32346172592508327,0.0,1,0.88
0.16234988900809036,-0.047097432009737046,0.8519604201115316,0.1751276601232191,-13.269673171064206,0.15371879563348856,-2.196484790901536,10.949949663434657,0.4795688734012954,1.2,1,0.88
0.16249492261640522,-0.0730838282196018,0.7705975812520475,0.2145828203803521,-18.421158787788162,14.54162059139449,11.345020253693985,-0.5272621468382033,0.24681653146347662,2.5,1,0.88
0.16776815599754294,-0.0426483578902382,0.7504833047308066,0.23636426730818896,-15.40521320493035,2.4315317390378617,-2.3588680565654645,7.58204541434231,0.35702108807763067,0.0,1,0.88
0.2035547920903017,-0.03721167326880135,0.727232764676499,0.29575131920523573,-22.275473803063935,-20.076566847209794,3.4039423520872587,5.816700186836889,0.3893816966510676,1.2,1,0.88
0.13410135819987878,-0.10714027722667864,0.7980757303948491,0.28217225343248503,-9.652249281621035,-5.01379656713239,-9.789837080923125,5.4664476141289535,0.21578373913946355,0.0,1,0.88
0.15678294380388114,-0.014008389521836348,0.6774273860149664,0.22666917542432924,-24.448727029861345,-17.460933602743758,4.363824929408321,9.53632698277625,0.15987774111075606,0.0,1,0.88
0.19228780326214856,-0.034820500739163485,0.7059119895111429,0.2260849203930916,-20.33088824893342,-9.540014645763433,4.997417204673486,7.080930935506952,0.41545011019831246,0.0,1,0.88
0.15132015823719974,-0.07468806169608377,0.7577448531942319,0.3874103592769488,-19.578602309102205,-0.9839830154137276,7.497278376866246,0.2935874284011222,0.5879402352741068,0.0,1,0.88
0.21483192867557244,-0.1005065018184059,0.822314295902463,0.1832415428368587,-6.269216129849678,10.572560745192567,8.729295790490207,5.1080697432802245,0.19704093948314702,1.2,1,0.88
0.1333641746685058,-0.0757113922242471,0.8074298727737061,0.2321378867946885,-6.740439199267209,0.6649521306255428,0.20509075133789256,3.324548755648745,0.30948812565991335,1.2,1,0.88
0.06137067743023257,-0.13985127230896938,0.7336442699921372,0.16315338345140268,-16.689644669442632,7.072861549033357,3.136175085788605,4.838147180286919,0.2636208841935097,1.2,1,0.88
0.12400062297502548,-0.01269209042114152,0.7116923661110113,0.18512431936603913,-13.77580918135163,1.2957690506465998,6.752619506503347,9.40182538353418,0.5530829986566651,1.2,1,0.88
0.08401224126582438,-0.05027174862151371,0.8899839860721027,0.13514096110239576,-17.757311937934137,3.217391105690279,9.467833686549852,4.911698253575725,0.4185284474514108,1.2,1,0.88
0.17088707802681435,-0.024204173265699076,0.6170950769982033,0.29075563634840274,-24.479490333350054,3.3762657099215825,-2.6901853161081855,9.136772395647348,0.32602687128795893,0.0,1,0.88
0.2192083237618599,-0.07483789704375995,0.6741006956556785,0.16648774731322535,-10.09130597549473,11.771687057965613,-8.04305613438362,3.6262702735299155,0.170196141931631,0.0,1,0.88
0.1298305720256025,-0.05682264078305055,0.8519531624382469,0.18220787709793732,-15.709549912729146,8.026436331803845,15.945595422213625,7.251220951765947,0.11499531888009992,0.0,1,0.88
0.15678611525985964,-0.1107104677129501,0.8134170084025789,0.23546755847296752,-15.627457424404174,0.9139949430855938,4.047414064122313,5.088575897015678,0.29315461705770174,0.0,1,0.88
0.17180975769412932,-0.0854138350710887,0.8303474472549607,0.3019256217951387,-15.598373004278855,10.887149416941185,16.316792099957087,5.685268311260185,0.35268384141018316,1.2,1,0.88
0.15907004049698434,-0.030636880210808664,0.7099091390285128,0.28275634393683013,-24.408156260215122,-14.976199400440771,-4.917169528513931,5.695801046916191,0.2883812906231761,0.0,1,0.88
0.21064879920061097,-0.07509924968364598,0.5688359361859212,0.18581658980282909,-14.671304872093119,9.410374066194404,0.3710406848225243,3.8936565825694767,0.13962459322069273,2.5,1,0.88
0.1656426506252634,-0.05748318710277818,0.641600406673632,0.26257971480243597,-13.697862629537502,-8.352522368158008,4.474200262117124,1.5162273341101118,0.24162485470728398,0.0,1,0.88
0.15894048841751734,-0.09419794874841518,0.7457172667537851,0.23536819097552134,-29.20769497189013,0.046551896103892036,11.170601957710662,1.047439058758786,0.5735296118543086,1.2,1,0.88
0.13846677489272322,-0.030163739972990093,0.8421178241181614,0.20065947495689318,-24.968733327127502,2.5412391082049712,5.214951943868265,6.005835618730361,0.5112624091709749,0.0,1,0.88
0.1530201504127996,-0.08571585014741227,0.7188312247861732,0.24196500183694625,-12.488737156060196,6.891573520416107,7.9776758299443475,5.896823452508091,0.20135353977092094,2.5,1,0.88
0.12953888618388962,-0.020331481759935995,0.738996756291962,0.1774728595913745,-19.429527443723014,-21.331905934202705,0.2274904045580195,2.191029408950688,0.248982930710168,0.0,1,0.88
0.15651701411011482,0.003910712955832646,0.6443152286855507,0.2676503978686784,-8.122027049624952,9.595829423393278,-1.7230484670393356,4.2429230532847395,0.3420728252215959,0.0,1,0.88
0.14669548388489512,-0.03661655957421282,0.875484829413187,0.21243087161322063,-8.614311783414788,0.7657136567416762,7.298506877062757,7.184980318997154,0.43317267171239615,0.0,1,0.88
0.156542357188344,-0.06102022577405728,0.6679852009831554,0.2274187638643548,-24.252958240298994,0.9117928447352974,-1.0973410904649104,7.007573115132117,0.3537735757163404,0.0,1,0.88
0.09877548368160646,-0.03492270680586218,0.7568791403187828,0.21546631507049452,-22.182672822179864,12.623645000446514,13.998950610349848,5.821417528140873,0.3651093464336208,0.0,1,0.88
0.13285944069609676,-0.08005465439653224,0.7832440176310924,0.2510408600455997,-6.486945466464034,-8.13642235783056,-8.281706939236404,4.354819834948321,0.43619396273081423,2.5,1,0.88
0.15549006922700967,-0.06831188040596765,0.8432683260096099,0.22070782484784385,-22.56477145049278,1.167673528792168,12.782902484206966,5.489940649794558,0.5621726840198247,1.2,1,0.88
0.1129018380201624,-0.03398337911125529,0.8829023743787865,0.28051133624560814,-14.308467239583168,-5.204417678111867,1.0562302084242843,3.786520535592503,0.24243666913154074,0.0,1,0.88
0.1968238463366156,-0.06666298653623115,0.6880513085164144,0.21534271153002327,-9.565941218520994,-6.3385436312786485,5.285692780267468,7.585979947775232,0.21195422059438926,0.0,1,0.88
0.12946366903653855,-0.02718569037863125,0.8362684143404697,0.34005550655416306,-17.616246012622533,6.405625355686661,-4.645081724841999,7.813191416936373,0.5355466004010956,0.0,1,0.88
0.08743995178183933,-0.029176770489220467,0.5723227921139439,0.2787397967498729,-20.00252677674778,3.5069210986311203,3.9808148893187845,2.303312155994255,0.30511561681861266,1.2,1,0.88
0.16688215252784117,-0.04084018079743773,0.530540279156908,0.19678908018396385,-24.493529577589797,-5.745182040551774,3.568289912628805,7.240449414353469,0.10079541325788685,1.2,1,0.88
0.11514983954416667,-0.049520586076389296,0.833899408211871,0.23007502260739943,-30.531325515981344,-2.5341458357776876,3.1069547873869308,4.930374169681348,0.588126891988065,2.5,1,0.88
0.12788723895512616,-0.07551855285473472,0.8874362034207636,0.16512426649474157,-22.69578650421493,0.5060478444139558,7.721251318764347,8.44701459320491,0.2763685033217673,1.2,1,0.88
0.12686008262676865,-0.08631524310663491,0.8429285970253584,0.18781762848802558,-23.38122244202205,5.467299217243661,-3.480118963221253,10.461601601519302,0.20997171866649292,0.0,1,0.88
0.15646657180186635,-0.08184673992771298,0.7090143125231636,0.1778238594570055,-15.714067559196405,-9.830953438895417,-0.8969107742049616,9.822594125605523,0.22297645701392602,1.2,1,0.88
0.12859756265093666,-0.05437713733948728,0.6069538640657042,0.2348660311842243,-27.958351319833206,-19.145690112995396,1.6917849491493646,7.046035352088953,0.4551359269470593,0.0,1,0.88
0.19769482562538754,-0.06870643234880876,0.8488082005930613,0.22022448156167135,-10.142886561196576,-4.932380368548569,8.87282866668684,0.8487654498220785,0.18567095576136486,0.0,1,0.88
0.18501090526418204,-0.08701040901335293,0.6506661481826047,0.20966494615888315,-21.584264752760483,-0.8263647469079377,-4.952517542543491,8.146433403812313,0.5683614934502771,1.2,1,0.88
0.1104155087957973,-0.032521115741936786,0.6308367682308791,0.3000200877724062,-18.413129956909398,-2.8944983460478335,9.454707565588057,2.29885722120001,0.26211204218618966,1.2,1,0.88
0.07418503187950219,-0.03406132723840502,0.814101979716441,0.1971100506209691,-24.307778233180514,-13.862710033373826,6.418149293096428,3.6614981388870182,0.1065346175322949,0.0,1,0.88
0.12175329956460987,-0.10568699142416463,0.8437663218396945,0.20394173492547957,-16.914212175961147,1.2153262557371853,15.065204133594639,8.074584229108531,0.5389300893581446,1.2,1,0.88
0.12578181761921187,-0.09525957146715222,0.70283270106242,0.25326295133733645,-20.125417877438956,-7.856067307352791,9.293638258204453,7.4421355918145995,0.531190959244258,0.0,1,0.88
0.18586905729583666,-0.06248468726468339,0.7441426701963444,0.10723540901788806,-19.948289968348526,-9.689745586400507,-0.8859103924380474,8.72642036695718,0.5554952433115825,1.2,1,0.88
0.09735512820794759,-0.05610792776907562,0.797297002635881,0.14202982051487645,-8.741994808455662,-9.574968684077447,13.999664881385197,2.4829439705539844,0.29113968186390393,0.0,1,0.88
0.18387248904860753,-0.07638362489248134,0.7830376081029553,0.25857589704935197,-24.857419182974258,-2.204566268733314,14.460638920184993,6.798904472919839,0.22691462617972333,2.5,1,0.88
0.1047646210772604,-0.1031111670713037,0.7403687598312745,0.27154884989000855,-9.252846962036394,12.834224294579656,7.332932650376828,5.555850452175281,0.33963923213145886,0.0,1,0.88
0.12371930086629401,-0.07077896173557091,0.8809468288965193,0.14296651371542907,-13.016816373489428,-2.801383397467798,-7.553858147350004,5.846664609148899,0.16211083830430414,0.0,1,0.88
0.14387635245559177,-0.07293253429474002,0.8322884541411204,0.238134466028327,-19.265834967674625,0.3026018232936332,-6.393116948820323,4.693377779649978,0.25970899246887647,0.0,1,0.88
0.15059307573111683,-0.04376521091106311,0.7864576493936282,0.20480887767283829,-8.676431018190868,8.954182320496923,1.324733256145227,10.809887939333226,0.14179936831598342,2.5,1,0.88
0.16340805944720035,0.005789069281852147,0.8238858059980813,0.2021960993669645,-10.371668658247838,-0.23179395640201356,-5.684136035374454,6.532510789679222,0.12231053744536399,1.2,1,0.88
0.15802776065952812,-0.06132328299386691,0.75885671668929,0.2382451428199536,-25.793135422620388,16.952133825138493,-5.335914219993864,5.678227057962275,0.11847234297583156,0.0,1,0.88
0.11716699945953592,-0.04810985515019623,0.8259373269220512,0.2176394631084708,-11.3490244969373,-2.6169227447322454,8.824807851497525,9.911700644596134,0.5739130558268708,0.0,1,0.88
0.1830403511862889,-0.06408655756402512,0.6560186615023486,0.2211272633529021,-18.497326852596153,11.101685086441943,15.122897053540537,8.938036175751755,0.42966643514524216,1.2,1,0.88
0.1474333295047167,-0.06224698729145221,0.8546487462551582,0.1620592989292844,-14.64517087272395,7.56397800176916,5.467806523167486,7.181238908356954,0.5769681243627469,0.0,1,0.88
0.15316293368847061,-0.03607439665419869,0.7892509485408417,0.13263184256645077,-23.4562159002649,18.206160386283532,5.651130500645798,4.982409882593245,0.28353172093818213,0.0,1,0.88
0.1738455550646486,-0.04935600156757833,0.8422680927561066,0.259272939753586,-17.84231494447555,3.5568155309152565,-4.4003555793454705,2.2020661028836654,0.5835167542958654,1.2,1,0.88
0.1179292624243681,-0.0375970578371929,0.5782465439322044,0.14596851687997936,-22.77880526934731,6.255232416085075,11.540351211060164,3.4215929558968408,0.34778450563527463,2.5,1,0.88
0.18425590530851335,-0.08213565388921205,0.7434070889053227,0.2746692275888431,-10.02078994793455,1.9324638663051275,1.2838124464514014,7.46022545108784,0.32987388532512285,1.2,1,0.88
0.17741606710342056,-0.05428473053137121,0.8331254183601222,0.26391864848442564,-27.425478323887408,5.221580161257096,3.289718466818769,6.008284453831371,0.3695309451828407,1.2,1,0.88
0.16765835538098536,-0.10070210948127122,0.8294067114707662,0.26094376975305594,-26.206951785703765,4.71606204659143,-3.2854211575875896,7.732527541062959,0.2326164770400089,1.2,1,0.88
0.14662610130047543,-0.054039663986413404,0.8488414665371671,0.2880523681826526,-22.691952429767156,8.54796939024889,-2.8824168735586158,2.638494500753074,0.467029450484568,0.0,1,0.88
0.14097412665872175,-0.08822727031829167,0.7468664715121127,0.3174263021222906,-28.25127939979799,10.330317751426593,-0.3599397935614945,6.347164495497048,0.3455637821279679,0.0,1,0.88
0.10885121790428723,-0.06221722193132893,0.7346774238584872,0.25128456855544057,-16.553520004804678,3.608372337297192,3.345803947602856,4.911703246085907,0.2132203101655408,0.0,1,0.88
0.16410356048368704,-0.04806765103659415,0.781105254924449,0.2746052719879238,-14.083541076587279,2.713453367766715,3.7004563187830297,9.62188529034218,0.23482068065251002,0.0,1,0.88
0.05389963172385942,-0.022719768585991583,0.8841080398608097,0.24808817449405282,-27.354524662088508,5.461221740513804,10.043181136011569,4.569483763047819,0.5573092946852299,0.0,1,0.88
0.1632340156795817,-0.07059623686558354,0.8509834849890093,0.19132661149687433,-18.83149189939417,2.8967418988659066,9.219755616198107,6.622391846595498,0.41503696484811603,0.0,1,0.88
0.19308475519122717,-0.05662298234187653,0.7852291877525037,0.20982388011409575,-16.32798926281404,-2.4358822520779184,-1.1503252034070552,8.557524710541093,0.5830450625200388,1.2,1,0.88
0.15771857664222302,-0.09157116067307845,0.7161014168024502,0.336189454232095,-19.299729852493005,-0.6678539846033715,6.663500775128959,5.81954146367474,0.4977874524682615,0.0,1,0.88
0.14758368980883374,-0.028021047950238624,0.8172080762564844,0.2638247725076026,-6.8147472235636535,-3.474972909725824,0.17751292997309243,7.1413329331151285,0.3242003127073706,0.0,1,0.88
0.1786094687948109,-0.0608105150293216,0.6771148141987356,0.19641024376273905,-15.978751857763356,-6.986053414820305,6.5386183110350276,3.6197677440562286,0.17135724236405306,0.0,1,0.88
0.13167336623787398,-0.05728563457936453,0.8220885544784531,0.19360359767835378,-24.494394664211857,-14.97595908114519,2.667717917613272,2.5544532412000716,0.4861752105566217,0.0,1,0.88
0.1713610937808286,-0.053307771802886046,0.776338222416805,0.15490067789027848,-7.955470520670518,4.887866792389812,6.339192727209643,8.360806107800272,0.4445046106274063,1.2,1,0.88
0.13193461948593393,-0.07130052460292295,0.7334972328812238,0.18730496214527267,-9.3653007948062,1.9536687590966824,8.292391708520277,5.698638330373297,0.11098834643673791,2.5,1,0.88
0.09338719427406475,-0.06385907765488617,0.8090110287645581,0.13888370375409184,-14.732889299120224,-2.496900194155138,18.8348292427201,4.767023907278494,0.42584668574782125,0.0,1,0.88
0.12735080592488374,-0.10324012781445935,0.6506230440636154,0.19793818774637323,-13.736937871606212,4.086735835694965,1.2630951569198725,3.8029776770852264,0.49685391634399656,1.2,1,0.88
0.09804588903222156,-0.10769792015262702,0.729213440153181,0.19938709644682595,-20.3063591458011,-9.891067676287236,1.187168048735126,5.103463499603117,0.21957769946527925,1.2,1,0.88
0.16320289540201133,-0.08371452816267055,0.8204234567916442,0.18424352142703657,-20.08562869288659,8.356835679595436,8.500008377629179,10.103018041653836,0.4261348345125502,0.0,1,0.88
0.16448405593512533,-0.04253757766334195,0.8441275875374763,0.24793091964719538,-8.239673686520511,-0.1746726093981653,5.100979076215859,11.195360148486198,0.4401822788935785,0.0,1,0.88
0.12950144210347245,-0.04033544025857687,0.7091307049316633,0.2300752873125679,-13.256393417158101,9.665349741522666,0.5228734528019694,9.541687101809796,0.34352139718150343,0.0,1,0.88
0.19462442815683936,-0.07483050359848317,0.7867373163934146,0.13980652982829322,-18.276972306417406,10.398378643423515,0.7285325841885606,7.069629177756445,0.16613706888877186,1.2,1,0.88
0.14757047656649308,-0.03164643298582998,0.728884725970794,0.23835641595266813,-20.926368114235565,0.24259097479977326,5.903649641584541,9.104768826636812,0.2121295512152452,0.0,1,0.88
0.17359711930169996,-0.008778566857366575,0.7087422000240751,0.13672858271285795,-17.83594203437464,-7.000219372779402,4.759696672811226,3.124615051747801,0.48391138065771844,0.0,1,0.88
0.13699269549414222,-0.0324825323384079,0.8569806051200543,0.27841826378556506,-25.89195651031133,-4.814300070884919,2.80180550837114,8.514571551648018,0.584018761252513,0.0,1,0.88
0.13420545531929268,-0.08780151487410251,0.7724050638688433,0.21737154940262957,-16.701087861072928,-9.628769723145057,-6.331043245794085,11.346825268170642,0.5623500791319979,1.2,1,0.88
0.12654031857968767,-0.033069034695179675,0.8955244499538451,0.21149581978327436,-19.194069976467492,-5.159316935810216,-0.44912635822020697,5.255053333019923,0.3547865954130206,0.0,1,0.88
0.10063571738892255,-0.05655795377205028,0.8813931988881419,0.12642233811500705,-15.464881535654886,11.531591227271377,4.324512476629084,2.966025274159721,0.23055437042890445,0.0,1,0.88
0.13782034195305568,-0.026373137250153902,0.8236956608486711,0.13450457778231467,-7.269969879223526,-18.579896404748315,-7.0150419059873155,10.491014637899115,0.43403014534948114,0.0,1,0.88
0.1504984621401134,-0.03680840081862066,0.61689158257769,0.14935702018225766,-9.451126881802361,-19.139878652328946,1.952510084027427,6.654089996418723,0.3204039869275883,0.0,1,0.88
0.1813349593242544,-0.08112945446231669,0.5916487344045435,0.2150804086445989,-11.830305173370352,2.356226600073834,7.873672877611253,4.268584012982287,0.49595187959640763,1.2,1,0.88
0.09247934973579766,-0.06673685903017451,0.8080802539470038,0.19511521000074586,-20.103416355320366,-14.959836185658514,8.140438959885952,4.225396586364233,0.13025578067057356,1.2,1,0.88
0.1366262185352417,-0.0635318846958493,0.68073446550932,0.2835777956735428,-12.875115175519708,3.95691281548656,12.730857611760666,2.7288134226866916,0.5514516183263936,2.5,1,0.88
0.1294661339625229,-0.0846270458056828,0.8325223242986941,0.24550843685815918,-20.082384319121658,1.6033253074708511,14.087488834368997,4.219132369364681,0.5783427463305246,0.0,1,0.88
0.14759719819519693,-0.09234675676791165,0.8279840012652584,0.2543524673361913,-22.521898265438047,4.063544628360207,4.678600469488107,5.855618756871681,0.5397467624730746,1.2,1,0.88
0.1127573151747687,-0.05694814666373298,0.7525153743584618,0.23085119636672652,-19.610368925250015,7.675388456494758,4.541070980155391,1.1126933971911228,0.3211367462048076,2.5,1,0.88
0.0969086750062414,-0.06756869580860393,0.6392994254158888,0.21820795099269175,-23.542472188810596,6.486784455702879,6.751153995977491,5.410588157436605,0.22574009750688875,0.0,1,0.88
0.11263207681390917,-0.03760508390206835,0.8071068840924909,0.20172034379935666,-11.7867658933475,1.861892461402561,7.211261710862011,4.686599990674953,0.30739123065261664,0.0,1,0.88
0.17331487157779296,-0.03675328106544695,0.8213931456086907,0.22682755858596662,-9.16085092214545,0.9866460609509963,7.6825959628428295,4.048830030239453,0.1746729524722889,1.2,1,0.88
0.15125103014787372,-0.06065456390609778,0.7482946532294266,0.22588051334133066,-31.59328674983826,8.9099001131095,-6.264848697907862,6.771907052591881,0.348873081357872,1.2,1,0.88
0.15540057418243924,-0.06930779141761403,0.7749770948751218,0.16407817481113934,-18.71364852739389,-3.3549774953338956,4.8192457095443,4.225215257145152,0.10168321703580166,2.5,1,0.88
0.143567049297414,-0.05973681674435567,0.7674315933636564,0.2775255785277853,-19.07314695357458,8.19716513685768,10.904449005462157,2.569798911407446,0.5034939741277624,1.2,1,0.88
0.1096250611240758,-0.04261581543261858,0.8551794097290375,0.2485229030049639,-23.930636462685623,9.256053582524897,-8.176088780393616,9.30936387231375,0.5028584753584537,0.0,1,0.88
0.16650802403369755,-0.09143397130806388,0.8124924157144433,0.2609892967660706,-17.239530803095107,-5.813949943732629,5.628716765659649,4.464685079433553,0.43906320051707315,1.2,1,0.88
0.14107607476028222,-0.032392237170896836,0.8323073503473816,0.1306521167786464,-14.246059431327021,0.6881667914909108,10.003263744814927,7.520343884428396,0.48208551332729677,0.0,1,0.88
0.15359844951491664,0.005096180605080991,0.7811880915177793,0.19131407451440488,-21.526115722134364,-3.089959611987991,8.108096125638097,3.3127167641523547,0.40697402834675944,1.2,1,0.88
0.16984545616286642,-0.06881443998008066,0.7755996453852173,0.2280061033831373,-24.578921403116908,-9.142393142127542,16.48548318664798,8.919240778778063,0.3198085349598745,1.2,1,0.88
0.1008340583447449,-0.07590657764006037,0.7064659085689684,0.21142925091006629,-14.101596325844879,-7.272676042989644,4.745423093473477,5.426519694585449,0.3482833754571788,0.0,1,0.88
0.19336207726424587,-0.052523198448180736,0.6710819083107471,0.2266871214990616,-23.723717399509912,8.148048409372363,-0.4628970782752928,8.021382696965944,0.1337225240886303,1.2,1,0.88
0.119719506961511,-0.08140444325572527,0.7283658039795213,0.2546441901025421,-16.101743890842783,-4.815511502776686,-1.4958786403364224,5.216017155172943,0.5858891646031902,2.5,1,0.88
0.1309610422301241,-0.056104894050680816,0.827679689643583,0.22038205429682328,-27.09017719022797,5.118322859543094,0.06344811444571441,3.848424619207898,0.41181387475893283,0.0,1,0.88
0.1326623871172408,-0.010598668595772208,0.8402995581006211,0.20449759212157698,-12.660449698493,0.10768771981180818,10.905697484598004,7.233188212094771,0.24266176313498064,0.0,1,0.88
0.11169955804509721,-0.06505360826813339,0.7518220946919609,0.22680246170957205,-25.026793064718213,5.593129461895207,9.213778587496297,6.688744307222431,0.12044684130104069,2.5,1,0.88
0.16577069351740334,-0.040286016402675755,0.7635411576933847,0.28037503770193,-27.437636053005235,1.059514434872833,3.724321760640731,6.380625321489727,0.49063687724672456,2.5,1,0.88
0.17702800392642598,-0.045988956230472236,0.7526853905107234,0.28587005848286595,-23.47413553196937,-1.8205011025306994,4.214875979315099,4.7306568162719245,0.4359513409918675,0.0,1,0.88
0.1934939743482601,-0.010223602446393212,0.8388102716813801,0.2068567551224894,-7.731045440071835,8.230029442601007,6.314135047969497,4.832413346089294,0.345645711272612,1.2,1,0.88
0.17735928386291488,-0.1191076139825718,0.8087916646325156,0.2974158852691707,-19.04662750173265,-5.1796510521838215,8.673913959898409,3.848787115279844,0.21358505521368573,0.0,1,0.88
0.2841410201311348,0.03325534890395705,0.06960147108873385,0.2176473871389834,-3.7755039416527696,38.969854429701265,-8.88824499393141,10.53193778384971,0.6175926536606335,0.0,2,0.52
0.31443238560084075,0.002114862726863518,0.014152784462713387,0.24592519380693098,-27.738891228463558,12.714804527550946,-1.7593247678995034,12.089690464306164,0.6792513667785302,0.0,2,0.52
0.30889807685642473,0.012877027228573952,0.07308067735355682,0.22506414394142082,-35.679458801478454,4.577683300012844,-7.983187974439339,10.744170161189356,0.8579328560348412,0.0,2,0.52
0.303287001613373,-0.02598617356231065,0.006745216407032391,0.18309386178241097,-4.66816225452926,34.5977004244684,8.75571367336094,18.66629699350001,0.5593997487561853,0.0,2,0.52
0.2575695677957994,0.02342339325257682,0.02493078381858074,0.18602735745262117,-5.624764126110946,-41.61711981261465,-6.031587703956386,14.58008909707934,0.8959736561481126,0.0,2,0.52
0.2668330500828546,-0.007135095498088539,0.06387842858970803,0.156904550736095,-4.863483391771757,-36.66357986899445,-7.816872654497566,15.685519786894167,0.5959717366174749,0.0,2,0.52
0.32149167413854707,0.002333705836466795,0.0564357560707687,0.19429297088207462,6.9476548318882525,-31.439028442744085,-1.5678658831312609,8.496275192487843,0.575168541332354,0.0,2,0.52
0.24461268443131598,0.010733408107149603,0.038616870290530715,0.20510482849253678,3.9215431416316386,-40.96294013164595,10.725795919608835,11.465593506871627,0.7116390100667993,0.0,2,0.52
0.27465722557152134,0.01580065135080645,0.03903325816781631,0.22928057088960763,-9.669393734025064,-37.18540372319395,6.710546031723839,6.652081606005691,0.5723713831463221,0.0,2,0.52
0.3453093125550042,-0.008943722336415334,0.09682551233291205,0.1825637300622505,-11.418547204788982,-44.82053754850362,-3.618154981552898,14.863306081378147,0.5570041925659632,0.0,2,0.52
0.28901837074235787,-0.027980670469791996,0.03635448248357153,0.20737867674928384,-35.58131049634085,1.3463762450264247,4.811114676399368,12.991862625844904,0.6507848574524917,0.0,2,0.52
0.3234725011492635,-0.022755886625369422,0.03799091888872233,0.28803695270285473,-23.13730783110544,1.7431791191764228,5.90998227111611,10.941556692786536,0.9318504719662174,0.0,2,0.52
0.37657658709359043,0.0585956703183085,0.04001220723542901,0.20968175577276357,-29.25602530358948,4.831973192933063,-2.053212766885086,12.967964910720852,0.6645633708266692,0.0,2,0.52
0.3222497124810978,-0.004110718233250758,0.08624706655391759,0.12484592195366927,11.308437328723054,45.29198556503127,6.905031683515875,16.20091136832402,0.6826715672818933,0.0,2,0.52
0.30876162174236815,0.002660958657408512,0.02612095405877495,0.17636933731996715,-35.972816732115376,-2.289365602265237,-0.03915009415963326,14.929845922864498,0.9263840098338627,0.0,2,0.52
0.2838136112575855,-0.029975543033369134,0.04052140911718382,0.16249521577133125,0.6181619839362015,34.13719556403588,-3.289387086324675,13.758053390663441,0.7739583243186319,0.0,2,0.52
0.28179462686119544,-0.008808026614745237,0.02709699814640995,0.20270685958233808,-4.78406909841307,-42.45556909842824,10.446011030495594,15.08858501614958,0.9426257357170958,0.0,2,0.52
0.32002544358821133,-0.02254538602137223,0.01540057708279531,0.2026752016494396,4.652113680165864,28.127830986958717,-0.21000103982757234,9.04336008741802,0.6095137334950841,0.0,2,0.52
0.22410606856565016,0.0020313796926328623,0.06843794193333018,0.21416364520749315,-1.5151850421687993,-28.01760798173862,1.2985689867813837,16.09130854330128,0.8273608188266826,0.0,2,0.52
0.28062404390862156,-0.025282713207865567,0.049739308187132424,0.2395643446612563,-36.29119224299607,-6.286842285840756,-2.872205035455017,15.427942791064726,0.9254602374429882,0.0,2,0.52
0.2917720197342623,-0.04087674488613256,0.018846930060384855,0.18154441403787558,-12.809599984848226,-39.318605647788964,-5.579648074362835,15.928488195233683,0.8522477080849682,0.0,2,0.52
0.3206446018074185,-0.004155655807716777,0.017322480998702847,0.13700867596396757,-32.54664596054381,-9.910471747607078,0.012549049172502429,13.032807725216161,0.9086894967254944,0.0,2,0.52
0.29617937729222005,0.02036911913090026,0.06134972024513863,0.19803120999247142,-25.430189934179417,-9.968430201363377,-12.71259516155281,9.37529925493082,0.5507415825926084,0.0,2,0.52
0.2990904818251829,0.026907286603096964,0.08064056710915632,0.15089158427661303,-33.21157587711501,18.868314241059082,-5.30409431365853,12.498478194957489,0.8790548612416585,0.0,2,0.52
0.25539825337806055,-0.04175431780114201,0.07296287394167397,0.18045875751612048,-35.22512767966919,4.083653846330007,2.277004200972483,20.81543641778563,0.8521184611008206,0.0,2,0.52
0.2773686601456597,0.005846805897934063,0.06710028757759735,0.21517953573301546,-25.759802197937624,4.531028118832993,-7.410431682802749,11.611905933380063,0.6371634486823587,0.0,2,0.52
0.3360953172975479,-0.000946941595115817,0.027964041532456303,0.19357948591633647,-27.065876969036893,6.324262641422221,-4.395646839935616,13.198933632274088,0.7070125658712859,0.0,2,0.52
0.29904277663275447,-0.030498980513658968,0.03806939688143793,0.23486457638163016,-7.98514037809225,30.31110852359437,-0.02045923070355804,10.80384883627764,0.9427072470386911,0.0,2,0.52
0.23278643101624077,-0.02103136131661796,0.026205879008120256,0.2262588539779021,-13.381056604144293,47.88526830026308,0.8827111773376256,14.410345029230411,0.7605104806781332,0.0,2,0.52
0.31151012739490436,-0.019116999968040338,0.0253909706581611,0.13069724790407888,2.6434014209471295,32.559083734237674,-7.164926921547244,19.2094498472753,0.6891107157100004,0.0,2,0.52
0.2851716687130942,-0.030419338381512034,0.034160752751562266,0.19957683253019007,-22.911020608139864,5.346082927581978,11.097970485566863,8.248040615645024,0.6240779098290071,0.0,2,0.52
0.33719625326843544,-0.020298372689356844,0.05417742539895333,0.2438103536498252,10.153271003395925,-48.89598905585238,0.4449854414004995,11.402651969629584,0.6684462259185687,0.0,2,0.52
0.3174483825377724,0.03935938893598537,0.011449742828410856,0.19218243243753905,4.739432981577249,-38.35810062411374,-6.725549365936253,16.247625910926516,0.8984804302978846,0.0,2,0.52
0.3016179195318568,0.010251917455574362,0.053990014824713974,0.15351467925049855,-34.24097527191845,-5.856738746083833,-5.208902808982443,16.792336153429495,0.7452165037601469,0.0,2,0.52
0.31220238916792237,-0.024198658188687192,0.018170841194584272,0.2147008863508019,-15.411035168455463,40.13604575412536,5.058410813594064,18.13894034868166,0.8254555740624427,0.0,2,0.52
0.3200444813712627,0.04125665837849611,0.03963842114314415,0.17075101723795352,4.063271478009237,-49.32415519730285,3.9192067635807675,27.173009390830963,0.5552127966495959,0.0,2,0.52
0.2997007362875922,-0.02677715356661045,0.045650002100198935,0.1830938723994259,6.654580444073732,45.591468197308174,3.9203448847916524,11.88682407496854,0.8813901760092866,0.0,2,0.52
0.35490765566814697,-0.03518789897154035,0.09717579055754794,0.2096620270306853,0.2643170685069421,38.49139793784593,-4.441388350504552,10.876959238899218,0.5673966474023707,0.0,2,0.52
0.31149935399825873,0.027337996096817696,0.06612400842753506,0.1798697656082882,6.575321841623682,-35.07115227372614,-3.486422153906437,20.09103877070763,0.9326315239578968,0.0,2,0.52
0.386926169703658,0.008838109080716729,0.004009046738261128,0.18451396145577265,-1.205566811694323,-45.35549320147467,-4.0147928440997696,14.233345074925879,0.5605327845855871,0.0,2,0.52
0.3213700387037055,-0.01727909522956297,0.04005041482883369,0.20619077328057864,-0.2192830167511415,38.418404754445085,13.196030523249703,22.56822569998279,0.8974862278829938,0.0,2,0.52
0.2854004621614439,0.017555495230576285,0.03881087728702952,0.16877765849789836,-3.438902344211104,-46.72935188388018,3.2973957579631907,10.750895817972504,0.7992385154927706,0.0,2,0.52
0.3085705828856856,-0.013839260122311394,0.0890713347192913,0.16911298459252722,-37.79714390356317,2.3137429810298316,-4.819109151249854,13.00200505000081,0.7725057179386814,0.0,2,0.52
0.3437504010888111,0.0012204324759668415,0.056828573019642205,0.1972279037093725,-37.43980142839746,3.5676506069405836,-3.8804988614211906,21.66252341265118,0.9117936530913132,0.0,2,0.52
0.345267687655518,0.011006811907408437,0.012803808943782203,0.2088620504262994,-34.04212397313845,-2.6886721130338183,-0.2856499543774859,18.35871640359525,0.6000970104819209,0.0,2,0.52
0.2968397617121964,0.0179282081574095,0.04011520953334211,0.19286034659372783,-34.46478125379913,2.6307701049781866,-0.4787448012622405,11.658089727920688,0.9013335711898769,0.0,2,0.52
0.2677273032374463,-0.0173305580149386,0.019278007877793255,0.17234377965069123,-31.0973216108861,-3.1879548307424375,-3.9057416669036904,12.914138868433254,0.7545941081081134,0.0,2,0.52
0.3211149307127451,0.01702458408342546,0.02548950850226714,0.1832981017659891,5.618635336061352,28.09822135528448,-3.6891659885874546,18.27735212158228,0.8314668227531679,0.0,2,0.52
0.37109714797127613,-0.010562668662761824,0.07414384511490457,0.1860071957305627,-37.96415243082086,-8.684746287343547,-1.8614983490175976,14.135097720995804,0.9445382092361388,0.0,2,0.52
0.3206798756051201,-0.02239521816830079,0.07031666639543471,0.26821370970607084,-32.027368972700934,9.581433796268074,0.5681368061877295,12.669427525911301,0.7337033848303103,0.0,2,0.52
0.27794471614473376,0.013055915671289447,0.013285555708334486,0.16233381076310463,-22.09786088676607,-5.720767775070708,-6.565035315856908,13.475832919689562,0.9277371511132964,0.0,2,0.52
0.3463586202094108,-0.01846941148148638,0.04260067986571836,0.16119249453759993,10.148097609016325,32.68497919378209,1.3888404456269554,15.771147315142365,0.8400176250307883,0.0,2,0.52
0.2260173554079164,0.00306464490201362,0.03684929049506027,0.20849773539040548,0.422474160525714,41.018687666475685,1.7400876190634242,16.831332195688987,0.9312947211644249,0.0,2,0.52
0.2599370820720908,0.038159338532736176,0.06715891054469993,0.1691732207660466,6.689275603661967,-51.223648551361904,-13.166831154310847,13.912709752111057,0.9416848002156342,0.0,2,0.52
0.29585662230249155,0.011473283613083666,0.03564481217429026,0.22365210940078506,-2.303774074645192,35.802472932626756,7.043857042501285,10.511021863215385,0.8028801636404647,0.0,2,0.52
0.300993843650128,-0.08931207727057755,0.05646202762223548,0.20740504627750864,-5.085204516142145,46.04365328888566,1.5373792674896727,11.100608562184481,0.6786474998909204,0.0,2,0.52
0.30298541352469494,0.04550267872540121,0.022753175912537105,0.2168363096501359,3.964361071369549,-49.29056606699892,2.515699833656499,11.98785658619446,0.8666393861898058,0.0,2,0.52
0.32009890884414566,-0.029353091273223476,0.023776216329943024,0.21240968869285512,-34.06371971402281,-0.9434904109598871,-0.2657842360802145,7.6161021810269585,0.6592079685744882,0.0,2,0.52
0.265589869016046,-0.006441521501089178,0.06447991632922083,0.1267690894046535,2.2317404403688017,46.57977376185794,0.20830898782204987,12.537779421066892,0.721396054260497,0.0,2,0.52
0.332017074855251,0.0014460277029162525,0.015443916635655747,0.245176112299046,-26.76410698093739,-2.2730258158283316,-5.2984057928846315,11.06942336759635,0.8286431617796748,0.0,2,0.52
0.34288740121540273,-0.0027984918390015286,0.03465968771468889,0.17649262689033493,-24.202199475186646,2.975220860266815,1.796313515475031,19.335689381710303,0.9120458538828919,0.0,2,0.52
0.3002304285192326,-0.01309363778671724,0.050467621715401804,0.17524782085542223,-4.289143381725733,-41.44587601246505,-2.2162602919307486,17.823627757991314,0.61553186689538,0.0,2,0.52
0.3093475880864396,0.007286178180334828,0.0075448017985296064,0.1690212665545776,-36.571342032558974,6.032567489248373,6.828199125363755,14.02367455173885,0.589496135413182,0.0,2,0.52
0.27595674454040264,-0.028335132795490867,0.04631976627840732,0.2091785852031865,-27.517472523351238,21.275522064433456,2.293682239607346,14.783925028126044,0.9372717987897826,0.0,2,0.52
0.2923177833793048,0.014832651562386542,0.06633015644360052,0.23159163460281415,-3.132958185657449,-28.488632235683315,3.312311905446992,13.174583743649247,0.8497787727889572,0.0,2,0.52
0.3134717169023648,-0.03693565310329971,0.03444693291736672,0.22368911666505392,-29.694376444798223,-1.4197890932097958,6.389824994463838,9.634082520549809,0.6148891150013439,0.0,2,0.52
0.2912626200879783,-0.03455748517251867,0.03929746627459876,0.16680479118037844,-7.06820414044215,38.17267522301638,-3.607573890429838,10.37616165427825,0.8888359251755749,0.0,2,0.52
0.31081689005206636,-0.020067964770112273,0.007514750946632622,0.1688746825503083,-5.6532484750309635,-44.7839639215116,8.318645377530434,12.007386797788802,0.8942616733271109,0.0,2,0.52
0.25524306459269497,0.013485240225744374,0.0886824612207151,0.23493230800858916,3.839824263420641,44.50848089521701,-4.058258631655876,17.238258411559755,0.8172847438229822,0.0,2,0.52
0.2711575403645459,-0.017757829405691712,0.07503637073015511,0.2266730413872256,-25.246536257630716,-2.8058208875662687,-3.4912770687489014,18.22286113910673,0.6293180730081119,0.0,2,0.52
0.3048950410536126,0.020770447082195144,0.01859283502434107,0.16230607661284613,-2.324963957564838,27.966863530619303,-5.723432430276457,5.84527898334604,0.8612615855169559,0.0,2,0.52
0.27488809055642816,-0.021758760416490986,0.01090307972646818,0.2386024428013237,-11.982184282696341,-29.82897902829551,-9.434906988898128,13.868495117364242,0.7227882537999666,0.0,2,0.52
0.2723730290644887,0.008517226984168649,0.03704268250835851,0.20728332452949,-35.13153884421275,3.033281539749148,7.710667270447144,19.637991814294537,0.743449073551134,0.0,2,0.52
0.29071155451705055,-0.03388081890618878,0.04224740606656966,0.2176674081266409,-37.82071371108046,1.9723528297833595,-0.03167611928829184,16.2946433775604,0.8642710372649307,0.0,2,0.52
0.2878977113605899,0.024601452781792703,0.05640610724134221,0.15883350667453802,-35.02266669374498,0.9444185953183863,3.5056489908119506,16.559909640557585,0.7811658439408721,0.0,2,0.52
0.2738715698839912,-0.026810698950073833,0.02715770839448657,0.26424336270575977,-7.5376617901032965,-33.556032963552845,6.666567059507464,19.13929403579015,0.6265329336132999,0.0,2,0.52
0.25686857609979247,-0.024265492722350377,0.02270489346186007,0.20658384303216976,-22.45987371800213,-13.919366088372527,-2.899192666188917,16.763691682124595,0.9417398174676475,0.0,2,0.52
0.316913917011959,-0.004811751800606717,0.046190872842426504,0.1459328729401228,-25.33169896848552,-3.7996311061263217,-1.3875723278927041,11.103034077958773,0.7136867318478226,0.0,2,0.52
0.2628574137634614,0.018390767626532273,0.022557142300530728,0.2210677507117125,-3.1336439868710926,-47.84608575149757,-5.566456562439262,11.101996739454126,0.9249794242960618,0.0,2,0.52
0.2847187740502351,-0.009019278960674034,0.06170096825115138,0.209889018802772,-36.97357684215624,-8.396474130868874,-0.11935534373484974,16.74808648457188,0.6676004792841689,0.0,2,0.52
0.2806197267548202,0.010909545692789305,0.025906549648440927,0.215857056871372,2.6975668532895942,26.623780909831613,-0.12538548328037888,12.829514051512295,0.6940022175245035,0.0,2,0.52
0.2783216266409722,0.0019495624125756672,0.020847073140237884,0.17139405099903457,-32.81450330411345,-8.399494076394241,15.589564513160973,6.8829040025619435,0.8652502954724506,0.0,2,0.52
0.26868237775483517,0.015513942758159614,0.056030366242956424,0.1661866687865705,-28.028080925808965,-4.51465151697803,-7.737423445544639,24.37999403432086,0.6275085716270005,0.0,2,0.52
0.2991489431159046,-0.0019925183409245147,0.005334226372988245,0.1829808579039849,-30.97455658442334,-1.724266939207006,3.5044510143977208,15.095571181637679,0.5564407913314748,0.0,2,0.52
0.2978417445574751,0.0008671153151448418,0.04894948765950935,0.2294904081322595,-8.669377533916443,-46.13358846673637,-1.6673432551907486,16.078557950153336,0.5821108732998431,0.0,2,0.52
0.2995723496907862,0.012143056230010336,0.05762255472292769,0.23783185384876593,-34.57374942534482,2.5542858732559135,3.7031979476426695,20.162687182301575,0.8891881785430812,0.0,2,0.52
0.32761038031055784,-0.010124706704047453,0.11742355109568281,0.186896244740003,4.471506651865229,-46.151100029131,1.5839449280281417,13.397804198906162,0.905484114349034,0.0,2,0.52
0.3115195109014744,0.018147248363651128,0.06234249906810914,0.1936953731549423,3.3050803745452977,49.13231574650132,2.5822199523779537,16.863147128425283,0.7259358923725555,0.0,2,0.52
0.3145587740145434,0.030262243077982684,0.021958047118360007,0.23256476568135942,-4.362122809942342,-46.86322217229729,-0.6482718256730617,10.461718093830548,0.5909524967773586,0.0,2,0.52
0.26668090325986116,0.04826847917583881,0.039958817073458525,0.18828337130279132,-29.572678765928128,-21.633010883745747,-2.2764995860463513,13.751818598188587,0.6081481636988659,0.0,2,0.52
0.24599931042677858,-0.01774706451588041,0.055085905044045494,0.2140444334109258,6.586187222156191,33.45050657223713,-1.155588282048027,12.687950419350383,0.8707466293304504,0.0,2,0.52
0.30242107084248154,-0.0012410970358544943,0.010182808141997469,0.3155690661900286,-27.87151967473615,1.7452367873662724,1.3657752207766243,22.027418959848564,0.607596006365747,0.0,2,0.52
0.31952807032159525,-0.0032882370001483738,0.027993601614076435,0.250694407262862,-36.78303470472576,4.648545467588881,7.351067552751969,19.65510522464501,0.6761389555722344,0.0,2,0.52
0.29113144400373747,-0.038397408202846685,0.0010168252210984818,0.16359244753063862,5.386936463940233,-45.501021702736736,-4.81179682455506,12.144156796338146,0.8681710189583558,0.0,2,0.52
0.3149690557035648,0.006563622527089197,0.055475313634983925,0.18672317836294103,-25.261774807003654,10.589711459443311,-0.8820938829321026,20.198869015232056,0.7366374177496224,0.0,2,0.52
0.3207156144276345,0.014299305876488961,0.03443863711068014,0.1875799624672087,-34.7107495109062,-0.6177199654526849,-0.4629598769357082,11.686207575819429,0.7532140365215498,0.0,2,0.52
0.27105467375125564,-0.03522645087401715,0.015220545534817016,0.18480543960652407,4.304628965060509,-45.52048604989629,-4.131980321246892,16.880032207649094,0.7337858658017797,0.0,2,0.52
0.3294561625210849,-0.015376177312435162,0.029639367521031697,0.191736718787208,-23.05676980155444,-1.445226271876601,2.571582172664134,11.91446387434337,0.6238514173258899,0.0,2,0.52
0.2981681989620279,0.00435050163299057,0.013284457876000137,0.21912107746573722,-36.95347926654543,8.060099051162888,-3.503748833451475,17.742713460079486,0.905626731889132,0.0,2,0.52
0.30905688190324404,-0.019209691124880066,0.0451048785540846,0.20237387178733637,9.413018688808577,-33.42167084376635,-10.036413980967719,19.08922012753816,0.6357260800497553,0.0,2,0.52
0.3042053515734471,0.009936053061566195,0.03579029319882454,0.25512105349102576,-31.874450385065167,-3.076535292454408,-2.5836950231370084,12.222383572181235,0.6256611418186648,0.0,2,0.52
0.3126928627295372,0.00934820637050525,0.05809717536388507,0.20518547736606788,-26.80974025567243,-6.77142605398439,-2.360078930807225,15.232247825518398,0.8234714179205673,0.0,2,0.52
0.2808669928838414,-0.020152737121220565,0.04694134131568926,0.21914982529160787,2.0924009911697468,-49.697695145161106,4.062973488742863,14.904941648388972,0.8444870862172065,0.0,2,0.52
0.3444139489905296,-0.009836727908116523,0.009294279932852657,0.22487480289964015,0.005003350237362754,-40.85645742945528,-2.4685576771330595,15.07449145944434,0.7829858507166068,0.0,2,0.52
0.2700454567485109,0.016448549947535373,0.034123277602847175,0.1835091738883336,-29.551198043828343,5.603583506046674,11.06622928806386,7.588764310783017,0.6748353362962748,0.0,2,0.52
0.3130138700616707,-0.009534400470132145,0.03748573832539603,0.18843130439414701,-34.82242214745738,-0.6621285283876973,3.125003003784161,17.39745092932013,0.9486450221136126,0.0,2,0.52
0.274900399685572,-0.011298606187131029,0.027009171092030333,0.21580401314453507,0.3902127177579888,-42.74904206632336,-6.794440410194201,16.11914366349054,0.6473859176641127,0.0,2,0.52
0.3385895703892141,-0.018534786789585644,0.020799509933899323,0.16836791510971283,2.1638000862400837,-28.293126995005345,0.11105147312049526,24.322318717459808,0.9399802348148782,0.0,2,0.52
0.31774916811226384,-0.012520680085306544,0.06303543254727151,0.240240365962985,12.08515889194837,36.02754680028573,3.308192508598239,14.028718512423115,0.6817863415377953,0.0,2,0.52
0.27652572221708294,-0.002522177695926006,0.026702506426645484,0.20223359112032951,0.6025736450162682,29.551341505378176,-5.6161013036542276,11.904013061527873,0.6979036680648988,0.0,2,0.52
0.31269402105991595,-0.011962326711443465,0.024506551523954614,0.1952056182880018,-0.9461982513931093,26.549159229001035,-6.200030143429668,17.917526940192133,0.5961340466440271,0.0,2,0.52
0.2959982211238846,-0.030741003094457868,0.005715445988014678,0.1498409754328591,-24.241604847465815,3.841509960576336,-4.951019868518522,16.63061083289466,0.94638792790583,0.0,2,0.52
0.3086202047248968,0.019592937285909114,0.023071839689326717,0.1761662970005235,-35.120058438946096,12.541198003691788,-1.96829036699108,12.998762922582493,0.7702544053389582,0.0,2,0.52
0.26563158048418495,0.02264139193276942,0.0038458682192233067,0.18505761276809268,0.9607348899807109,50.46661010457785,-2.3258667504175796,14.67414197754004,0.6866136350964175,0.0,2,0.52
0.3221617811454199,0.0005339220359283855,0.031556277433912726,0.21688601946852765,5.591347758006437,38.92372967058311,3.134215537239102,7.785260576413468,0.7366841211140904,0.0,2,0.52
0.3166450540433995,0.005075453733452499,0.05535811388825545,0.16096457826181912,-28.752124696161797,5.464805580528152,2.6638830458902363,11.726225735218158,0.8259530965577426,0.0,2,0.52
0.30504277726232343,0.01934599132362846,0.06530637010606741,0.23850478481712012,2.767394867332483,50.49583660202619,-0.5471829493829411,17.40309571309637,0.8216680317053155,0.0,2,0.52
0.3028642711041397,-0.015271567758417145,0.015898907725020863,0.12865296307533164,-36.65322898232569,-0.14216552781517888,-0.8803837113670508,17.572686313000915,0.6148920085983,0.0,2,0.52
0.2917272988909524,-0.02130228549634297,0.058188596582235845,0.13123058706615454,-10.485196759866925,-42.179881652155366,-0.8392458763602213,15.218122181383437,0.5854392811677704,0.0,2,0.52
0.327653982346587,0.01578371471525801,0.07586268275190589,0.18941132927090953,12.3868579007877,46.92254540203516,1.452267065037094,20.245863718527062,0.9345298480737396,0.0,2,0.52
0.2737026832651067,0.02407050185978922,0.032927177431215746,0.2706640006941545,-23.08700887603078,0.5910410118298598,-2.5201983325664123,23.901933794207178,0.6743128525102153,0.0,2,0.52
0.34092641112488165,-0.00916402714940152,0.03252043803015214,0.26327865901848047,-7.194678697751289,44.73010373778507,-6.861007999691267,19.10582599226557,0.8343942236426045,0.0,2,0.52
0.2842854430899292,0.0024296562014327508,0.05305240051966853,0.22693098886983007,-30.708845583391025,7.637297478480581,-0.14497842270670566,8.967425764231006,0.7069170341366883,0.0,2,0.52
0.2878485547736391,-0.024735897809920495,0.012618713890858835,0.22807060992950562,9.844148768752449,-45.45182108436673,-6.859024355639166,13.181961653040247,0.7664545406920107,0.0,2,0.52
0.3135754103774404,0.0011808523538117462,0.007585988515245577,0.15184558781486118,11.741425052915162,-30.35878248944045,-5.148617988430397,14.60465005340676,0.671254561244089,0.0,2,0.52
0.27752762404471143,0.08031155175137764,0.006698907279538759,0.1907119190652357,-12.453294611198354,-43.89281768306295,-1.248610751738737,17.2423054644666,0.5603317278577011,0.0,2,0.52
0.3662788840184808,0.001691976392121545,0.06178779348272473,0.2498651124799159,2.124601152157248,-43.58804340550627,0.9949036593649474,8.309955844520319,0.8210948587099749,0.0,2,0.52
0.2818669890299547,-0.012666961410027948,0.014638277677524934,0.20751843506065248,2.308108738866528,49.30300054824965,-0.09463804424256922,17.959924798386403,0.9409157374517425,0.0,2,0.52
0.2976362793416785,0.008242383126060277,0.03897753702456483,0.1696313048806813,-31.119870193547342,-5.8794709771119855,-1.481767876479996,16.37963263493724,0.874063653011756,0.0,2,0.52
0.335648331412202,-0.0056317913400311575,0.010448580644757177,0.13818968336844967,-25.65761328326312,-1.3357259382650328,-1.8755482172478686,15.219370763630861,0.6234806916927176,0.0,2,0.52
0.29319585502718093,-0.0020195639081842577,0.05311692127424888,0.273467612172754,-8.321797818134211,-47.67458479068247,-4.0950405822954705,14.124053025865752,0.9367296473347102,0.0,2,0.52
0.2750305359135978,0.021547917232451228,0.06603090883720661,0.2164659426065178,-36.25432200371142,7.461468876976008,8.340142192724446,13.764574838616317,0.5508887373318587,0.0,2,0.52
0.3434191681089997,0.009923232617776188,0.0032576432743877228,0.24928654096442457,-12.69286506162552,34.387333305186985,0.4048187826343821,21.256547774559927,0.9035299627311619,0.0,2,0.52
0.2821574668872148,0.04897799118873918,0.04240355646240257,0.19231470411028195,-29.617493952655312,0.28830686350068885,1.367418414148677,19.03600462416931,0.6474191075321107,0.0,2,0.52
0.3063515611529705,-0.03527711587826301,0.05408022362507742,0.19251230702973438,-1.2239528519496274,-39.69531055676203,-4.039000701470891,8.325908614436814,0.8296817711007325,0.0,2,0.52
0.3345705827421535,0.005875305751681658,0.07349998283999147,0.20333346613758133,-26.753364851908156,2.6393074384864468,-1.7597703255300483,14.865241313182148,0.8388697485657532,0.0,2,0.52
0.31308931291926895,-0.015404523968873679,0.04070292342995342,0.1725171920796055,-14.457900171378874,49.52463837903931,-0.1134789030414863,24.752792448363486,0.8890810420150798,0.0,2,0.52
0.31546715210644805,-0.011123805496349419,0.040420498370411104,0.22169204136201415,-23.51541867644864,-18.589730189717887,-0.5473617755535023,16.7458697141401,0.5694047607576719,0.0,2,0.52
0.2845816902229913,-0.02120288350664461,0.08314671779252308,0.2436344237981991,-0.24272859595700363,43.27649284047588,0.9564968927141206,21.361951045151113,0.9243889500606941,0.0,2,0.52
0.3727319997199314,-0.013116470771085494,0.016590406813286867,0.16297073104546042,-24.577103557784326,9.608052230096591,1.0994831312551543,11.020438334784453,0.7689304309213472,0.0,2,0.52
0.2636735278610207,0.00227733787459583,0.0078892818555496,0.19913750640981742,-23.051680562659676,-3.1377702964358005,4.095587780411327,19.20872505042545,0.8388184292726539,0.0,2,0.52
0.252080239784318,-0.02547355258868679,0.007293359429782604,0.24307744285439192,-4.505065305407138,33.905195865772626,4.893333401602401,10.9107438381804,0.6890501768663296,0.0,2,0.52
0.30355694894138846,0.001156179335767434,0.026369781859039383,0.2388601930283378,-0.9298772392219835,48.24909450867975,-1.6037779025763497,13.885371198087851,0.9483861215283547,0.0,2,0.52
0.31235878038312703,0.017348553826939218,0.02083616882149837,0.17595316241547063,-30.82270444507519,-10.347285494010523,2.2868378823949644,4.560402543267072,0.6291672125402376,0.0,2,0.52
0.3109935541432576,0.03789061488158731,0.032461356468502504,0.21767300907717257,-34.80756213922848,-3.1876525625844025,-2.911510657149798,12.311517857962139,0.6702714783134446,0.0,2,0.52
0.27855413058078465,-0.007594246354356582,0.02777686386044173,0.1792124571929568,-0.26248177211615753,-45.506739359605554,0.3084267378019878,14.99783385044538,0.7190760161471235,0.0,2,0.52
0.37129570614037133,0.016463683089146176,0.020427889731916,0.2415015197092781,-25.03863149317474,-0.28269768745455437,6.2052672175694745,18.01472262249556,0.8823281939505399,0.0,2,0.52
0.28731886544060353,-0.026421508675324352,0.005524208905686506,0.18625598305766028,-4.7957495247149575,28.23160431028608,-0.3220712433387271,14.907429797481667,0.753534663886654,0.0,2,0.52
0.2740927017703436,0.03640477500699543,0.036219083782222154,0.1637193606881648,-34.18286679022454,-12.94088253387428,-5.048723390519942,15.046324461514633,0.764915274482358,0.0,2,0.52
0.2752207090767553,0.019405102306573132,0.0398625980644057,0.2405008253924124,-35.08072723638706,11.008315163185543,6.778343291136445,19.178256724628216,0.6900123469765534,0.0,2,0.52
0.33126157254209554,0.02545329855156319,0.0515081901468728,0.27123663856824687,-6.275758984822218,28.635294994321523,2.305832465904266,16.277144339355228,0.6105879212211971,0.0,2,0.52
0.2570544113799691,0.014757758847366053,0.02079319251299308,0.18823759538202034,-27.452226758696106,1.653288519886629,0.622521617275916,12.214283218677192,0.683494121602812,0.0,2,0.52
0.2649928182292425,0.0819890066586784,0.018247384462774283,0.18792701359672315,-7.20946064571147,48.40375624175527,-8.813158451529363,9.54499544677947,0.7073992342328878,0.0,2,0.52
0.3098377206135707,-0.01612554075956328,0.0989152333245085,0.21418443726954325,-14.021699361058392,-36.58792082232872,5.126653091776801,10.429981797865583,0.5980052835893869,0.0,2,0.52
0.3072104762022121,-0.015546158734637059,0.03659992699525195,0.25127803519718633,-24.327555308507378,11.383238262824303,-3.8366039835165067,19.091221232931687,0.6478696031475828,0.0,2,0.52
0.31044445616632566,0.04760367322537858,0.021816100441849395,0.2292932037706669,-9.139359853517414,39.60827814739152,-4.404255906232604,6.9995366974390585,0.7217807969715948,0.0,2,0.52
0.3043406152385361,0.01463379774592826,0.05760699789166704,0.2234360220366423,-1.0697341573493986,-47.613786329880774,-2.916576139209427,8.461214963080304,0.7321627681906088,0.0,2,0.52
0.346563316333644,0.002530112744049803,0.03543181281380355,0.17405157562520834,-5.783329135904642,-49.96062724780076,6.254468943458954,14.16651642659045,0.6238537179236334,0.0,2,0.52
0.28461349291314636,0.013906698172037754,0.03710043984379598,0.18370462707748725,-30.316816171635985,-15.406922200321361,5.180946725483589,8.585156594314522,0.5924057423689874,0.0,2,0.52
0.33952390683313494,0.0017009209565717052,0.010268845059433917,0.1812778339196755,-36.657734744477466,12.478665176145089,4.963787332712209,10.509642896155569,0.8020834507116339,0.0,2,0.52
0.2624304080126818,0.018739516700282077,0.032891839517488156,0.10170398928184608,2.9838771426875645,42.92790252988335,-4.312706223480485,18.334701235399752,0.8770594406342356,0.0,2,0.52
0.3191551314375909,0.017844171401783487,0.03215557335973871,0.21342621150202387,-4.841495166878237,-31.324234282059237,5.676582112685407,11.823347127663581,0.6657682638976742,0.0,2,0.52
0.34256412006823006,0.01537473303180438,0.08462576801333827,0.19467486304967144,5.353890460237895,51.107143268621925,2.086642205278776,8.647286309987033,0.7769737457733014,0.0,2,0.52
0.304596406016204,-0.026350396677790388,0.06556124651356175,0.2585675005099843,-23.287595325231536,-0.44684734822300426,-1.9762916848951533,9.105100035790366,0.8103285210804902,0.0,2,0.52
0.31163890270047195,0.006700650785483901,0.09250452699191543,0.2077270213553258,-26.290132358030128,0.46983804870520146,5.1451361042337185,14.75215654972929,0.7338887375911318,0.0,2,0.52
0.31289425172990976,0.001571319505726594,0.02118830259080606,0.2159840011015381,-24.818328743301123,3.5110946176703766,-0.1927775365979931,17.19973675431035,0.6600390047899563,0.0,2,0.52
0.21454265512640253,-0.0196460388866373,0.027010993091585573,0.22487931512367906,-37.83830716279399,-16.025707908425115,2.184183913596452,19.139103585952377,0.834220823379139,0.0,2,0.52
0.3100978249950377,0.012430545676093249,0.03705693139032372,0.19499838147696966,-0.5497847061853351,-28.56990478338341,4.43290282369864,16.90413923518571,0.709600271442868,0.0,2,0.52
0.2955976628131549,-0.024708612682883626,0.020069734930804932,0.20153688715905688,3.3793627642403044,36.75272877974131,0.2118560480696653,16.044784174821533,0.6664190980526951,0.0,2,0.52
0.24925636906399778,-0.007354190430492282,0.03788524731431952,0.18251697214989013,-10.657215496464739,45.50952923759225,0.9121759164916761,17.754276480618902,0.5706545550504876,0.0,2,0.52
0.30411097726952346,-0.01830478857275529,0.02450531594705939,0.22357408960092853,-5.738006069256202,51.89050795354703,-4.797015359059026,14.56375495650034,0.878218887305233,0.0,2,0.52
0.30142495237056766,0.019701155043173595,0.0484859810166245,0.24707877116207477,-3.0057897488072394,49.86650894861977,0.31586430551308087,17.701203319467346,0.7499776343892369,0.0,2,0.52
0.29336753646153374,-0.018836617705006258,0.04331901380601236,0.21114223121465975,-5.889682522425313,-42.52430669834403,4.841563985662348,11.022259789754212,0.6832818810710838,0.0,2,0.52
0.3177757161972798,0.011998486143739209,0.09020022676287931,0.21947977104412683,6.755777669772259,-51.36642199392345,-1.2007363276973828,17.08855993097787,0.8147226785020361,0.0,2,0.52
0.27148431464911255,-0.0053502360127368025,0.05613631050411816,0.23400013930126595,-12.180098143479942,33.62046289236134,3.213615936663756,9.562337136699748,0.6730591230827303,0.0,2,0.52
0.3092955342135076,0.004021406244670268,0.050849946025302045,0.19763233268304953,0.5322214986464306,-34.409148467133896,9.434546429561482,13.133908295067139,0.8353595387063393,0.0,2,0.52
0.286652091013007,0.00529289026571681,0.08677709459958864,0.1492214705212393,-5.869928423951306,36.21639098175819,-7.99056340537687,9.564515393611275,0.726969773966341,0.0,2,0.52
0.29841795568300417,0.023660578575167564,0.021426762259914942,0.2326365314997806,-5.9802712295050435,42.14239084633917,3.138987815950343,15.960871097330612,0.5952941542069102,0.0,2,0.52
0.2942368882043385,0.0069909397232918915,0.0739664235330481,0.19652130641352586,3.457009529798242,38.53826265619331,6.511097293433473,14.44285964550788,0.7516961720493037,0.0,2,0.52
0.24606473959353303,-0.013543522340574085,0.022276184202254707,0.20144644680831583,-22.908762353582077,2.2331140092296278,3.1737095342430695,15.933983971688367,0.7455046858728901,0.0,2,0.52
0.25643260147244534,-0.034907522054004804,0.016860227050939355,0.21757078254934306,-2.4476624871088903,32.6929601530006,5.808746191281207,11.652322392402995,0.6885922439312978,0.0,2,0.52
0.2819886139748854,0.004349530282328751,0.03807322337015837,0.21868150017470067,-31.253979166799496,1.8993312390221586,5.082447440084856,15.56999899114401,0.7074902340943598,0.0,2,0.52
0.2761377932900861,0.04587779445131728,0.02845388530771581,0.21277849184253628,-31.976976349979378,-13.578369193501857,-0.8053404288679544,15.488871748765826,0.8011169912801361,0.0,2,0.52
0.3034866686943979,-0.03248201355956076,0.07212307466994287,0.23187392491315434,-3.953793563303649,30.345351566178753,-2.5551306342429365,13.032291476910256,0.6148556475697212,0.0,2,0.52
0.295926214735822,-0.02706253172845714,0.014217921384819364,0.23227169836465483,-37.90730391351093,-11.326546530222615,6.370911680850093,9.6466132755879,0.9046022545573066,0.0,2,0.52
0.30997715493493716,-0.01317803562275969,0.0384085017361698,0.25429339413360114,-4.7346731657657735,49.16223380849104,5.098842664987007,7.389336251742939,0.7763874894549377,0.0,2,0.52
0.3645771910058368,0.034651885320525634,0.05995036909795834,0.21722712740550018,-5.604484085039864,-40.15506113250649,-0.5937773037857288,13.296909545182501,0.648529613644748,0.0,2,0.52
0.3342333954063532,-0.011552397102665866,0.05020844314372841,0.19937842893842,-23.51859718251222,8.243240972039157,10.289922092434928,20.867158578606144,0.5694867039948024,0.0,2,0.52
0.294795225602168,0.019074264849990627,0.014545387953500931,0.30701623431061487,-35.63660764615827,7.710500323130609,-0.8027564161037742,16.541508086562548,0.6826301221533729,0.0,2,0.52
0.27763194313698925,0.0400494273785156,0.015507072022575464,0.22958334038451167,-37.79243214070325,-5.254826744127206,-9.571925011773805,19.372628937215918,0.7419777019815261,0.0,2,0.52
0.28159937268477053,0.011404062196728513,0.04004435029451556,0.18157767886172965,-28.490525358137727,-13.892094874336847,1.5290126099356147,16.84342752432483,0.6875608050626161,0.0,2,0.52
0.2922378398948359,-0.0052569736269065135,0.043170894957122535,0.18224078078801623,-2.847871184310948,-44.8214727972301,-7.017439305600259,17.35221504731114,0.8955140546180791,0.0,2,0.52
0.2722809596809731,0.007134489015365199,0.04393317529080066,0.21542743706721992,-28.874405260052836,8.230946517726796,-1.5189280053119711,15.439479490242094,0.7382475697177981,0.0,2,0.52
0.2887933357418953,-0.007710567494097297,0.0206115625602423,0.2281244928554658,0.7131207352286262,35.01023170923552,-1.091201877368903,18.30207138105207,0.8923361375492646,0.0,2,0.52
0.3713787302982195,0.011194316097409182,0.04160250360100753,0.1958998660952126,-37.87746831153559,7.743607092698948,1.2757179945723576,13.469912892017279,0.5996240655401034,0.0,2,0.52
0.3460358835867045,0.019349085768743154,0.07587120529570657,0.20341342420365674,-28.655505912909916,-8.85922836455851,-2.1858762669377683,16.697819951230834,0.7149635203046464,0.0,2,0.52
0.30118440333922253,-0.0237122999326044,0.034196774559863495,0.22523781658986256,-0.22055049026822132,-26.890475829252477,-1.825347329338444,11.353292992413003,0.8555529812006151,0.0,2,0.52
0.3119738042386563,0.00195973411950844,0.011856915300321336,0.22478123437454994,-30.372226154031274,-1.5737634028055576,4.576591577121886,19.23760359271545,0.7222134424935841,0.0,2,0.52
0.30433143251952577,-0.04040986341049096,0.016562330980758638,0.2577574705479025,-29.15326693037185,5.165048537408349,3.1223256641693418,16.17282748431532,0.6424052668145798,0.0,2,0.52
0.3430360013028305,-0.008052847177925197,0.01703015261517197,0.24735216866310733,-3.5884764329309817,-41.79360619024932,10.017550545912695,12.14313529823717,0.8021894310566251,0.0,2,0.52
0.288643535989748,0.030560724499829033,0.06596033441067131,0.22059021981833982,-30.2682848135845,-2.2339752224576173,-2.8558722818998494,12.515919733594618,0.7554772768530955,0.0,2,0.52
0.26720123676921054,-0.012267750436258038,0.02615166111510292,0.16554747696828742,-23.331310584683848,-2.412042689797547,-0.6819086591051798,10.917592363775439,0.9106807498864662,0.0,2,0.52
0.29800088273454867,-0.009495727628732575,0.017047299410566683,0.19992980226302373,1.5053536762216826,26.463419768762392,5.3493420427007266,15.78025122195453,0.6514343881891922,0.0,2,0.52
0.29473154684607017,0.0067164902393803405,0.028651629188001522,0.2108299590476883,-37.47952388341609,-1.7779951326074086,4.525383657685542,9.339499601369976,0.6440504170432076,0.0,2,0.52
0.30822133811534436,0.009600539988078742,0.030091992496879966,0.19504014208446607,-28.870632034163158,-0.3093181974338258,-2.336428006011036,18.234658401093554,0.6984195063177133,0.0,2,0.52
0.2769430386509434,0.009726379246595643,0.09996802683083696,0.20794907742840268,-11.23311344319657,-32.79198600674518,3.4996193039411505,17.202950648431592,0.7837324540234012,0.0,2,0.52
0.2886277256401793,0.04456530057260747,0.06389426285544264,0.26440738631879657,-25.62489396773796,-4.158168378902168,5.3103100886246954,9.962237185755438,0.6008142176002291,0.0,2,0.52
0.3310914299349762,0.01054917202216793,0.03611062083365996,0.21979038816359164,2.290736335010104,40.414797247551675,-4.019596275663196,15.975388433950938,0.6687605788900897,0.0,2,0.52
0.33481529388430303,0.015449480240540981,0.07283211555972889,0.19304572326053826,-6.92493921726671,-48.408234268421495,5.131736952626306,10.632685190608772,0.6420437901818308,0.0,2,0.52
0.3025333320753832,-0.008966478759048968,0.027845237370957676,0.17153172877951572,-3.1165210445371474,-38.80300022477797,-4.083907391302767,12.433329815012389,0.597745123750605,0.0,2,0.52
0.37574911190419935,0.00903644315065589,0.0185265019444303,0.23553019192769584,-8.420384415496887,-51.11357196970088,4.697618632395861,13.755154215163024,0.919675650407606,0.0,2,0.52
0.26229505667804615,0.0018706026384253548,0.01614788058340442,0.22096449882120506,-7.89035702059238,42.365535341523,3.7963867849905557,16.194524731397205,0.6912298750439337,0.0,2,0.52
0.2859254946858454,0.015222826253055006,0.04044151801509898,0.2156387937092737,-27.582113950355236,-5.16243521252935,-1.6616353583018268,18.295577414803066,0.9247453053140076,0.0,2,0.52
0.2773734613123036,-0.013800284648372789,0.07046973358147131,0.19925581177391055,-34.20491055448454,-7.693497920703413,-1.1175387574852933,18.842803114804266,0.9417761967325271,0.0,2,0.52
0.31511606436848305,-0.009741388239557877,0.08216575398861894,0.17636334271838863,0.6102567383579991,-40.64243178002628,8.748373511788719,23.51594613932286,0.7367385757517801,0.0,2,0.52
0.3405101555859161,0.018220552939631054,0.007066433233489808,0.19815529577019445,-23.166842929304554,2.973338356997794,3.8593030657171843,13.988035621259947,0.8927330087477473,0.0,2,0.52
0.32506989564927385,-0.023624409348273052,0.03893851884803992,0.2272692866593073,-11.916811526538112,30.360431014468652,-3.3946527233377504,16.347456208800512,0.9471418333862126,0.0,2,0.52
0.3123571620632458,0.05043048861461572,0.04437232386424089,0.1151383065954114,1.3986431088404325,-27.850406455834555,-0.17101182732108616,23.546591609557495,0.8303906804250092,0.0,2,0.52
0.2768385590411019,0.004778139128137861,0.08237359340654687,0.2068536901497777,-2.0399466647703655,-44.7270694723948,-4.370773472788108,15.604142923880698,0.7877100459945157,0.0,2,0.52
0.3086783073192308,-0.041609782302358726,0.07355833336497065,0.2134326847981747,-29.194465232664236,-3.2022852192994704,-0.21913408372868023,9.435716450427527,0.9442097015129423,0.0,2,0.52
0.2802994470516095,-0.037509104776129176,0.009530687264868366,0.16328073738647864,1.2588205397313401,46.0237913207145,10.922495330886315,18.079660217609412,0.852604240400431,0.0,2,0.52
0.31065879884238046,-0.008745720195602815,0.05483796902275015,0.19920471257600347,5.1105948127006995,28.360104873755503,2.1601673872900466,13.726643243755554,0.6916941372783566,0.0,2,0.52
0.26650241912663897,-0.02185512985398906,0.04012180074163069,0.1361042422317454,-1.7208757099789702,-51.140363692905886,-8.65892565624904,13.458995887645543,0.6738076459315154,0.0,2,0.52
0.2974613155550477,0.014591807835601172,0.06429210759329268,0.1270795735794562,-10.19232722655962,-27.85632471963987,-1.0050806791516733,15.306991355586222,0.7765635931871682,0.0,2,0.52
0.3042291013834229,0.007935377176739514,0.08824774776439642,0.2746241912038048,-30.649137550672812,2.1366663649409907,-5.348887667970344,12.067532455278082,0.8026633250223769,0.0,2,0.52
0.27682831703892313,-0.001995540669579318,0.01644460964911874,0.17781861590681478,2.772321769982497,-42.9487961054043,3.6079472982251226,14.814628611261563,0.73767138556532,0.0,2,0.52
0.3622778417237091,-0.023101706235962603,0.02466339544596473,0.13882360517518585,2.9532475578203154,30.2482281571204,7.665146169247623,16.643477980535103,0.8901052044620452,0.0,2,0.52
0.29899342697130826,-0.018099673732457286,0.1062629142322805,0.208292783024416,-37.41366041889394,14.487681206607633,0.017279806023228282,25.708242124830388,0.8544973838511163,0.0,2,0.52
0.31888494672242623,-0.009360047254154801,0.07110721763427394,0.27775553853677826,-30.664165997995312,-2.903448849808124,-3.368233295553206,25.25510148932331,0.6949874277416203,0.0,2,0.52
0.2791857126241145,-0.00016437801958440947,0.054465643542509136,0.1781968330555544,4.450451160393542,-43.190642489756804,-13.925561305192138,17.243196791882475,0.9376668800623567,0.0,2,0.52
0.30297952012591683,0.005434321697691475,0.06071512849992752,0.13806590621070539,-28.218957696427342,20.90253166388971,-4.3701033701279055,14.873700554550306,0.81236522009971,0.0,2,0.52
0.27609784590836406,-0.008934778966742012,0.04633175644715804,0.16090407020557446,-5.02636420447012,47.457732686503775,0.5422521824039858,12.1689062951567,0.6745125447466018,0.0,2,0.52
0.293037125702467,-0.013339610382238284,0.011963509657777639,0.16691795116332886,-22.918699644430028,-10.328864300116962,-3.518936671331549,11.177631585442931,0.7370634440109284,0.0,2,0.52
0.29406430713522125,-0.010826597446023224,0.020571216035650357,0.17439497578744392,-35.37476282181818,-7.36044506993577,7.829372737961819,19.665607592439184,0.5663977256307556,0.0,2,0.52
0.2368579486205062,0.02509007719681426,0.04704094085169587,0.21960562121556368,-0.5339185897559642,-27.651396169599735,0.6036752205028586,9.869520873903166,0.5647418608339961,0.0,2,0.52
0.2776911962777554,0.001466833748267427,0.06078610249824545,0.1854146397815573,-35.82364989166888,2.3570270189835636,4.503640441609851,16.620966668810382,0.7385822123404542,0.0,2,0.52
0.38281674858819936,-0.008528923046382923,0.002864656796583594,0.20813970811850743,1.5461248702368975,46.863858707282006,-0.8034094724324491,16.828575410650668,0.755085031865676,0.0,2,0.52
0.2895497944135551,-0.04648781279423246,0.05498043343112871,0.12497365484798906,0.35144939750631343,-34.406559158648655,0.5113198940213808,7.082489535516685,0.9483714282212969,0.0,2,0.52
0.2384490402500598,-0.015385002729886781,0.028563147063462104,0.23813512096621936,-29.098293108803396,-4.53615550925684,1.1682130987217854,17.71483081792765,0.6029857602692765,0.0,2,0.52
0.29989798629682535,-0.010557824314673126,0.015386065016219636,0.18457189153146075,-8.648791206616474,-48.99820345862152,9.966712523570717,17.30768892352372,0.7972099112944613,0.0,2,0.52
0.25222007491153736,0.012672763300150887,0.028717612079223853,0.24349439526432426,-14.0124743356718,51.919694941579124,-2.6478200138115153,10.07896455503532,0.9385133538014354,0.0,2,0.52
0.30578008968441245,0.019785374781448744,0.009229945823290073,0.16564931033010782,-2.8876933342908218,-36.10576359741365,0.6416304202920082,13.159054651091731,0.5911270776916404,0.0,2,0.52
0.35755403299589295,-0.0070099860991033516,0.0366061772439584,0.23728010015379786,1.0932229806980431,42.43051251728491,-3.8671462352739967,8.802957198275463,0.6876835095490629,0.0,2,0.52
0.2684225646656183,-0.029964599063370925,0.05286988654313546,0.15596452295729551,-33.116558334809895,9.482007290072481,-0.9477281438416167,9.412445729928118,0.660689970640245,0.0,2,0.52
0.3406169938783685,-0.00852920056833245,0.01625219506228524,0.24303565400164706,-30.129649276155398,-4.558847217245723,-1.0983463429197868,11.415448453847665,0.7958867700009384,0.0,2,0.52
0.3446283886351312,-0.03466585319525308,0.05070564054407256,0.16974773092530604,-30.763965202614507,13.758196216254243,0.5018825096138214,16.904804800688417,0.8640715098549369,0.0,2,0.52
0.36434495765257113,-0.041505933491378405,0.041894745646179794,0.18581106350457235,2.0439685198748796,38.5392287112577,-0.35837078957039303,17.13794994605828,0.6224294812000652,0.0,2,0.52
0.3198782156002561,-0.021761548968197993,0.008951311138043436,0.18370247699455347,8.962358844923191,-34.7372007843648,6.9682494148901455,19.58998860148526,0.8882687385526913,0.0,2,0.52
0.30219794602125666,0.004557816583738895,0.011240643708932277,0.22356801161526385,8.81287484143215,38.82359922369376,-1.5538567022163627,8.107138763095385,0.5858878729875284,0.0,2,0.52
0.27527312389881553,-0.0015845755455361691,0.013851915925565093,0.2183582502585723,-0.6032161746746196,-32.16100486989566,-1.0770845232461947,11.184380703020388,0.6041103952901502,0.0,2,0.52
0.28254434871401496,0.023359064607713035,0.02352019616291611,0.18128403279606764,-35.263944211095556,-8.414922323202498,-0.8475261236961102,16.332274019251066,0.771874835358156,0.0,2,0.52
0.27852634075880855,-0.018118136635982447,0.05028849816952546,0.20307684225914843,-5.944357275886506,-48.04679834102854,2.1625688584900598,19.20445739795639,0.5778059768207052,0.0,2,0.52
0.3048876150843438,-0.004428549855269024,0.02348743450565019,0.18175333289583329,-1.4631109272868472,-40.94384167860237,-4.794273780497599,9.1363442271913,0.6507929566380661,0.0,2,0.52
0.34756999845564807,0.03248889223601622,0.0039756147566063086,0.15226607318772237,-2.9378074754817805,-32.63074888871749,2.0500030776021125,10.117061731777493,0.5644728230141074,0.0,2,0.52
0.335552287996751,0.006910164896838862,0.028343396374094717,0.27233203484356255,-0.16812109459705418,35.41115842604114,-1.9107534527267207,15.627216443398463,0.8961129208334457,0.0,2,0.52
0.36380000613146934,-0.06339574816119528,0.03791407314799036,0.2095582161347525,3.1019447376885383,-43.39771612006223,10.074376233734279,17.039065538803165,0.5918982835755927,0.0,2,0.52
0.319078646004614,0.00873214511177205,0.04485690108419434,0.2011405680080018,-33.43993365774789,1.9017792073628457,-4.523846271179165,13.437707545666237,0.6303923728179143,0.0,2,0.52
0.27349607068801435,0.014698198806013793,0.050433863405593096,0.18949823159835044,-31.983874541921207,-10.657198562315529,-1.5496211071011499,5.979958207657187,0.8128177096290804,0.0,2,0.52
0.2984006084772245,-0.0037191840234138992,0.04571438524553212,0.2679300126540252,10.59431636648061,39.116650889480496,-2.0205408658007915,8.885329271635825,0.7485216804219242,0.0,2,0.52
0.33522639077015715,0.016741751073047702,0.03467764600384858,0.25214460524350696,-35.68401722811231,-3.017207301283309,9.37318427836156,14.85417763199785,0.645587681586396,0.0,2,0.52
0.27587624826180124,-0.01630352407320132,0.012106390505504595,0.16831791721776612,2.313038261824653,-27.05418613061194,-2.2237492262846805,15.280580580411403,0.5808623306158762,0.0,2,0.52
0.2694276728804038,-0.006444853757562037,0.01870284881292453,0.2579156363236031,-1.5359482790335348,33.768050279710096,-2.1546853286574215,23.17289503853616,0.6172009203453521,0.0,2,0.52
0.35305892288939184,0.0074253641123086115,0.0296008798289403,0.2006335070729688,-34.029134610963595,6.32493347298134,-4.338505172165453,18.802898749533842,0.5587489887415712,0.0,2,0.52
0.2325584707515933,0.0008953611012375479,0.07732650764490062,0.19461439679190384,-0.22898576477570814,43.304652289069125,-2.054972024094135,19.53698823854785,0.7722809262781086,0.0,2,0.52
0.25563530244830324,0.026200824133136073,0.07984217456523351,0.14656878917710753,8.751175566401608,38.561411050156224,-2.8994936233071127,16.953638988083412,0.7003344045276957,0.0,2,0.52
0.30218504871610014,0.002042508166766413,0.019365758520384357,0.12312983025752701,-23.676493828696643,6.839193594582374,-1.315471178659301,18.093593981981595,0.7162243772863655,0.0,2,0.52
0.2701544375640815,0.0020665298603928834,0.07522935367935302,0.16485937875451107,-3.3803944893526183,36.323410140821004,3.06798910898517,14.037133996392445,0.7034905960630006,0.0,2,0.52
0.26545469958789253,-0.0006910601187736715,0.0593423925953298,0.2385329168077547,-11.00561282073636,-35.10603123142948,6.2071843693991315,20.9546476710323,0.6807258409522522,0.0,2,0.52
0.31784952852477544,0.02894670393241698,0.03678090628095032,0.1738650034733547,-1.5024422221700666,44.055312786962965,-1.0091323286800449,23.32218132638085,0.6162546951874146,0.0,2,0.52
0.30784054311765097,0.02028949419366307,0.03112555067063529,0.22520338099606008,-27.406444538466193,-0.5766454301512228,0.5359352178045164,19.136973172918086,0.7715684194943453,0.0,2,0.52
0.3409000205632219,-0.05312476750553652,0.05214923765039151,0.19632935615420705,8.736811749319163,-31.72208257624959,-7.704597512592166,12.545673244399538,0.7567359655121721,0.0,2,0.52
0.3023816828277238,-0.012990562175930295,0.020162254734847042,0.19275789891068795,-30.22297533577597,9.964804770982939,4.33320917142457,19.57744203327097,0.6794926972227535,0.0,2,0.52
0.2538199788822733,-0.007496303813946915,0.03919424237214039,0.2132925747498104,5.480818585299153,44.90997010533136,0.39663855471437587,14.914290902075651,0.615276183754653,0.0,2,0.52
0.2633829245876075,-0.03235922116090296,0.016630598323530525,0.23306835993472585,-23.64654782795528,16.1206669299146,-1.370926668741959,8.88783836796258,0.9151862836743383,0.0,2,0.52
0.27106423220150044,-0.0005666414410009347,0.02509285285772855,0.1577657743860923,-22.18055342356157,8.23050659230453,-3.47334093880301,17.126461368249856,0.9258002999250051,0.0,2,0.52
0.31286365403056643,0.015870752688050313,0.061443718998665686,0.22602211487371235,-35.42292270539512,-0.8706069578599053,4.253619172337139,12.791723675761814,0.6236476571846485,0.0,2,0.52
0.33457420451781233,0.0036927716070290135,0.01027890510779472,0.16551033908774182,-27.716554323646893,-10.232802970088173,6.598461789629439,15.04014576991888,0.6645185652208309,0.0,2,0.52
0.2756136646247586,-0.02739060978769658,0.09795609210614503,0.17716252671920207,-36.84435165830083,-0.6778606896605449,7.745463725112433,10.13227797215943,0.8315059660803203,0.0,2,0.52
0.3118909909400245,-0.010416087938820191,0.06774072648614043,0.1909173933742515,-11.994945662254228,-49.68056323034312,-0.8071325617874185,15.950540290828851,0.8534323962437091,0.0,2,0.52
0.296422799690291,-0.025353563913019257,0.02324232657542606,0.1882437592631484,-27.19194172259283,0.8353055895352043,-4.811772744316628,16.534159815377812,0.7425547607661954,0.0,2,0.52
0.2919735301773776,0.012804956199080961,0.04054014567445258,0.24091900189090082,4.587113451096329,-27.382474801487653,3.115173769956968,9.292304785990726,0.801690751492923,0.0,2,0.52
0.3548592667123045,0.004082064511101085,0.027604138002636138,0.21663365422698125,2.9060387353850263,49.86974352137125,4.91487429454472,9.112835149992016,0.6203866569782257,0.0,2,0.52
0.22807751478446306,0.009103371477588024,0.03140503238909425,0.20682609453538808,-5.430714118505161,-44.28412004604937,-3.0206196434937698,13.710332049269361,0.8175130897653089,0.0,2,0.52
0.36988590262475773,-0.02668573001317615,0.01306910785029334,0.15842626339548843,-33.7461000060928,6.02014883772814,1.1665221374592578,11.752433878464007,0.7324727284628432,0.0,2,0.52
0.2953965434267658,0.04824105255767542,0.03967045874085746,0.1819041469701788,3.5308668690757523,-43.88261945896969,-2.4667261642472713,18.170434519100507,0.681620545168103,0.0,2,0.52
0.3115891201813842,6.164474253447607e-05,0.07481710798582851,0.17483081114487714,-25.61828205069245,15.625791963997434,3.9640965092301794,17.816733141660535,0.6352735181890952,0.0,2,0.52
0.3275597649959327,-0.03605397357616711,0.05625251341394454,0.23008811775263527,-32.44780942765469,5.813821721654895,3.482514984162685,16.477231130387516,0.6260231217884717,0.0,2,0.52
0.3094700278603321,-0.025709722159155794,0.016408833047984427,0.08271277671408185,-36.564198382944504,-5.822764687948763,9.86636251883467,12.966177506451285,0.8042360412015466,0.0,2,0.52
0.22918164736879915,0.03976393094091405,0.028832720040836264,0.18381296934734973,-26.76989461181177,-8.190644746872128,3.5389548636951575,20.045887132318484,0.9267045772960647,0.0,2,0.52
0.2807546155609243,-0.001102536063029383,0.07132492251033849,0.10180094683318772,6.252889475207899,45.47284857563214,-5.1831583583159455,19.740471688447336,0.6168933394941369,0.0,2,0.52
0.28453257201858323,0.009422861627977355,0.017143153169732764,0.19676440325611966,-36.84402779795691,0.6876874953889721,2.870865710565065,16.35846433251984,0.7790352202076622,0.0,2,0.52
0.3555013403562776,-0.010802159966715127,0.07020752799791483,0.24934206852674765,-0.8872207833439225,-39.89625685263341,5.127100461339226,20.289407796190368,0.6824207257400206,0.0,2,0.52
0.2726914321457649,-0.0014505798217454792,0.03154896075066356,0.17427489703198396,-32.567779870338995,-6.18498435439131,-1.666163690791436,23.06195006123633,0.6548313418616097,0.0,2,0.52
0.2895612159112772,-0.0007316347034257533,0.07986193389765138,0.21323507143782122,-27.25623588024208,-0.9110268386717061,-2.1398872058521152,16.31325752259122,0.8265316628434034,0.0,2,0.52
0.33854196852217266,0.009789526596317839,0.07780973643584241,0.22006136426230993,-29.01195127697926,-9.182534536303379,-2.3069943474267447,17.033581147007805,0.5776906672928097,0.0,2,0.52
0.3490671917728724,0.005843890826119865,0.05577261664643214,0.15098860162310532,7.81307841371526,-47.85979998350319,-4.741947774939153,20.89098623004483,0.6112389578584967,0.0,2,0.52
0.3052311558917419,0.024976282578652406,0.05560980606698138,0.11464018431997133,-23.47089528984732,3.5948225403307803,-2.325161697600715,15.206672996402439,0.8664688133203868,0.0,2,0.52
0.2531670100125879,0.00395480671166594,0.03492485449983009,0.19819160811646638,-28.8543264914037,5.256795204628098,6.174591852766456,15.004404446100635,0.6579406961382739,0.0,2,0.52
0.3393484536642867,0.00915835778072684,0.03243122073711724,0.2071282721989997,-7.321440687013457,-45.002008571945396,1.380063285196114,16.575239881608685,0.6015299177491666,0.0,2,0.52
0.26051267373349907,-0.017751808753931096,0.05685041366653263,0.22310571229635945,1.7464434629745158,49.30306941074454,1.439308826517979,10.72452197602787,0.5931578085977265,0.0,2,0.52
0.2920703121381218,0.023216126197206824,0.05915223285848409,0.15307348908931268,5.360058456107712,47.36116513985519,4.0163055536866175,18.374313437919284,0.6064424210411546,0.0,2,0.52
0.25551223729855455,0.0022041000447930673,0.07561907052262035,0.18756430482394615,-35.87587250112432,2.5760097959146058,-1.0084913918462792,17.14739035678187,0.558001286365623,0.0,2,0.52
0.2955020140156075,0.028848815748750617,0.025288866631284226,0.21285178927489073,-28.315656885195388,7.040324030787597,4.12920819567472,17.698561330312852,0.7681930040563748,0.0,2,0.52
0.31301654483797103,0.0025169065899679176,0.027941270686434358,0.18075984073869233,2.797999772481663,46.04642912469261,4.926553693312515,11.301507822679081,0.6449093228632601,0.0,2,0.52
0.28629611190987225,0.009805169730665251,0.0551992890322504,0.27054504800802953,-23.582021707239903,3.2705326452154213,0.4686628988653963,14.91918436494863,0.6817877192187791,0.0,2,0.52
0.28505877066754604,0.049460351932374066,0.04309801619336825,0.26018063451137513,-26.87712405559106,4.708395723332094,-4.815055767732315,16.63006457928296,0.7161260034879734,0.0,2,0.52
0.3021289744678363,0.016507620104304725,0.0217371306894485,0.16441044998505516,-36.854078949436904,-6.517534136786874,-7.885341338364077,17.153597430558207,0.8396988189199245,0.0,2,0.52
0.2663669912090414,-0.014747742055266614,0.116778933704882,0.2640512285393579,-23.59906947722982,0.9734554120794198,5.643670104716749,18.841288876262787,0.718827007793203,0.0,2,0.52
0.34574269991455386,-0.0014135376926363555,0.060240810708977556,0.2373029408134137,-2.165775459267528,-30.467196758069676,-2.3124211746833496,19.727117380900037,0.5743703240303788,0.0,2,0.52
0.27460526604995283,-0.011322362484053328,0.07428513424318381,0.20720435637888693,-22.059382227370662,10.02994738845725,2.6906623381045613,7.064570540417463,0.6638299106543991,0.0,2,0.52
0.32556527130103435,0.005565881031531912,0.011469922723762405,0.1483718680763101,-34.0324506441744,-3.190766843646903,3.072488501573942,14.13806587358842,0.553486670736347,0.0,2,0.52
0.3232459751020231,0.0027652305023478712,0.11973605711039832,0.23604207874616012,-5.89536563565638,-47.6448361967135,7.793355419774311,11.08137672699454,0.9116213423064465,0.0,2,0.52
0.28818181157220835,-0.001511411158099169,0.013715265734359789,0.16373177705620845,-9.033363178955016,-49.55676977057027,-9.803785323971354,10.755299678500156,0.8986558433709468,0.0,2,0.52
0.3189820597778942,0.014498343317114559,0.021376504858831257,0.19252828263369182,-7.784084459649263,-27.760986317246697,0.5137480565400767,6.684326077282506,0.9129648082699011,0.0,2,0.52
0.3194824569547651,0.022564877067664184,0.04230400726969636,0.20800093622666366,-25.683384014441636,14.831717488398684,1.2044602923993155,8.997339559922999,0.920675515431499,0.0,2,0.52
0.3037754517241646,-0.01491231115529745,0.08101402371265784,0.15701056695790777,6.680221456958378,39.95202058726544,2.1339936284683434,14.97751614842703,0.918894591621145,0.0,2,0.52
0.27330030728883603,-0.008223584828156574,0.013811374510059328,0.22616126684043525,-6.335686768351721,-29.456147152890217,-0.7622952843780778,15.703952758101842,0.9324848447191691,0.0,2,0.52
0.2757451080239881,0.009408129402888786,0.04622222567415746,0.21655928606161606,-23.203452221674123,-0.7305999044517527,-4.676281825627079,9.945246476044655,0.8096093233923376,0.0,2,0.52
0.30998550533348723,0.015152757790349965,0.025745197803934246,0.2463846990012068,9.329698708170275,-49.05689159514429,1.3346131369460479,12.336200597752637,0.6993015325149782,0.0,2,0.52
0.28769933655565944,-0.013248668068602356,0.05847009166640239,0.19110158476051695,-34.04053097893524,15.175807541535816,0.9339150693669523,9.166390736711987,0.9446643471538441,0.0,2,0.52
0.31984155277508763,0.013299595646678859,0.05447695722347856,0.21514954595245558,5.450980629122167,41.87385125856737,-0.49985440428832484,20.174552786955363,0.715595757215282,0.0,2,0.52
0.3394988415956112,-0.02425094890816534,0.025604108493539914,0.2444232522102498,-37.64576269208918,-5.044969009204325,5.269434315631876,8.831962975801517,0.8864823993432707,0.0,2,0.52
0.3130425158961848,-0.004075398155195357,0.01243961271090456,0.2750585844521893,-1.3022283735499276,-45.6854400157564,0.046836181382101286,11.481927781090265,0.5965815135490209,0.0,2,0.52
0.29535851328090335,-0.013585104804222065,0.012803136160498926,0.16360936092229597,-29.13039220380195,-1.858182985321014,-4.434736438768257,15.19055535832474,0.8523651429618353,0.0,2,0.52
0.27226666429094565,0.021439208491182304,0.03548050631504653,0.13824291082511925,-0.06385860155624977,-29.994129915643974,-8.839460529807706,10.523352932105809,0.7964158016835611,0.0,2,0.52
0.22173260660243338,-0.010042494493911421,0.03307597765582452,0.20679782166906233,-13.461502748560783,36.08726921079676,5.480622731984375,13.701035275567358,0.8941772540134774,0.0,2,0.52
0.27713204631381233,0.047142222528944004,0.01240754967477631,0.19198478344867162,-27.734712324356895,14.247483792967293,4.717918488371672,12.200819906724092,0.5788563670446556,0.0,2,0.52
0.3926125176634687,0.0009495982419099978,0.06595657357933171,0.15502832095698324,10.225947094563786,49.691876884094484,11.999087498933855,17.600723012751878,0.7968018222645028,0.0,2,0.52
0.31096962560608105,-0.01904933949214837,0.028173055231582474,0.17454597090420476,-22.941766104790062,10.73979081547123,2.7846131760047332,16.429071086644182,0.5656388879725139,0.0,2,0.52
0.3212456951016839,0.031100254808809284,0.03245065085006007,0.21320636658531456,-34.259706221127885,3.741935871674135,-3.2183089929800106,17.8714838976281,0.8656273856118113,0.0,2,0.52
0.26180271382432885,0.019124574809986323,0.03291562358628826,0.14717767042405122,4.093723417317623,30.725063484911033,4.892374840833046,10.593131144696398,0.8358803482119894,0.0,2,0.52
0.2934483250297851,-0.027744603945305927,0.08888300125536058,0.2065759591821293,-32.06565008218637,-9.537855700006176,1.1527395298885843,14.684208339899547,0.6353162809503766,0.0,2,0.52
0.27132131093620354,0.013307251809299104,0.04118405389554815,0.1857032026876851,-37.75012095424566,10.420016074536314,-7.7308302816662975,18.23832359274773,0.6922946261033052,0.0,2,0.52
0.2745648455502886,0.004373362491354111,0.017458402741290922,0.21191644062179357,-0.09303663377822707,-39.42910079101841,-4.957202481375273,13.995530133307112,0.5748650530579265,0.0,2,0.52
0.26618039828952517,0.0031062066789571715,0.023572716074529432,0.15969806638202538,-36.50780728245881,0.647070955385317,4.316337940625965,16.443955300165634,0.8474207279292361,0.0,2,0.52
0.32310035447278823,-0.007343991986741091,0.06686616767905648,0.16305473189448141,-3.6882471406083095,-38.97225530553193,-5.4308760788949435,15.620693573121622,0.6963300840206106,0.0,2,0.52
0.26881326302029407,-0.007632496886339974,0.045749274995036754,0.24126069331507205,8.918827924349834,50.03643506665405,4.111429219330976,12.44353517177788,0.7823855672050253,0.0,2,0.52
0.3201753398714433,-0.021625318590917788,0.01267193316263275,0.21558150064611506,-25.51425213036239,11.786117646530135,-4.998572262483279,11.598424011220263,0.7633573276603801,0.0,2,0.52
0.2689541704375665,0.03565369039517259,0.02706825226785521,0.21130357195558344,-0.028647698137851233,42.9912307828812,-7.934720509859204,20.223626267127845,0.7104662788271678,0.0,2,0.52
0.3113730928127705,0.013597137267029078,0.01771260643414569,0.22952781767342345,2.8600546069290536,45.48389716068513,9.224423906845372,9.722817730441754,0.8809756933516227,0.0,2,0.52
0.308491358212764,0.0073283557938164995,0.0045555371029156,0.2489183398718916,-11.638813932167354,48.781653888883156,-1.0252832498135351,17.028027957250305,0.7884892371965186,0.0,2,0.52
0.27910883000254355,0.003717569380613643,0.013841375819807489,0.2520269002527753,-35.79882399628572,4.698517968942918,-3.358505697084518,16.877503839885016,0.715387744902416,0.0,2,0.52
0.24855237505876124,0.004335867273570007,0.03403678064287081,0.2044147063095314,12.550520618355897,42.12039001891657,-3.506010500348391,17.053360055724543,0.6582322850901383,0.0,2,0.52
0.2917937287173726,0.010162297343552498,0.03676616443206299,0.21983016948319725,-31.655856059558033,-0.15086545563367149,3.899422639165848,11.314724979257525,0.6736815277497936,0.0,2,0.52
0.30546496249077576,-0.015466630846955516,0.022315740916942953,0.20807394547831448,-23.69265797054272,3.0537919207637483,-7.198771676737064,21.190515357733467,0.9136908153915799,0.0,2,0.52
0.2967905398841628,-0.0010371913735677631,0.007469700858440863,0.16640352643179127,-25.494008908667823,-5.562378700410961,-1.0867926513523793,19.92720074400458,0.6885515949201834,0.0,2,0.52
0.2631403402572108,0.0048944132474182615,0.05149864964091705,0.19872334800773953,-27.746460273656936,0.6082374931916569,2.671328851906943,16.38738641273141,0.7893938436731047,0.0,2,0.52
0.34302424303257867,0.014761575033732297,0.07919914186463048,0.21890004543935157,-29.245495148622737,-0.4024633874383009,8.082358176939454,15.425452659530093,0.6310623248031159,0.0,2,0.52
0.28793200397437,-0.026620563362258026,0.005527707910824959,0.18301412933888078,-1.0028385199060181,-39.43977464572788,3.30035912910629,15.846801918253302,0.8630220908994855,0.0,2,0.52
0.3139970191041704,0.002250920691105651,0.036297570665052965,0.21549766139118218,8.097211446347213,-37.78591555098981,-2.3656600851473253,15.484310406006735,0.9145406010195407,0.0,2,0.52
0.2664325624643598,0.011331914689799938,0.02863732583929516,0.1699485726830705,-37.24466693606587,-3.322047825170535,0.8743517613062851,10.497673043096357,0.8374224202950309,0.0,2,0.52
0.2839310595369521,0.002992220196227921,0.04548430998485224,0.19089213694556506,-4.947056217641499,29.795704886766945,5.347125792005989,13.135752309306081,0.7468834402592704,0.0,2,0.52
0.3164437455468646,-0.011161869780831613,0.027502528619684642,0.15036759105060551,-5.225441033070318,-39.9890972012367,10.580717870387986,13.503910431596951,0.7468607876494906,0.0,2,0.52
0.29097521691577544,-0.035659109144941796,0.04627928380020723,0.18100451966597483,-31.140979526201704,25.18292889059618,3.563228486291175,16.174107330581208,0.8256326352946477,0.0,2,0.52
0.2865541584354791,-0.03208825967422226,0.008690149952255394,0.25803066560093496,-32.80116001119077,-0.8539136684425473,4.522353314786681,10.358378921679087,0.7595213592828718,0.0,2,0.52
0.3168517457263417,0.01768434341954545,0.03177330648417523,0.176725789710972,4.197915000776764,-31.246320239483328,3.9560117854341654,11.159938903818421,0.8633998871358493,0.0,2,0.52
0.2593968018040873,0.0035511032684082044,0.03260403055241429,0.17854706574162071,-32.96862363441584,-1.882931014448798,2.215905217876367,5.795279904416585,0.9379644102264424,0.0,2,0.52
0.31959851303421527,0.024639793009290915,0.026578692846977194,0.17516607444927373,-6.008741990930037,47.03143381456799,2.3327788431927394,20.448735950599005,0.6642697557655549,0.0,2,0.52
0.2821422323829136,0.04163503224973345,0.06828355868901563,0.146228540490898,-4.732760226701334,27.970599556008448,6.206788725323622,15.518054080609824,0.8200858135347071,0.0,2,0.52
0.2556191674824586,-0.024232289092766337,0.011997255217898876,0.21476932915430644,-27.91448813095733,-2.6447351644071397,-0.9696562581823251,13.126838270400887,0.9311180192742556,0.0,2,0.52
0.34780582529176307,-0.015239637333234683,0.044055508731178084,0.08,-8.076940938378197,36.59667211819139,-1.5240878838570926,14.004404423602772,0.8835300351719833,0.0,2,0.52
0.26646006338007305,0.0050954669794378476,0.04275852546510868,0.17866258625522066,-0.7213721418278706,32.80848140390555,-1.5488008634637165,12.940368632481421,0.9299937667826059,0.0,2,0.52
0.3380650679011613,0.018164945740724987,0.027812348260065102,0.12788638968246835,-10.895075872919357,-37.46102193547017,-0.502622461975891,10.211888619525183,0.8185723843032792,0.0,2,0.52
0.3008669549495983,0.0068469376245113515,0.023477648240114644,0.17503045505464984,-5.68603720333883,49.32303224680392,1.3891286207035256,16.750503190665174,0.6375065394040034,0.0,2,0.52
0.27982049626541566,0.033998690373017636,0.03155516219998062,0.2769239396612211,-36.80763262868689,2.7659548354824275,-1.3739888789069576,13.544691219229987,0.6945002317533145,0.0,2,0.52
0.2618346040846417,-0.010672443317074336,0.035611425983893705,0.2395988946443976,-29.857199138901123,-9.551497723213316,-1.9888067221872903,22.269508029736404,0.9003822961778435,0.0,2,0.52
0.33498189390854405,-0.0031325164446053735,0.025794476028059933,0.2021317734386553,-4.197996706000316,37.36122441852489,-0.6849185640339001,8.13297325511861,0.7898330588312992,0.0,2,0.52
0.2744034207282527,-0.005558477440301881,0.02926396647554876,0.23010857383291614,4.075275451253767,27.9921545147893,9.699556155764608,17.856901902727294,0.757490035490786,0.0,2,0.52
0.2953750430231827,0.003872232840314639,0.07993774688226746,0.2053118922066022,-1.0846085992677703,42.62158493998005,-3.8502815110211768,19.799435464779666,0.5838761432036427,0.0,2,0.52
0.2738432950587494,0.007622899683248574,0.022318799762905808,0.1465608877794543,0.3198742745312403,-46.34261671067084,0.6614481743126621,18.650280259712456,0.6209323748308282,0.0,2,0.52
0.33932020822699116,0.02924045584172049,0.027643209722044954,0.16163210546950862,-3.1047431704824566,-31.027832636494985,3.8471405226013564,5.420912027704961,0.7782408453558857,0.0,2,0.52
0.2975254016631507,0.010200555632885267,0.0074439363264166315,0.10263271839120792,-0.9486409897427311,-42.809932508242554,9.067390276428254,15.289873746206665,0.8346782199028757,0.0,2,0.52
0.25867126053272727,-0.008616484610030334,0.04091632220627171,0.27078350126893824,-8.70953800235299,50.40283469006344,-1.492478630057113,16.29007597923377,0.5532913402187848,0.0,2,0.52
0.3182138482607011,-0.026472232977187427,0.0595690436567648,0.16656266395584962,-5.29600700744667,-30.75518107518924,-5.336062542654445,14.248178305674259,0.5573052420490885,0.0,2,0.52
0.2511595006440439,0.004669609149485109,0.020390749077285233,0.17763184347579086,-5.369126160103368,36.80649510076159,1.5326498832080095,8.3463506764266,0.6634188906045476,0.0,2,0.52
0.31081523251381477,-0.0066852232954906846,0.03212945151371812,0.2332047707466035,5.30809090277061,36.65081244134704,-1.0824838990505667,20.321771950933048,0.730558089064143,0.0,2,0.52
0.3018815713429261,0.004119998643085916,0.05935384183019176,0.22979078158917063,6.3178647415513005,-34.76405797783045,-6.848245897690338,12.326637687130374,0.8669338787263855,0.0,2,0.52
0.2605461077548114,0.023927805468237577,0.039782405008976604,0.20389211317447384,-6.320740046036505,-42.544330553137364,-6.968439363053935,15.928403014942356,0.6796858999456074,0.0,2,0.52
0.3041661430913812,-0.020434538526595377,0.016127375621100188,0.10628998368437212,-3.7820088203342195,50.28139213172068,-1.9622088344127309,13.381875886959175,0.9033275494846706,0.0,2,0.52
0.2980802821481278,0.0059321051109402865,0.01065203135213808,0.20250701602906868,-7.488791273921592,51.66485569412693,-3.5874287911585956,13.83636114564543,0.6607414579347813,0.0,2,0.52
0.2798895315709456,-0.03766682061945786,0.0927702693905541,0.2400249451003487,-2.143491780384259,40.723225520033225,-1.5845349847627723,9.59253775575652,0.7043702273271031,0.0,2,0.52
0.32177437767295575,-0.03120087616549555,0.034124644862588704,0.22707290319423434,2.8194838830173232,-46.267302621215066,4.346683135303519,16.86308293806641,0.932989208195708,0.0,2,0.52
0.3211726607270959,-0.03897095488226495,0.06444038465826506,0.1691448488079532,-32.640495441072076,-13.471947654269531,-5.601165720012266,14.854360388786901,0.8689261219317816,0.0,2,0.52
0.36570848369268333,-0.001421919086657481,0.017454791963332005,0.17192223459878786,-27.791633977920466,10.986047005093956,-2.4436605186244336,8.576127850406072,0.9084085317155348,0.0,2,0.52
0.3657336481553132,-0.010140647217615791,0.10708930376635242,0.11894552857665595,-25.18716154754289,-9.818523020693869,-4.635370162672184,14.506579911789524,0.5808404670137501,0.0,2,0.52
0.319083896673842,-0.004042090720414385,0.017314363194219747,0.18459848093001613,-36.13061658798834,-0.9807402126469071,-4.55199719526076,6.809435199571256,0.9178697369334581,0.0,2,0.52
0.33269340934040476,0.03679636750977941,0.011476148702618006,0.12303377075348697,-36.28143606886681,-8.950276591030923,-9.67326232346538,18.964613491885917,0.9248220376552609,0.0,2,0.52
0.29184097796805386,-0.01597148426819924,0.017599247211254127,0.16785473702283293,-30.531754053535327,1.4082930602996317,-1.6187977723059324,6.853269361497103,0.7952176761051931,0.0,2,0.52
0.3067421130475322,0.002654372475538447,0.07125289992554336,0.19142329425482887,-10.268582406261224,-42.19773537476148,-2.2958347392197758,9.314562543759077,0.9134070379623738,0.0,2,0.52
0.32346656137196794,0.005933015233157341,0.05396367644311461,0.2291585554248496,-24.302742429913707,0.07741569832213467,-2.2865597410772285,13.522638834405258,0.6525682940339556,0.0,2,0.52
0.2589550555662917,0.007494776163250593,0.02336861370770034,0.19600848746292096,-4.1801380468438545,46.36955206740101,-1.9666425076158867,13.377027680258538,0.5681639658833743,0.0,2,0.52
0.31195147789333655,-0.005545964299950179,0.011623309018637415,0.17192326085051476,-6.18454914692386,32.96924754593693,1.0328139763354098,11.607652058928906,0.6404284310714713,0.0,2,0.52
0.3323464658439426,0.030550777162887226,0.053672895832131584,0.15422586472471045,8.74873162892992,45.13256590807089,-3.2218819905556573,17.01759028155863,0.5607532981675573,0.0,2,0.52
0.2688420921267384,0.012754375119642827,0.09383291257673512,0.2458271162348029,-35.30959417579082,-4.500118986021875,-8.404935705550553,16.28403324429995,0.9286671227852715,0.0,2,0.52
0.3087843789534414,0.000938681678790741,0.06496940201818717,0.215885958028502,-4.4164640837943985,27.3904399613494,0.714666415144528,13.476876510636988,0.6244950451631118,0.0,2,0.52
0.263600836187738,-0.030575543487976396,0.0244720600751005,0.21937325395324375,7.001735685442936,-31.570714821548485,4.160942191454899,20.276091741372614,0.6035462886679325,0.0,2,0.52
0.2628858727679939,0.03465694869309652,0.03353122239272769,0.2253006118519202,6.425871087989079,40.88855437088564,1.208115346116407,13.086434882969234,0.6229465808053357,0.0,2,0.52
0.2821479753764541,-0.026262971734298972,0.014694873615552235,0.2067521523969631,-8.43118821699877,-36.91653040284777,-0.2897538544978389,16.94593766065449,0.9425219750884655,0.0,2,0.52
0.29488246087701175,0.015362408856322157,0.07242558372502071,0.17380722851208852,13.105660531562453,41.86355027480477,7.4952274052083485,16.737906604736686,0.8991880496965445,0.0,2,0.52
0.3205456823783873,-0.013693270655818919,0.09805790735309634,0.1807521273977432,14.810816064461836,26.30274274953028,8.848701957628638,10.778032308532435,0.7480553198033746,0.0,2,0.52
0.35123313110512494,0.0034929140168450225,0.02521632809605779,0.2898604151830229,-30.759226708438185,-6.901576811393298,2.343249379761695,10.772414555587105,0.6570942282994693,0.0,2,0.52
0.2871614159565669,0.024579286330464495,0.03876496762060081,0.16085714607010929,3.883520791896765,26.64112109261365,-3.429497553919357,10.457669961528211,0.8000644467068726,0.0,2,0.52
0.2876597742182828,0.004314574171146322,0.04875701034039385,0.252340524891333,-10.530424516072433,-36.84211871768085,-2.147985870489774,11.389712107560678,0.7548128565599246,0.0,2,0.52
0.2794150636102769,0.003396459365427495,0.02054956345319948,0.24045158550082385,-24.575096805769036,15.434462584585773,-2.9717738246013825,17.143765578323162,0.8120526276511862,0.0,2,0.52
0.29586367077657166,0.01741295002269595,0.0072176774312085554,0.21894876596723736,-33.419201620686856,0.3194354090370402,6.374648059550837,14.529396153320477,0.6575580590803874,0.0,2,0.52
0.26533923799682546,-0.03127129897612293,0.015374684916174435,0.19748271846529764,-36.151982627515494,1.8562305704464663,3.5238920639118483,14.022610196562011,0.9424338937070169,0.0,2,0.52
0.28365427509396957,0.013414344169592576,0.04025765480481756,0.20589693727160954,8.62734083818225,40.93006979407306,-5.718765571209802,8.647144993465567,0.9063170016162004,0.0,2,0.52
0.34415426877303756,0.009999041193115637,0.025407910943211903,0.14980148576437555,-34.296880506144895,-0.37764248374484527,-4.260277316170527,13.529148691946517,0.6399061318449809,0.0,2,0.52
0.3014498023746306,-0.01700039382286239,0.05224539353212535,0.1944210873579159,-2.0094857494650693,45.14071163138584,-9.175251010903999,17.465904316174093,0.694919162200506,0.0,2,0.52
0.30538249967347236,0.027189874043774657,0.02792057795923164,0.22540281590232797,8.286907229038302,47.27627373033458,2.3352967728544316,11.831106153118778,0.8007902236839799,0.0,2,0.52
0.27260666048449234,-0.014991627835938489,0.07154685479780434,0.1929534587780136,9.814092592328437,-40.54211273448416,-0.475311669572533,16.61710144414315,0.6478409822127497,0.0,2,0.52
0.29742353207469563,-0.02634875982923592,0.029082876088951062,0.2202032081221469,-7.412505097970207,-43.33888671035464,-1.3490016352064416,20.686538231359435,0.6314914779254054,0.0,2,0.52
0.23762979626811237,0.018009111620216598,0.1318731965010144,0.19926164758842188,-2.4650710308307247,-43.807570012983405,4.572107040863353,20.241107828341477,0.7229935784690816,0.0,2,0.52
0.30841822852030504,0.007959095806616438,0.033861509365566485,0.2103098211421558,-37.23340840715765,6.395361583395197,-8.510377211386885,19.437674048677685,0.7649505789395191,0.0,2,0.52
0.3208214271972523,0.012176400739704637,0.03395185092338593,0.22726215589455756,6.2594491524697595,40.060484720446645,5.165143742313027,20.97428676719622,0.9197707818846649,0.0,2,0.52
0.3382886872123234,0.029717750976643604,0.015381741589139042,0.16808659923943534,-33.52029257615729,-0.9338842482545473,1.9278201082255044,15.822173682156443,0.6423148891507394,0.0,2,0.52
0.32069406704693204,0.00682555308261869,0.04910729301751415,0.1799792413461687,-22.393441471094498,-6.628194079676219,6.431280408853828,12.301415968523958,0.8720203213930691,0.0,2,0.52
0.346712302966972,-0.01945376184995138,0.040402498955006416,0.25109148277448284,-3.0148433291785404,-49.21937823433201,1.324662666762548,25.33868049597089,0.7147769954280526,0.0,2,0.52
0.3078685998983023,0.016982301089075804,0.06487120386054254,0.2405830453965008,-23.82138715725285,-11.500607755897134,6.599004673402488,13.515479025852786,0.8417967256528159,0.0,2,0.52
0.2576650791956156,-0.002636797531209158,0.04967405945639345,0.2740224926374286,-31.53451717487284,3.7668491677284432,-10.480917409584317,9.434001305286838,0.8202220046101296,0.0,2,0.52
0.27077088513602166,-0.010034928351998412,0.01256320767337007,0.18904817930042708,-30.264180269363216,-7.253152506128708,-0.9736069884847218,14.318312464224498,0.7816438519465416,0.0,2,0.52
0.2786739569308064,-0.003783802435336206,0.04263022686979285,0.19592168331333368,-36.17050812896517,2.2692584069591843,-0.7301168985024407,19.873328431897733,0.553803376250492,0.0,2,0.52
0.30475611622905263,0.014543039992216013,0.0508936511412351,0.26977226129263043,-34.44158548483214,5.261402220002893,4.5528390397774725,14.0182473619105,0.8902533595394635,0.0,2,0.52
0.2939671784164086,-0.032157782485650654,0.09423779629869909,0.29854034050128564,-1.1555716971738796,27.846568800571173,-2.174725442483477,15.109608676175345,0.6893637429439765,0.0,2,0.52
0.3657549942226887,-0.006656838584413731,0.013197995880222656,0.23023047400925545,-34.26439775217554,15.644208684078366,-9.27068238577324,17.646615066862893,0.883932572438062,0.0,2,0.52
0.31478210496588066,0.014064230563946789,0.07450811961963405,0.23577995842207006,-26.936644052865333,-3.993829581664726,2.334908311204375,19.19222121999468,0.626796712851725,0.0,2,0.52
0.3038062422239011,-0.036605124208253306,0.08102628542916128,0.2592487078409754,-26.06757085290247,-0.5412916008158689,1.0721747716424188,15.57576797251071,0.6097407680591073,0.0,2,0.52
0.29493551741748314,-0.04486611696026109,0.008507552647692722,0.1676357496221601,-1.6480813726031682,-30.319347185691488,10.012327641494462,16.242408229909753,0.8204645879141796,0.0,2,0.52
0.28723694108500725,-0.0050174213487582785,0.06692038565826353,0.21558844087842854,-2.1689480357214816,-35.00833803834717,-7.274120067226728,24.572231229729464,0.7339232532399482,0.0,2,0.52
0.2357193215191701,0.027142818029962906,0.07533263041181458,0.22000794483649694,-31.23064541497382,16.915010143766445,-5.4055458334355695,15.09457862319778,0.7668766128315353,0.0,2,0.52
0.2912841949676845,0.014513698250158094,0.043351996800417986,0.1947458801473554,-35.55678258893976,3.5685968040440166,-4.1552794447099215,20.976916639517732,0.6297371358848771,0.0,2,0.52
0.29852370923766786,0.027265803303315544,0.012895121393356563,0.2615746521153703,0.48727282395220584,-31.565743641110544,2.2197164987077302,14.995029425189133,0.8952092702666052,0.0,2,0.52
0.2851623387768851,-0.009520540045606284,0.02221037180131773,0.19362461110410595,-25.09731666869842,12.09566017415235,6.946273342852267,10.174419748174959,0.6766777774758816,0.0,2,0.52
0.33815607632879546,-0.048557939176564154,0.04476657284788074,0.1825937032764718,-5.678431999326872,28.771627167131893,-1.4301878052591386,18.282974657053305,0.7998122927097235,0.0,2,0.52
0.3127690427440777,-0.00488463263789422,0.08941394537731306,0.20752248709691398,-30.546437504747736,-2.9549189818461783,2.0729203217904844,10.671043452192599,0.6850270515123894,0.0,2,0.52
0.3466254593049575,-0.023819302204861816,0.04715267515435121,0.2154166181108253,-25.1296671754569,-6.1245861018349,-3.452261543213122,13.584405215058888,0.6157955816224787,0.0,2,0.52
0.3127804186453291,-0.013130366534272244,0.05418282566281344,0.1460925671789353,-26.324671491012154,13.193453732213106,-5.0773131301821515,22.504560830727286,0.6711318243520478,0.0,2,0.52
0.3343651617872987,-0.01704025985320018,0.04758121935532379,0.18293474275103697,-1.5949499661024165,-39.98941728126181,-8.713310674784518,13.813267601227317,0.6240408758884178,0.0,2,0.52
0.2966053828148477,0.004994662075044914,0.011012527233507308,0.21230023260646452,7.362073183188233,30.89973879734235,-6.009440497585919,12.810689948171978,0.8464132408829446,0.0,2,0.52
0.32730231498070655,0.012314841667941997,0.04659296906145491,0.21376743342380514,-24.212161559477337,-5.74229005050727,16.401497948445588,17.45628543593916,0.7839430408820943,0.0,2,0.52
0.296413568683701,0.030657125824883287,0.009144258795635385,0.17044194941444793,-30.126139122207373,5.567838231084206,7.0466630356542534,13.21434079598111,0.7111582026790071,0.0,2,0.52
0.3177673381224129,-0.003661550448076068,0.06740599159307334,0.16770484908952973,-27.32725733789234,10.513854718690055,-3.0219657312473998,16.463625358561977,0.7698945407185032,0.0,2,0.52
0.31760353917716194,-0.005764658242194202,0.016566120776774773,0.2586537916967742,-5.319827621658072,47.734360213837334,-3.5171058376135083,19.173889152010517,0.7327914259683621,0.0,2,0.52
0.27602272590530147,0.022183124242685842,0.07311673213390224,0.19597261774913277,-33.65294715310693,-11.349953765679134,0.1676673943099714,16.1244290964521,0.863563907034437,0.0,2,0.52
0.30308709863589717,-0.029554627702273274,0.06928568992538611,0.2041461603704132,-30.84493863672514,-9.18683910837083,-3.388079395277183,8.191306635266113,0.7680133964651198,0.0,2,0.52
0.2874840934267833,-0.0007097631576743835,0.007766191608713155,0.22595138327072214,-4.982142208104973,36.310635411065846,7.806204447296672,23.990720866165788,0.8538425381071776,0.0,2,0.52
0.31226776387265404,0.017920546913223617,0.050107935168517165,0.2578963053251869,-36.02144444512909,-6.145776480991096,-1.9300196727326746,15.015227336912503,0.8764145002785039,0.0,2,0.52
0.27595159651041584,-0.0008691817739946982,0.030427751565246897,0.2193796182870362,-35.46253291354221,-11.350163595592587,1.9945135518768622,14.419460680094526,0.9349768785425073,0.0,2,0.52
0.3145642558527807,0.016956439975465816,0.018133028094445596,0.18124757123222596,-22.592908939157137,2.151628435014062,-6.122215326236363,11.512545569738686,0.7187645248497293,0.0,2,0.52
0.2844108558738247,-0.005315082579834588,0.06855022763217178,0.21588963598376434,3.3141923541468308,-47.8849488215387,-5.76729635254771,7.861444478042674,0.6776891374971075,0.0,2,0.52
0.30870702844372283,0.01419800736482133,0.06413221366981348,0.21072944778747946,3.474926442168946,-35.118974388676435,-4.910493751310269,15.605128502200312,0.9233677640557116,0.0,2,0.52
0.32376573555938204,0.0018137653208163038,0.021683415049483023,0.18455803670859536,0.17411240835522063,27.196356012108502,2.731388898672729,22.28592080885069,0.8273956987568519,0.0,2,0.52
0.3313748649188381,-0.014241403055496179,0.06098627553530638,0.19100909636953012,-25.145054038098518,-11.371912729172063,1.7175122303461028,10.367467494751697,0.7125937823078701,0.0,2,0.52
0.35490104186104116,0.0030855986086307102,0.019675964492041162,0.25107576580018787,-22.467244638766633,-2.7181078240501497,-2.6959503818674535,11.961088083841076,0.7067654072003793,0.0,2,0.52
0.34238260410665206,0.007887323117510699,0.04557516351131851,0.23207542496259026,-7.16970948420112,-27.827125415337076,-3.949269805459858,14.358193380422016,0.6056836308695926,0.0,2,0.52
0.2991969756511429,0.02068820393008509,0.00806833631656828,0.23602611639063836,-9.768921365682044,-45.57831709680533,-2.221851502843325,16.390051868983196,0.6621118474993624,0.0,2,0.52
0.2510256076599685,0.004895785895323654,0.052795174319992824,0.2008039419845084,-22.134548293137527,-2.9515983357938205,-1.0704410710800565,10.273318729732871,0.938010528967913,0.0,2,0.52
0.3182867892538579,-0.011396920522441067,0.0333524739072174,0.1724788835857791,-5.696959936493381,41.34982967891768,5.401683241273913,21.1014203346328,0.7665907407967592,0.0,2,0.52
0.310563203878127,-0.006719145568845912,0.013116078646471935,0.17384434162449688,9.502020608081112,26.39188533541554,-7.528941710234149,17.383238901624683,0.8337109355765113,0.0,2,0.52
0.3710274054978945,-0.01355913816112508,0.04441514263854551,0.2778417185082615,-4.679084959670259,-50.030221811276945,7.959432840663955,14.955159879460183,0.5992943571645045,0.0,2,0.52
0.3129298840709154,0.04376818940960632,0.015586521273797675,0.2071149047812734,-22.231906962615188,-1.006924409401487,-0.028292259313529477,12.509540032376439,0.6799948657785411,0.0,2,0.52
0.27657988085946966,-0.017761022365460424,0.04316719228005206,0.20718977337035177,-3.351450442952994,32.23049518635292,0.5072693190855869,15.877416819108191,0.7154766179471237,0.0,2,0.52
0.3267860064197924,-0.016212261989473335,0.018450272343949147,0.2702897346671267,-1.473339045264357,-31.33030829597042,9.495303835309333,12.616034942279526,0.8610247704843519,0.0,2,0.52
0.3243156626676914,0.011898933204979074,0.026000141344766588,0.21807950564772463,9.257517395905207,-42.42126155026968,0.32302682667331445,13.010383935149719,0.7933763514485046,0.0,2,0.52
0.35171558586171525,0.014715479587101277,0.023428488824675724,0.18784672336876254,-5.001926229273665,-39.99467475030269,-1.7766634151564509,14.49279371334711,0.890099506523963,0.0,2,0.52
0.3014364417116106,0.020228160167280292,0.03800942458865337,0.16375298215151748,-5.283461339882583,44.24889089572868,16.518120060808595,11.193521477477589,0.8190697103570228,0.0,2,0.52
0.25000358123669675,-0.007145481510921749,0.06583973701716472,0.25319883083290007,-0.7231607670996317,45.834833490161,-2.8946239079920115,12.359379635500785,0.9329222557504672,0.0,2,0.52
0.2999143726850491,-0.01946150278020779,0.0507103194509974,0.15774828746500882,-25.931435949906742,8.568906958979444,-3.4340636684040797,16.82768185670285,0.6896751394681073,0.0,2,0.52
0.27895490492498076,-0.019309808670657732,0.04590173171477883,0.20325219439800074,-34.912726389628986,-5.422511848754811,-4.443046047672779,15.906449442535596,0.8565616064386374,0.0,2,0.52
0.27554070823680404,0.019808233478189028,0.054567071789995585,0.19996232538024017,-27.247282988349824,-4.835869668357042,-1.4929434403307567,12.381784866995542,0.9066025998260328,0.0,2,0.52
0.27739970361982863,0.014952799297854187,0.03369742058018906,0.2522063758086326,-24.00034688260886,-1.5912897452938322,2.828665152733355,19.04326377257759,0.6534428889384694,0.0,2,0.52
0.301459413957432,0.009402793773687804,0.03239077692737218,0.16451313623072927,-33.456661382607976,-1.2231286146457898,0.672628698474566,16.453547823274064,0.6758529228267554,0.0,2,0.52
0.2752867666422613,0.01608443725889985,0.051833690567939905,0.14602430705635489,-24.048414979232458,-5.269728481313408,8.264092447604362,20.49907136762909,0.881460717703018,0.0,2,0.52
0.2330221888366785,0.0029538844346041994,0.05595548670988898,0.1500323865112826,12.368503253800714,34.9921789785895,-6.088370853982809,15.596529113659136,0.6301741913572703,0.0,2,0.52
0.2929193621510865,-0.04908783065596523,0.029737638653277262,0.11945562979664781,-3.7752271944130324,37.24240572753202,12.422904921225317,17.686298258054755,0.8784204091753893,0.0,2,0.52
0.3485180940903884,-0.019360654601575565,0.03926319267591394,0.23725409617455165,1.3747634388200198,48.47370434982385,0.8418394367291224,19.46492592067076,0.7967681313110004,0.0,2,0.52
0.3035762967217207,0.02779789077813302,0.0352691564366761,0.16444610747075983,-29.301643242148877,3.497369516138672,2.6792573829098156,13.491200522753804,0.650371976631141,0.0,2,0.52
0.2630256622893322,0.025920676007281453,0.018028755848058624,0.24363137528649265,1.486807736152871,29.98788565702478,0.25069012578532507,13.867072682891632,0.6076482447359244,0.0,2,0.52
0.28741322447115963,0.028039328148941757,0.025493503156193406,0.18478518959994514,-33.25118275015048,-6.705229954592562,0.7193168856428249,16.129549069405996,0.9323665622376259,0.0,2,0.52
0.31061823197429456,0.010415027112067508,0.04867395871335274,0.20887218956830825,13.140628674748964,28.221910409628073,4.771776161427766,14.69964365448667,0.788751557357181,0.0,2,0.52
0.31657910819023727,-0.010804270870758225,0.08241197813114692,0.11323500842330772,-35.34399166959687,-5.853478364730302,6.231412216516715,14.079141640664021,0.5985217517488569,0.0,2,0.52
0.3013545469053355,-0.0011715452520670905,0.003271901061071108,0.15266955723260694,-36.205260872308145,-1.854713387009444,9.489549543583188,11.131899237146708,0.8146372934103242,0.0,2,0.52
0.3165962860808897,0.010422572575417082,0.005105944542880247,0.18203415724595237,8.10146202776059,42.79883099626315,-6.443342919083642,12.600488404100878,0.756357980399256,0.0,2,0.52
0.30910720216881304,0.025444897734403064,0.018883821318148253,0.17019188547808306,-27.395020753405902,9.362748273545023,-0.5087455283857802,17.883289911534373,0.6911767197236864,0.0,2,0.52
0.30941529296706105,0.013533537383377363,0.024629544601362064,0.20698353110104037,-32.58469586703153,-5.341506262517973,9.057773596261654,14.305952623219536,0.6605321910545177,0.0,2,0.52
0.2957323938554555,-0.015775718218616838,0.042318419093494195,0.16734589856336318,-34.45423994931006,-4.6085316070911375,-3.1398916011650417,13.838599860055284,0.9082876230585741,0.0,2,0.52
0.3080339299586194,0.017899639446800005,0.03977686133897146,0.1507425875427499,-3.5923901340124265,30.09338469510757,7.456039988612017,14.01065007765832,0.7909813869420443,0.0,2,0.52
0.2799451334233928,-0.03162250511513741,0.05278771677899674,0.17728490856536563,0.5669682316176299,-41.95324677817653,-12.917596784225172,17.382836250512376,0.5678833498309762,0.0,2,0.52
0.25376201626306516,0.012489629231917454,0.037841661099555,0.1932426276511036,-8.650982412872967,-51.13572602838444,1.0500972352263664,21.96750655117015,0.6037482325893726,0.0,2,0.52
0.33774993594475083,-0.005560040568771074,0.0789740707832908,0.20416303393231702,-27.70790503319037,-1.1225748319964695,6.18384482267259,11.369384132016165,0.5981012689356816,0.0,2,0.52
0.2969886602998387,-0.03176689703049013,0.06266019126587229,0.19232161991797075,4.257351171314084,42.64764184072824,3.4930242434565177,16.06011646453209,0.7347867060177445,0.0,2,0.52
0.333858917357915,-0.024775440411809645,0.03685033887945428,0.2226808295916366,-4.595813981109783,-47.22132987735186,-5.071149404100202,11.406073742487777,0.9385820380557912,0.0,2,0.52
0.3126352269655851,-0.027437967953941104,0.009836654262868928,0.33207331729181677,-5.7980103516530574,31.577931745842484,0.6259767081887656,14.475294651334929,0.8367630380476032,0.0,2,0.52
0.2890075752683743,0.006886196568466585,0.035642628448065775,0.18139318453907952,-29.371762136092855,11.68007919728148,-3.2524224302363614,16.863840480864855,0.6396082670444808,0.0,2,0.52
0.26767650148909633,0.018386709745008775,0.03588302288046838,0.22824476076235584,-1.4243281430773078,-27.217530826484506,-0.11814636052109534,21.074380283842288,0.6771490356254356,0.0,2,0.52
0.28666353286065777,-0.006118433833187441,0.02497767544946645,0.2116881184742203,-34.14480181560876,-5.503034896120201,-5.064836521590969,17.433813436691334,0.6423667974330384,0.0,2,0.52
0.2678247569162005,0.022952286891017585,0.014754347003001565,0.24116617782131505,1.9054985215218287,49.78770623013074,11.798652048834363,21.24627034026276,0.8092577927805518,0.0,2,0.52
0.2919197522197306,0.02229300995172925,0.017257646330516855,0.23810516503662646,-29.41954104557005,-5.264416970940549,-1.0781876946772697,14.723064842879277,0.8123197417636686,0.0,2,0.52
0.3278193610358078,-0.02091066766739113,0.02797312470787551,0.16587954765561436,-12.020063868492954,42.86979734945065,4.234939153803606,17.70738694844021,0.7432115029367389,0.0,2,0.52
0.3020088091288218,0.004953419320551517,0.014947275185169468,0.21687521980286187,5.1970469472611,-37.178460727065314,1.8363739049729975,14.089595080842058,0.5521965603478209,0.0,2,0.52
0.2902000408402906,-0.00953888535919796,0.11284609281759561,0.19249478950841903,4.307960291078571,35.4494394189243,2.8695213969781586,16.340942402939543,0.623518055374801,0.0,2,0.52
0.3149582042678029,0.00520125963898978,0.055509005278870406,0.2151548296141976,-28.923956898243148,-6.160194822553948,9.622269337506497,15.93421993065175,0.9082313359362076,0.0,2,0.52
0.32039262647805067,-0.03146397567867091,0.0052018719460884275,0.13484594188488694,-3.1118723279261333,38.463005132954216,-0.7296709760229347,20.314167409397438,0.8087751220287256,0.0,2,0.52
0.33991462347337414,-0.014931424161361093,0.07296628133612913,0.15853018389322254,-5.7978598204995135,-51.658624157134156,-2.664540101616905,11.501451341607458,0.8094814606586733,0.0,2,0.52
0.33192066270778986,0.020745507079184305,0.05141525054407353,0.19915599687312435,-36.33056139255281,-1.0057745578203463,5.636438240330723,9.821826057625602,0.7488331641258065,0.0,2,0.52
0.307846480539565,0.019600742613194302,0.0632257466630587,0.19830126996959416,3.6269573804087107,46.96257731599077,-3.6091909863120053,14.794698024603429,0.9182670766830798,0.0,2,0.52
0.3445426583326416,-0.022344153683326474,0.025180496099409373,0.21215668357080233,-5.841623885075796,34.14811939862125,0.43252499989261695,7.706740682175202,0.7686979974833245,0.0,2,0.52
0.30679477346700246,-0.011061788726004215,0.06177611722528601,0.2166686395636324,0.409710647657452,-41.14997982674562,-4.489314790019544,18.768866250091968,0.8061728765070721,0.0,2,0.52
0.33297502686383523,-0.003942946621833032,0.01931042044155397,0.15109027095804786,-3.695465900286378,-31.208434671576327,-6.812034412502771,14.25913511703503,0.6249897077947645,0.0,2,0.52
0.24195774126723324,0.02669994079609846,0.02778525440490391,0.1962223519895183,-9.536235613394814,30.82151083409414,-0.6439383795192273,14.057082122856805,0.715168133893704,0.0,2,0.52
0.32631085556107736,-0.01015675831939438,0.03847834287533018,0.17965452206425853,3.117159864519111,37.88130166363558,-1.8342166004303357,21.05245401699307,0.7316518852615367,0.0,2,0.52
0.2701330937845499,0.024584568688565987,0.011312675324358873,0.15341191577449717,-29.566577043749966,0.26237702077980407,-0.05702142251996743,19.163545931737193,0.9423551715437188,0.0,2,0.52
0.33611848496564445,0.04226090865827231,0.05136925720140228,0.22620522440460925,-18.405407431287813,46.87631788069901,-3.276125832615283,13.667404011840832,0.5671800657400476,0.0,2,0.52
0.2893478084895183,-0.00016501938800953127,0.019250778919990864,0.18135363777237784,-27.02032910694198,1.2257689112128896,-7.616596068342051,10.69024632387786,0.8791244713973284,0.0,2,0.52
0.2766960623219505,0.009726545708179579,0.018853415288468418,0.1945599870323863,-34.30307745526166,-1.031753811312947,-8.91454948642943,22.960658896866263,0.7367803431788996,0.0,2,0.52
0.24007254076749113,0.00622607211974238,0.031129808006495382,0.12571229738222395,-34.46256675786222,4.089357393653801,-4.064553930361089,11.693035416589385,0.9203314485245504,0.0,2,0.52
0.3330398343490109,0.024162516233177733,0.042094155073179346,0.23622492739786563,-33.44577940521814,-4.367375458424117,-7.022706919975184,12.542515274258589,0.7661276561612892,0.0,2,0.52
0.292856337636646,-0.009537154020026677,0.017598776035780844,0.2558582899734882,-2.928738933197586,49.823051408748924,0.668989352021821,15.001218913401717,0.5969381703199432,0.0,2,0.52
0.2977168837244246,-0.0011183788843621566,0.05750918343106357,0.18651369477962537,3.6826700103026706,-48.30863131759661,-2.3283896930941177,16.488311130788205,0.6376310559205245,0.0,2,0.52
0.2947583501676655,-0.015393930893930697,0.024128913898187082,0.13263713344564954,-35.257266314886444,7.114079131555701,-8.72128840344491,12.082478292050094,0.9298289182541268,0.0,2,0.52
0.3478577071396375,-0.028647067117775815,0.06324343515174997,0.21884240071436778,-33.026182674306924,-17.496150712737723,-4.6851610298559185,11.980652463637869,0.601507726359979,0.0,2,0.52
0.2869546929346173,0.01861620154285099,0.041827884743838056,0.20768493470442595,-30.825464008458383,-2.1173980276106814,-3.4817179227369173,13.166230938443531,0.6352044076316137,0.0,2,0.52
0.3987650819367502,0.015850957080332538,0.04078288622894455,0.15536837719933277,-3.7800844371306574,-51.08004134686247,0.9025765517399488,16.908749141173008,0.5730255192622791,0.0,2,0.52
0.3867241121051103,-0.015271541631094161,0.008771975929646385,0.22186598440347088,-2.638578264565969,35.84956208232019,-3.418638292431228,21.76766156443643,0.5878394281589143,0.0,2,0.52
0.27316512728316633,0.014156864552221107,0.0410183812772168,0.2115966160781756,-37.24228031553753,-14.808829391389606,-6.98850744161101,12.48881859056187,0.5524990864307637,0.0,2,0.52
0.34658575495025007,-0.01909346382475966,0.009965707076411442,0.2808982722007993,-26.809735387898904,2.5747699671230078,-5.746452418842915,20.57356339471647,0.8556931446586731,0.0,2,0.52
0.25791525650681124,0.007797436725633666,0.018785187390564687,0.1826137066072448,-5.720122973802895,35.54020192325275,-3.177760661854447,18.65105934137273,0.6106114115969155,0.0,2,0.52
0.28229399867684063,0.015947762779452205,0.024156734038747102,0.2565405063604912,-35.31359476169281,-12.668989229029252,-5.513002645082132,16.201863126567435,0.9028625372298313,0.0,2,0.52
0.29742889507108217,-0.024189292749705715,0.04118334587966891,0.12427952467105162,-23.140750338715577,-1.1682000016775589,1.1393891076450318,9.762338225593922,0.7712031686582851,0.0,2,0.52
0.2557255030270755,-0.013235256640086115,0.003805511023858408,0.1995572466404773,-36.82884569743186,-2.8532011560986823,5.580078110546013,26.199532026583977,0.7970770938610044,0.0,2,0.52
0.2686515231618629,0.017963509296950092,0.058458483666991815,0.1874652831137854,-30.742266158810935,-11.997034186919857,9.300580283342883,17.837390425306353,0.8650280946101669,0.0,2,0.52
0.3545977585815256,-0.035308450136303314,0.005161538589770483,0.22530928166409028,-23.1127553470722,2.2883685382420644,-9.815733890113306,14.526877438101456,0.7792475551063016,0.0,2,0.52
0.3376371429334201,0.003919275771622032,0.0897535249311639,0.19447897829665795,-37.2705867631061,-3.783944585169025,8.019929314197526,9.845947206008793,0.6357163003180979,0.0,2,0.52
0.2834575194475132,0.004351023323515896,0.04161385330304956,0.2295873045800985,-26.15266624213384,-16.008741318794392,5.073053644950089,13.624189243332113,0.841043424891186,0.0,2,0.52
0.28134564413124,0.008999793631776732,0.010968384651172627,0.19284768004089772,0.3096379890656594,-39.51749173564411,-5.284018539435547,15.475700068711486,0.8491021391449669,0.0,2,0.52
0.3338185091769915,0.039353830717849515,0.09957742783526334,0.16497475355496913,-0.4197782937871749,-50.81773723846542,-9.021846904169067,8.613955093858387,0.9442034600241427,0.0,2,0.52
0.34349471501322054,0.016518566837130898,0.027501363072502547,0.19347780617265262,1.7513723818812315,48.6434903866939,5.393848785632103,11.007777941912481,0.6458455358675597,0.0,2,0.52
0.29845318581472036,0.02241212624090299,0.022898777898420826,0.1991470770084817,-2.4976357526121005,-46.2854179221995,-2.0418981846960538,13.23487387283715,0.8615215421720925,0.0,2,0.52
0.3506215625373535,0.00398535610871217,0.026893747965127193,0.18059870817699814,7.2776001220032605,42.21943443427709,-12.571564238912993,13.938684800945179,0.7597282042436212,0.0,2,0.52
0.2561795370698717,-0.03590441116949527,0.009862297334622478,0.15875647047071662,8.276982390002111,-34.23159964504423,3.944801419054828,10.769318777968522,0.7444126934346167,0.0,2,0.52
0.32595197919608654,0.010678498929201889,0.05221893182636982,0.13863926424154413,8.338856361541342,43.471797749572545,1.5821069708479847,19.531348066240497,0.711341667974601,0.0,2,0.52
0.24593334392363247,0.024769881046958285,0.03077277803365997,0.1457302708397242,-37.755129185942664,7.000390599568673,-1.3369753352774358,22.24789557774171,0.9464266642488017,0.0,2,0.52
0.2708171721105038,-0.01799790220393284,0.043341471032982526,0.17596437137499651,-25.844016869882914,-2.776457240094982,8.127728436497645,13.243923312574672,0.677264535436628,0.0,2,0.52
0.2561745772548162,-0.016325843321584276,0.014506829347742077,0.22404572677719248,6.271257211555515,-36.37391228223828,5.451458655593401,11.546189924073555,0.7028035661136789,0.0,2,0.52
0.2943334081344347,0.0004260563153672263,0.03158517910646894,0.24441365114555,12.318069744053279,34.24376013028028,3.018231830599541,15.040973291705011,0.7672771897638646,0.0,2,0.52
0.217280227491908,-0.017828615772407228,0.03460148860909185,0.1427436506939115,1.939904783214841,50.04049475045263,-0.89871275604466,19.384524367471894,0.8505123037241115,0.0,2,0.52
0.2780947091021697,-0.015910250666796553,0.015261187247249211,0.29011449258445404,3.6337606191936396,-33.265057251105446,-1.147222532295904,15.119808640409246,0.683959771207814,0.0,2,0.52
0.2863816518580126,-0.024757507436650943,0.014242490909004982,0.22673869157561868,-31.68213974039416,12.32271863402194,3.4507818592961166,8.893382032990603,0.6111023391844084,0.0,2,0.52
0.2554990155494878,-0.015524109193016934,0.04800274365820939,0.2090252749845252,-1.4572200121910488,49.65223524004257,0.3431093110125676,12.496219910319805,0.5504016964348164,0.0,2,0.52
0.28657943062258606,-0.047435790780596176,0.036480368965384743,0.18072743969277885,1.9582308074850228,-39.484700577857296,-8.329518283174838,20.067053739112666,0.8594787106149251,0.0,2,0.52
0.25136546941098936,0.0010377671567151996,0.0694563212008969,0.20368168741370962,15.261337011296975,-46.49636551963283,-2.801095241271798,14.808309433953657,0.6095559667886193,0.0,2,0.52
0.25995087461029165,-0.014724532413901235,0.027366725371681017,0.18029770516328145,7.409003802083846,36.006412119200064,6.14616977841418,13.309874762064,0.8712734033385763,0.0,2,0.52
0.2919356816477228,-0.02615767239741691,0.03153889859318605,0.24837018935398647,-1.4447555440369628,49.22965130367126,3.8878353622489223,19.248426049617585,0.7205773080273881,0.0,2,0.52
0.28742821743489316,0.00038495485979997987,0.07565833482845412,0.18467122220154528,-31.782046061262847,-5.516458735422576,-2.615115055589421,19.870834077759227,0.8780760014154374,0.0,2,0.52
0.3060562162841588,0.004748307469301475,0.0676698879809776,0.2212666225129934,-30.020379683714843,-2.38292160980441,4.4257499397223645,12.998484749580697,0.8971819002374963,0.0,2,0.52
0.3358690739831457,0.02320686155638179,0.020083813399416544,0.18988422655840592,3.8742591930677124,-31.067903557252354,-3.4054283315790563,15.61308855940449,0.9331886498942701,0.0,2,0.52
0.32860962532600096,0.009302856345983093,0.08722330056014085,0.17014605010572414,-1.4954580147437344,46.69541990772104,5.012366432294918,14.524856417346433,0.6289000584318707,0.0,2,0.52
0.3012575201752276,-0.033039968907816505,0.04240194127875174,0.23970739097620253,-28.45448395653286,-1.8892409460519282,2.5323833820722284,8.07333562650956,0.8550040096547451,0.0,2,0.52
0.239956007200905,0.0021489311060470173,0.003230051438106717,0.2618829292583343,-28.478527967898653,8.28032044435602,-5.361423338787641,16.11711801644809,0.672661356792755,0.0,2,0.52
0.33774502235215076,0.009033856742021458,0.040911836103564,0.10281837412276816,-1.846274901719927,36.410666506926454,-5.349314980760834,10.85477072904833,0.5995088388665097,0.0,2,0.52
0.28132718602956425,0.018328339558345515,0.1253078966830376,0.182804734542574,-24.667000197482487,1.9499993887126894,-1.0261632251752255,21.48807049225765,0.7493328329596874,0.0,2,0.52
0.28178087345558517,0.014243835560015301,0.018554847293746318,0.2772388361502525,-30.694633809258974,5.583205916611361,2.652646424165167,22.730328034017237,0.6474648187039402,0.0,2,0.52
0.23119721164150495,0.01508476761854669,0.09921634564739329,0.22068073025856771,6.108924921436513,28.719929375119563,5.240205361311183,14.60971458373079,0.7199081004142523,0.0,2,0.52
0.2899258855978637,-0.027940717452501405,0.045707521611917476,0.2036885805979781,-30.380637154623262,8.271075196610399,-0.8589673702765378,18.02348843524468,0.8660742473215945,0.0,2,0.52
0.2282419829189234,-0.014483401414209842,0.035373933560505874,0.20841249749571886,-37.25297797937952,-12.256086813836468,-4.159816431872158,13.88659504927351,0.8599137659858753,0.0,2,0.52
0.3329229966229262,-0.014142787948345151,0.030073530422183792,0.22992857478816606,1.7845480790646397,-32.216367013568096,-7.900370558586822,18.53902810044671,0.6887176876416679,0.0,2,0.52
0.28208682580181155,0.00826590785233708,0.032398037030325025,0.17933159794450143,-28.335710519375823,-9.877809718913925,-2.284683950541228,6.635501198523901,0.667751778661758,0.0,2,0.52
0.33891403364409517,-0.03464834705053065,0.01707854287138449,0.13348128959669447,-27.362487262425915,-3.597862364628099,1.1397636900567385,24.373982300307013,0.6236290638055462,0.0,2,0.52
0.2592550176704898,0.030059131745148307,0.03448987531977565,0.1503105999282045,-25.855752212120528,-3.086433976862671,-3.489458216530708,20.84878637562175,0.8519622830388173,0.0,2,0.52
0.30153663276443665,-8.482317947026619e-05,0.0100039370566515,0.16843935287786888,1.9087745638816294,36.91454260866047,3.5159304607780943,14.467642695495794,0.5541449382403608,0.0,2,0.52
0.32988920789444737,-0.007508327118901429,0.025097098291095146,0.17359903130090448,2.8140719393666878,-36.95818170652497,-9.201892955479073,14.635213410954997,0.7466205079029881,0.0,2,0.52
0.3226607406769145,-0.004583955975271244,0.06250615852465603,0.13761607461855174,-1.8425753420334523,47.85133895869168,-3.176295012130451,9.290153118602188,0.8794474344113778,0.0,2,0.52
0.29481963875955614,0.025483207827070614,0.02864810606570934,0.15448890576448024,-31.467988037086634,6.315243317562234,-2.2775062533026036,14.46770027849065,0.721089449689246,0.0,2,0.52
0.2986239628618894,0.012515703975239177,0.04284540688944541,0.1729439322830167,-32.810687994148424,5.540488771465125,7.100970456486318,7.787106505450287,0.7561138673601676,0.0,2,0.52
0.3260625775912729,0.019500015195450946,0.06828153879945643,0.1489483627290198,-34.5801816551203,-3.8578552943026936,9.926852241637103,21.490823430423493,0.8572757248429934,0.0,2,0.52
0.23650394906377853,0.007617171085871223,0.018928620060816637,0.18399028000090342,-1.7737941524723548,45.21767581456389,4.900046718222572,14.18611280561085,0.8369045096868191,0.0,2,0.52
0.320839543506071,0.0019759756065714324,0.06580778472476716,0.20435454842908118,-29.162852266933058,-2.806016205489107,5.230552387664171,6.684286963139124,0.9229745277853598,0.0,2,0.52
0.28400949317358515,-0.00032519844700553395,0.0050789403874999806,0.2156796114049818,-22.169953401747144,1.8514701626365462,2.0047406905403484,11.097957654797927,0.563907041252498,0.0,2,0.52
0.3171388257725155,-0.024507517767561684,0.08019448295915901,0.1475514002893157,-28.22600583685726,13.53153924912493,0.7098849880231977,24.947241966689454,0.8272581902382159,0.0,2,0.52
0.3192477680879243,-0.021000489493937426,0.040179500445992354,0.2189303502848117,0.2304765772134883,-51.32757811719865,-5.219026722577066,11.544679134814789,0.9078624830623405,0.0,2,0.52
0.27089319631515174,0.02604666595384682,0.026650891395422156,0.2160082448035126,-30.971387522734304,-4.104739641471685,2.4405162368464604,14.596946719619167,0.7362166693816109,0.0,2,0.52
0.2793812378822085,0.009070095902327479,0.031011705750435638,0.1807583380238736,-23.95714933856491,-9.840329605761822,7.555167813302962,13.25458920654871,0.9167419202689513,0.0,2,0.52
0.26345973145252477,0.02995548812841187,0.006109332041139586,0.2164960934179478,-3.0930629598830848,27.067046263721373,13.121904502326737,14.564544725596788,0.6263622998306713,0.0,2,0.52
0.3239903576764129,-0.013860292785704291,0.0050343297393257444,0.19365985257863574,-12.951157040538593,-30.209429922359025,6.566123398805644,16.16246877982309,0.6245926396962173,0.0,2,0.52
0.31260626956210896,0.0220965978730553,0.06725430104260974,0.17272493274030903,-3.3145261566285438,42.80725667308165,7.622998868597178,16.25096134188331,0.5942474272597398,0.0,2,0.52
0.33343212649203835,0.02289065757721636,0.024929430702519916,0.17899397388961474,-5.411067411211722,-50.79758870040041,-2.3994778875065634,12.094247377973806,0.947653229882358,0.0,2,0.52
0.2485546842768974,-0.002795555727275073,0.007864973153481112,0.27508263827768475,2.1180429018014397,-41.37139837623575,-4.481705543959585,18.632051179708206,0.9292478941927363,0.0,2,0.52
0.271007067302668,0.014110856245124958,0.04485077042608903,0.16274217553415776,7.9898750725672585,-29.49205990829124,1.6319433101088716,19.662880746062026,0.6360260200958344,0.0,2,0.52
0.2689614085936257,0.0182513526148152,0.08572692038091344,0.20665602515776804,-5.9265889193040575,-50.54696784557798,-3.0205190266343624,19.972598409477307,0.791429586310474,0.0,2,0.52
0.27368919138418096,-0.0031885529326506363,0.02081858375129586,0.26306888804415984,-8.809997137843876,-28.615006566144004,3.3326222228627738,14.979325394519288,0.6855734699584701,0.0,2,0.52
0.30389300278299075,-0.010745140995020068,0.014842764016647065,0.20713293131984292,2.709038229676905,-28.79520234336698,9.181425874136785,15.55028587667542,0.8674238500367727,0.0,2,0.52
0.29539706969972096,-0.0058009649301817125,0.02124661524590038,0.16872893582280396,5.936378190839707,28.822890897268167,-4.255608310256916,11.656551641284826,0.924838089648361,0.0,2,0.52
0.299279094517954,0.006697366647573937,0.009186452980617717,0.1971473101504155,-23.763105389812438,-10.184679929474965,3.7251656227618395,19.021735994329493,0.6808640892607076,0.0,2,0.52
0.3306375193017712,-0.03455254305187191,0.05098767246912431,0.14828260119789094,-0.8922659428247367,37.51774052563863,-4.0216378956192,19.297742677903482,0.6798031914542924,0.0,2,0.52
0.2743814109505377,-0.04858212706571175,0.025268637634423347,0.16452539457472395,-3.4256933839151245,-36.85555144212687,3.152584552359288,19.031378798638304,0.6656562049221234,0.0,2,0.52
0.31374238875115545,0.019421825061970738,0.07569396028324879,0.19765922390202662,10.813149648963282,30.715304063803472,-4.112625974262131,11.536896744751882,0.9259241010303418,0.0,2,0.52
0.32393199731729183,-0.04852652792331814,0.012621408497618567,0.1519166629799868,-27.354349532073975,6.717877343913181,1.86990278661096,15.658392198587588,0.621514113205642,0.0,2,0.52
0.357423054225412,0.0041484472608325764,0.06691916737344163,0.23154613565944263,-33.73658520284407,-5.00026066666288,5.309060157258196,14.15105878054407,0.6138179955719172,0.0,2,0.52
0.2882522634885873,0.005361839732822043,0.04338030517512154,0.293992025951757,-3.6661564741218715,44.13054900920024,-4.191091036531949,12.026790833574836,0.587133712633805,0.0,2,0.52
0.2472765171527017,-0.009226433569276436,0.025890459981540204,0.19310741499001122,-30.208745117765865,10.046409412263568,-3.6554639102387414,10.850435112487439,0.8237429609441533,0.0,2,0.52
0.32986310116289713,0.0015115323429331577,0.03546581797121113,0.19069103651538313,-27.35851971295026,-4.689573867325451,-2.4698315347932547,18.310913616910362,0.719909200262592,0.0,2,0.52
0.2940444069117216,-0.017975020768930858,0.03761900707340364,0.2204472063825712,-36.944886075980214,3.0927842581595524,8.798777992656245,10.88324244978351,0.6983166320713052,0.0,2,0.52
0.3382558968776499,-0.0040498249645091,0.03631776816656188,0.1143585393175229,-7.083863904183464,47.14320853638925,5.639907672471215,12.103381524186265,0.5916573876940436,0.0,2,0.52
0.27101488836631016,-0.006142391563505945,0.0578848992771606,0.26272926930949253,-30.326488874227877,-6.645801141800826,-3.8820159607377813,9.23596651380922,0.8786220715632771,0.0,2,0.52
0.34387261751867004,0.021516315253071353,0.044615497488365366,0.2799588367979555,-27.40729737743502,4.006965948908037,-2.7012747985267844,15.066451705212634,0.8910915746707004,0.0,2,0.52
0.2848184933416982,0.025638880453811113,0.01727546807819581,0.21759304211395078,-26.982902701591215,6.775718064921305,4.845484230133771,13.828986636516793,0.8456220443245893,0.0,2,0.52
0.3100451302435162,0.008325665079115939,0.03195200846548584,0.2288974730556958,-14.786906016640934,34.88178023402866,0.5795631967302974,5.622682205377499,0.9259169638316809,0.0,2,0.52
0.3051281110006652,-0.02324440109476357,0.04224909998176442,0.19269272401539614,-33.283545963916524,-9.840080528660867,-0.9821346740869612,13.338003807540073,0.7634769845855989,0.0,2,0.52
0.3214178928219945,0.010538931696083886,0.04966823102915159,0.20296686211298262,-23.630226295771813,6.334726174255017,2.9446872690104566,16.95397898187001,0.6669373797382728,0.0,2,0.52
0.3104070794259019,0.0173013109162404,0.012928355099272574,0.2732072665469743,4.975800361580548,-29.264956879739618,9.20366137786535,10.310619575588184,0.8267424745748295,0.0,2,0.52
0.27558247983453865,0.012377510329897813,0.051496248460491695,0.23759678109854226,-27.099014840106204,18.655869568553413,2.8107013193891857,14.268149843729287,0.6247160190194456,0.0,2,0.52
0.3014165380474967,-0.03849296582357777,0.0025828681388488234,0.1917223942134644,7.77802182680203,41.31625170232886,-1.365700520991989,17.368280495276572,0.6302719720420329,0.0,2,0.52
0.2732658749666814,-0.01625027300001361,0.055355317730688226,0.2240490090214314,-12.157290813942161,51.912191321514456,-2.2560672164098916,14.858807521021493,0.5805075927346051,0.0,2,0.52
0.27339398146719446,-0.023480828904034752,0.04362389329253631,0.2934800924417609,-29.05458081812237,2.4162010202182733,3.2846051617632326,14.182899957115906,0.9042573262191426,0.0,2,0.52
0.3379983855515072,0.0130182365663018,0.01526283528767479,0.20701953148798313,-26.896203967518964,-15.682269062786077,2.875486676012242,15.113649092887421,0.6931249694043614,0.0,2,0.52
0.32331529217297017,0.010268162419750187,0.06979396770055628,0.11303734441227714,-0.23747754160779647,46.68778776711957,-0.15236021721170478,12.720228713530542,0.718245803785902,0.0,2,0.52
0.3116092831365187,-0.026533967834815545,0.015061672936930615,0.2000479582860361,-23.358203786348504,-2.509415014941989,3.6742332895931,20.94069914746636,0.5856216324674757,0.0,2,0.52
0.35731906697546423,-0.010395979210391745,0.0615603698476132,0.17854316189174513,0.8455069052053688,-43.68712916192986,-1.9463329087387435,14.741605398840177,0.5590604528905473,0.0,2,0.52
0.33697739186087033,0.0023842663551380382,0.006352279931590163,0.2364773507644583,-22.0366002902403,-15.703161652319455,-3.2001866591580415,14.727701039865135,0.6204333675009687,0.0,2,0.52
0.3733842731310642,0.031745450433369224,0.034520389095104936,0.20916100329987455,-5.295821726741189,-28.026351999583568,8.977258066112979,16.393413931784735,0.6361308578904914,0.0,2,0.52
0.31311378440156007,0.028103347112800794,0.026627810491232,0.23279121315711035,-6.697564896390384,-39.54628370827125,-7.039186081482978,14.898610992036444,0.844656714644037,0.0,2,0.52
0.35361340265262897,-0.03071652968039047,0.0535210545647713,0.1980304192063748,2.0983605848914078,42.32176352077642,7.092658830553439,17.969166018978232,0.5768577808110105,0.0,2,0.52
0.2909548574810672,-0.011033816774924828,0.09412047122004505,0.17976144961242232,-6.61003621257813,42.11639294609951,-1.6989522278835236,12.067347056151107,0.8095469172266567,0.0,2,0.52
0.3180678189814052,-0.007151322455175443,0.05135276064675857,0.12650267760224698,-27.10223657723602,6.960021552494877,-0.18921043833667425,21.289672353059366,0.77267950932982,0.0,2,0.52
0.2799961919317462,-0.03402870445181805,0.0494102934273943,0.22865462257860703,-3.132243458071921,51.031087937995984,2.8303514722278367,11.291346199990329,0.8763471406146448,0.0,2,0.52
0.30181272183976127,0.017441193643958148,0.04760061853650632,0.14784007091260684,5.3414550402490235,51.68334788843883,1.661927140240467,10.000821434636485,0.5822948713600055,0.0,2,0.52
0.32822875119575023,0.0007150322656695066,0.06424144632198105,0.24295137562489572,2.5479000147518454,-36.976324967023125,-1.7389517359609028,13.360113361564132,0.66006675978288,0.0,2,0.52
0.3005746849449707,-0.03134442565377475,0.09665049163701515,0.1612251011834426,7.509382215141454,39.230643275045736,-8.796529323586956,8.568551305895486,0.6687846011744613,0.0,2,0.52
0.3298341603982483,0.00314903053675464,0.031001070085183925,0.15197428570416555,-31.511210018833594,8.995339745173311,4.955765659735352,13.252314703762128,0.9284273829601236,0.0,2,0.52
0.3667179217257042,0.026081131576341284,0.044434276808420554,0.1771673195504056,-27.461664726035565,-4.620431721131902,-12.40239854955345,12.660224280103119,0.7045832421236891,0.0,2,0.52
0.24987354180733842,0.02403359921999949,0.0703810445564132,0.11163121523185679,-34.429571779948155,1.5062170235657157,-5.887730310666539,17.826674187564013,0.7766945020124016,0.0,2,0.52
0.30180532149788003,0.0036284599601267464,0.01381701154864546,0.18203945845296055,-28.84458393714045,-2.4331958511548346,3.72500370132306,10.075330631792028,0.7028738079540187,0.0,2,0.52
0.30444063555956086,0.019585252560289052,0.0355281998417616,0.20727524020956212,-2.340367498859651,41.77283213406753,-8.262773648424812,17.823623777091143,0.5625592676161486,0.0,2,0.52
0.2945605854365665,0.010963889209890916,0.013509947129956321,0.2452655033480359,-24.051507677060616,1.591757389611509,-11.55434743687425,9.294336418773996,0.7085659484064281,0.0,2,0.52
0.290548830276527,0.009772654996433965,0.029961660212014185,0.1865274976929615,-7.857373195079679,-30.631589477442322,2.7584834281481516,13.189945201489513,0.7195324359929052,0.0,2,0.52
0.28704457968548874,0.026933518536720845,0.04446058117676403,0.16858923018763636,-24.199718120516884,-1.2361978394619972,4.251677764902203,13.292164654286529,0.6189146953568596,0.0,2,0.52
0.33138286245093446,-0.0017578871609986715,0.035891288501607437,0.2310917870136908,2.9475962554808905,-40.65859303331285,8.323507590416748,11.309579524308589,0.8249382196039522,0.0,2,0.52
0.31536829475132255,0.010159147865806128,0.03845536536904013,0.08,3.722653911549065,-37.97988053186023,-8.737542941281266,14.459271397507392,0.7766797144238746,0.0,2,0.52
0.2844924154092907,0.0167573677494643,0.048218270626326984,0.1363728195670214,-0.6456773124690113,51.482148357253884,-2.3727128636189483,13.567568787236553,0.5808201393186595,0.0,2,0.52
0.28114066454770514,-0.022857735350544212,0.028209414366114977,0.1713657659871481,-4.379098738410251,46.833092725626145,1.4198179920062868,18.861056002344238,0.9034991844717972,0.0,2,0.52
0.30388408209887824,0.04030989104546648,0.02693665091554606,0.1961487156195214,-0.432516284742111,32.04185328826536,-1.7766852004159237,16.4718702129757,0.9254454350351127,0.0,2,0.52
0.28964891437876267,-0.02536774688694495,0.0397202292643717,0.15989078670318693,-25.855754831849712,-5.890994674934351,7.885975690821945,15.230062629181138,0.6846716894024506,0.0,2,0.52
0.3085369089596823,-0.03923374079046161,0.017543140713295907,0.21534955342877507,-7.393734345258798,36.84802833051284,1.5657572270819096,20.65630318176875,0.5652108447909228,0.0,2,0.52
0.30827248096801174,-0.011117455510805898,0.0369054423192138,0.18940162625875928,-3.377858525612285,-46.10130237423019,4.325599669741189,10.745767527774017,0.9390050813985173,0.0,2,0.52
0.3486044409568303,-0.03323977498986249,0.009541609388812234,0.1847118161311812,4.724964191318742,-38.53469446648803,-1.484991037362759,14.247757248505149,0.8510858223049333,0.0,2,0.52
0.3082001293241541,-0.0010916096326916353,0.026169362115540714,0.21619253414780068,-23.264537777343524,1.6047486326220297,-4.16075148830116,13.62715936401835,0.7885655228863849,0.0,2,0.52
0.3028166145902337,-0.005742070396598492,0.050990269171790385,0.1336418057810468,-0.693066713104477,41.93202546551909,-0.8078271531272205,6.037158748801502,0.6799103964271631,0.0,2,0.52
0.28229534793444017,-0.005633302759837456,0.04110989919479363,0.22622877152361667,-32.0506126174548,1.3895871860041549,9.748982412730538,13.6346844408674,0.7360486530338051,0.0,2,0.52
0.35197659896655914,-0.017595263324012293,0.0210322856908452,0.15527215626519947,-36.85667256220667,-3.7542593949998957,2.734320188516157,14.2452968747805,0.7352985966063605,0.0,2,0.52
0.28776303173842427,0.02792639065728326,0.070882035250173,0.22231268749695415,-5.511173343810154,-42.53905908043029,-2.0824213181993,12.150278382262988,0.8049495633707786,0.0,2,0.52
0.3129070139309526,0.02141841631989054,0.03630687415386912,0.1924466436498443,-0.668472164955024,27.027859941228865,4.152903142375899,15.735000382665588,0.5892078711096892,0.0,2,0.52
0.33091487999041747,-0.0007132138619336135,0.06282744456596255,0.22813649152574986,-35.354961905240174,-6.5656881378670136,-9.655824266629313,13.737678096761865,0.6982308322963914,0.0,2,0.52
0.2903598515866411,0.011271952366312241,0.040443292701407556,0.19659137559949594,-0.7902137813588892,48.57177398002511,5.9902941658851185,18.33196268305388,0.7932733311230624,0.0,2,0.52
0.24755104917655096,0.03408594434639162,0.05412844769279525,0.18093218585461604,6.088685876481171,-41.16153073394243,4.074453877558101,18.843109203035397,0.6659929982171209,0.0,2,0.52
0.23380595563348883,0.023095709007408566,0.017314722353142756,0.23410934177921622,-8.654142521699438,-29.176240101692073,-2.4364182390173035,7.367568572936299,0.8818775385019688,0.0,2,0.52
0.2859615654490724,0.004019127957723462,0.061748143084145335,0.20623685769323807,-28.473620050772272,10.05650068663813,2.31904756438249,15.759065039196676,0.8568317288445968,0.0,2,0.52
0.2784827752010415,0.011935303169332239,0.02007321571830145,0.20811839901404366,-22.990307322827523,6.059815281228649,1.550584205705532,16.038532201929026,0.8230092170320682,0.0,2,0.52
0.3201961694350927,0.005549610646880888,0.05384217032419121,0.1832686274883029,-7.372148662218659,-41.998962119204116,-1.6883626193136387,9.748878016613952,0.8809957697767412,0.0,2,0.52
0.3354572958396793,-0.015457067050683825,0.089973903883295,0.2357453945741415,3.4226796974122444,43.39009231974043,1.3474855490471018,13.464160163153137,0.6399381429435667,0.0,2,0.52
0.2965631658296055,0.01935657621342087,0.04379211956872381,0.25593985731213303,0.7587588436812212,-48.582219274630205,0.9697674377921534,11.040091606802845,0.7845593660627987,0.0,2,0.52
0.3244946808839766,-0.02172384867433144,0.06249737268747766,0.2236603948551235,-35.636286459241646,8.978761017160748,-7.939403837613742,20.873726905298717,0.8572975879895068,0.0,2,0.52
0.3192299565980613,-0.0007904842869121144,0.03584061074573288,0.17613300993924813,-6.720204344814373,-43.66194259381727,3.307583106388237,9.132696120245722,0.909649512394141,0.0,2,0.52
0.30113917961619535,0.0204370976581213,0.029850838255247338,0.22823202645488144,-29.553630707039183,-8.117166293554964,-0.12056921585709054,17.219840505015686,0.5702860861364979,0.0,2,0.52
0.320894439295243,0.023661543622352964,0.03695023140452052,0.18282058526561396,-34.760891517406996,8.479994736276305,7.149941642814897,20.354011709917888,0.6999306799108725,0.0,2,0.52
0.3064921855443845,0.01644224328852302,0.016161539590682682,0.21980919213774025,-2.140362144830525,-34.43068901241026,-7.988950073120474,8.692905797494703,0.7036867620184322,0.0,2,0.52
0.3298175398320935,0.019402839445489633,0.085276006055998,0.2200537541908274,3.4142149824502237,39.472848298316734,2.3932664698876382,11.52729902162295,0.6827808376651889,0.0,2,0.52
0.31034217223697136,0.02665963620355091,0.027155039162688768,0.22513701699200264,2.6791486175425403,30.437565640736576,0.6418844946895703,12.701888524988926,0.930454123739319,0.0,2,0.52
0.3185526253020542,-0.01287247516831484,0.05825461448850149,0.14353229207652146,-31.262814176374135,-1.8313430158645867,9.671426972651258,21.10336544328309,0.9465123669503734,0.0,2,0.52
0.28800127186466357,0.029906932147063903,0.05160148605442249,0.24299245552715745,-14.023131512724085,-28.897842284616146,-12.667715331054719,12.109254915113368,0.5912841733801126,0.0,2,0.52
0.31043693787198745,-0.0059442975307039195,0.056647456772976036,0.25650293113373634,-23.026749978588306,1.2440181346323282,8.005515975379875,10.494488625220228,0.9379946064976072,0.0,2,0.52
0.25752106642100536,0.017171485448044616,0.09019436447779076,0.2133578389290366,-0.2316792015558836,-46.66170869454882,-4.341479412816027,20.29006979851811,0.7210269671224584,0.0,2,0.52
0.2904844591404767,-0.004309462923868618,0.09813400961341513,0.17442615138908182,-27.86889097054638,-6.5849425333856,-5.745171621390291,22.516606583090272,0.6078370391842138,0.0,2,0.52
0.24300889241931242,-0.01834242218117643,0.03250379284379513,0.20402152906748983,-22.54793640676379,3.103000383210512,2.2517899699266293,15.844781708563298,0.5571538968347172,0.0,2,0.52
0.25486268971080817,0.005650296911649842,0.0629162972010105,0.1505916825438373,-31.341979397688405,0.7884204372369804,3.0986688113401915,18.38585072892673,0.8392869532841427,0.0,2,0.52
0.24753151369848778,-0.0283567986526464,0.04897613799045445,0.12949516478798212,-32.5158630947775,-12.278382021429085,2.848922108635781,22.175015497361265,0.7372728304216773,0.0,2,0.52
0.27782069621260325,0.02687043893361399,0.031283138756755785,0.2807853735961519,-0.733079570888601,-41.926540387427266,-3.6378610772810553,20.291100993700454,0.9072198500951854,0.0,2,0.52
0.3293200770097469,0.02949655537991136,0.08686552786026965,0.17854572481606912,7.462164593740878,28.868255591945285,0.004478335409008605,12.048132710619358,0.6554150860733551,0.0,2,0.52
0.2966658209457449,0.002852190849303583,0.06430485018896,0.24716110401364608,9.789202364058498,-30.395937015541858,-1.4436384390739134,25.841969777132135,0.7823086967675403,0.0,2,0.52
0.3231837417270295,-0.010396886882958898,0.05310673995786485,0.24478604067943743,-27.370968348980263,2.120272392325298,3.082505203917361,20.214020564985972,0.5702410330747713,0.0,2,0.52
0.27056865081153103,0.01434781213275435,0.03329555318822854,0.1765828156359628,-31.002848550688086,14.655003884175443,6.211549804899775,15.928138714015647,0.932859183213822,0.0,2,0.52
0.30010653819811095,-0.01638677959518824,0.0503415898492994,0.23897690956662845,11.59463231638632,-32.59201913267263,0.6825987083758338,16.074537771839022,0.8654130851425588,0.0,2,0.52
0.37265632112973507,-0.040976672404095,0.02661887865267515,0.2255960988385154,-8.222293255370111,37.01605217858007,1.9797502628445356,8.86656467640613,0.6400748591797837,0.0,2,0.52
0.30210570881759347,-0.005339126142677084,0.027267805681444726,0.1424304340609441,-8.319716140894752,47.86827076131719,6.283993127962885,16.500389188139906,0.9386041744481133,0.0,2,0.52
0.35711255245220785,-0.009696757861949215,0.06253055182064098,0.2116476192524567,11.636695303323222,-46.5936659976328,-0.342985981172046,16.687968324100446,0.9244772291465446,0.0,2,0.52
0.30006130530684927,-0.015538614370629249,0.010381014829172036,0.16478289452306924,-1.2760587994098964,-38.22557470484475,3.0843344901613037,17.86325597322945,0.760507073970023,0.0,2,0.52
0.3328644764507208,0.0031549629085580707,0.0640376780216369,0.17980693840816933,-35.01204732895522,-3.705431164782392,-5.30058223180239,23.451614270415668,0.8291602305684165,0.0,2,0.52
0.3006689601634045,0.035314504366276527,0.08915597235836231,0.15073749669277484,-28.484649605828665,6.204497884150456,2.172506190049908,13.621827255283154,0.5871151768627225,0.0,2,0.52
0.27711450883469724,-0.019725112870161408,0.013269042092386241,0.1774550602704637,-30.802322633203303,2.1597183255256596,-7.7827669504997,19.19758789189315,0.8421707810125587,0.0,2,0.52
0.27160482588351914,0.01822118770345492,0.049499619804573534,0.16868407728561055,-35.943046128413286,8.270188480426285,8.297802357625173,18.041698299786475,0.6056735513379604,0.0,2,0.52
0.3204334226683664,0.011178328601403439,0.033941353885147116,0.175225560741198,-2.2096203610957548,-51.654396865987835,-7.852335360255411,13.736983771755582,0.6399126540360237,0.0,2,0.52
0.3142156755090034,0.027296354306644243,0.06980454029441727,0.08181346531567053,-17.8623879772066,-26.857915791971614,-2.033167554403445,14.427236756533183,0.559432887073594,0.0,2,0.52
0.30484536745757124,-0.026262240673458514,0.029923512566756346,0.1886059868789582,-13.612436975199731,-43.30834972747248,-5.209663343891757,14.59000124926554,0.8302956834502727,0.0,2,0.52
0.33029365035143804,0.00031362787734767424,0.013416129951961767,0.283943951265576,-29.169314078987675,-15.18577081299529,-2.7485386658122524,8.372971606180958,0.585208052362176,0.0,2,0.52
0.2921973338874694,-0.0008546745021060718,0.012963175854175647,0.17314449414537267,-26.67531630357718,9.858055305060887,5.55332049972077,14.07042786003673,0.6474756550685705,0.0,2,0.52
0.3268506322663069,-0.01427527927072405,0.03643024435871728,0.24084505150933233,-24.732261310081892,-6.5746994636907194,-3.894456526553533,15.09554053789766,0.5819333668691253,0.0,2,0.52
0.30998732620092473,0.010463509056746785,0.042422827605236954,0.2929948054722004,-26.447514437793785,10.364111895169652,4.802100793734173,22.111176652122467,0.8055329562920769,0.0,2,0.52
0.31681556594850213,0.02858098773042567,0.05441967940446958,0.2335751701572693,-1.9603485922104706,43.80719131801105,-3.865186972611305,20.31391372424963,0.6071171048047589,0.0,2,0.52
0.3046284203673426,0.001906584513178255,0.04897298496026589,0.19375540043621092,0.18929181752234664,-36.49346062247269,3.3068674205637443,14.165258316205996,0.7348132851659017,0.0,2,0.52
0.2883792191741229,0.0017636943831625077,0.03994906728547212,0.20301683885290533,3.687390432273485,33.9234629102536,-0.638683345588926,11.62289374790363,0.8137580908647515,0.0,2,0.52
0.27370242458495153,-0.007126346694668589,0.01987979914608233,0.16340951344019683,1.143616216997508,49.41712491579437,2.5802964191009776,18.76120149766475,0.7906093866112591,0.0,2,0.52
0.25593211990150616,-0.030605901152251223,0.01628376815501545,0.15323195906922077,-32.839110927858556,-11.36881773874017,-2.5000216469775456,18.005753299754033,0.805405720337917,0.0,2,0.52
0.26452233498669525,0.005156682588509258,0.05907943269638001,0.2226110627181541,-36.320263016919945,-0.3911672481389636,-3.093926042338552,10.756116025410556,0.8577707676188538,0.0,2,0.52
0.261818187504924,-0.0014244721005707334,0.0033985686925899804,0.17746023511421044,-1.282169242079211,41.1018601926929,7.5319591417014,15.869134334124817,0.7880501560256334,0.0,2,0.52
0.33576567735541285,0.017889476740098737,0.04131298070251557,0.1959290490020587,-36.44474667688066,8.810670166389109,1.0914112012568442,8.84825390693262,0.9330459670443018,0.0,2,0.52
0.3196092473619961,0.038664690054469965,0.05561771146400153,0.21520662854703934,-34.98634296990384,19.064138986802597,5.787792249491671,11.090029630574492,0.8880104344082798,0.0,2,0.52
0.28391639350645737,-0.013545805089680443,0.10221932373907594,0.12472473898495515,-25.81563974042418,-0.23257038772047167,-8.009525110926335,23.19413114913734,0.6153731787792193,0.0,2,0.52
0.3255545447017278,0.03196125673208344,0.008535314720630183,0.18106440921980746,-28.286993823794212,-1.5709843710146205,-2.3218355750833624,11.725099184055072,0.8208473345483276,0.0,2,0.52
0.30662167150580466,0.0077617341603017425,0.04557276190093304,0.2402028818638259,-6.338261602347449,48.90062215887796,-3.7147426464476814,11.65640062068428,0.6461101441993532,0.0,2,0.52
0.31924029446112645,0.0036670407550816702,0.08991516874729528,0.20381895083756713,-2.333820655030705,-47.788686884029886,1.4290620519867554,12.219251064112191,0.9013906222080742,0.0,2,0.52
0.2775970139888355,0.009150230318706199,0.0204202656822437,0.2065677840001171,-24.33127662114616,-12.428345098747586,7.776984273741578,17.491817633667452,0.6388208870541235,0.0,2,0.52
0.31393249640432,0.003758916197780983,0.01539607782252557,0.1840350893860023,-6.1983610698654354,40.468723948192704,6.027536861898555,12.017067514141962,0.7592252803721005,0.0,2,0.52
0.3089172342373225,0.013120117083524322,0.025662609186374488,0.182443392429181,-3.6469782132909234,33.679285646769955,-4.597166244388574,18.669965445896796,0.7349508927621233,0.0,2,0.52
0.36181848679046674,0.004906503988238417,0.06435132489772646,0.19296435714162696,14.197307185018861,-34.49534377989319,0.2288475553284772,12.912344441914595,0.8862601298964501,0.0,2,0.52
0.3050788515753582,0.0036440415578548875,0.04400835154141844,0.24996174609139557,-6.435113214315274,-49.99680259256546,10.418169881607557,8.020435825719257,0.6798862662148962,0.0,2,0.52
0.32098284032651553,0.01685429478532009,0.04574243142350511,0.22805178800275863,-34.01206661968707,-14.085258306131074,-2.030973077350195,16.200877481492153,0.736884255650356,0.0,2,0.52
0.3095078107493432,0.0021239591165424752,0.023934154709268476,0.1741171221437241,-30.814923473385058,-3.0488631214414053,4.7093686074158665,13.539296156576146,0.9271781871363102,0.0,2,0.52
0.33414469533605423,-0.008554975876015143,0.04721002347512606,0.18232693434639197,-4.3779487125172185,-35.17710673409349,1.6734222157954113,18.94109272410369,0.5549628557709979,0.0,2,0.52
0.29199008013118594,-0.030322801088138812,0.05857994212378484,0.24300503446666755,3.237027118893238,-49.27429976121182,4.1210361684682315,15.44243932597779,0.8106842643146991,0.0,2,0.52
0.28996141683560406,0.006686242762623747,0.012084285162805587,0.1908602619113743,-34.08401561595963,20.017215937360366,-3.798395060238607,10.684924739659095,0.8012261613323234,0.0,2,0.52
0.3141545523537527,-0.0012493457472608491,0.05749183117830077,0.25985243575862693,0.22873550384849053,33.948448950690455,8.530216546268898,15.195991871461509,0.6110351011781824,0.0,2,0.52
0.3472071173115194,0.013566561531393224,0.08266702431190848,0.2227879868303215,1.619316166778332,-28.86204367441558,4.32649158672291,14.923135386755893,0.815835210717579,0.0,2,0.52
0.35300933747554875,0.00696377281871511,0.044579115140092655,0.1979085191898186,-35.895163471053706,-1.1699174786311164,1.6848686986402863,17.490849348677894,0.5630314724516803,0.0,2,0.52
0.3060763758518142,-0.013892513515178603,0.04694980450193265,0.2058500441009592,4.02724457070646,-44.00709517387897,-5.163994062475773,10.235975710489253,0.8918329581124209,0.0,2,0.52
0.31945900071390493,0.023250678048993577,0.02081175874376838,0.1594983932772036,-33.45358016288349,6.416828973115916,6.125634460107485,14.898787141889581,0.7535425957329428,0.0,2,0.52
0.3021063195024832,0.014436499843464484,0.049643229732305866,0.22866696223231492,-3.705574802720285,32.00502518332008,1.8369254563946211,14.003523664068622,0.9322845885670981,0.0,2,0.52
0.24338703117370883,0.022649862806001234,0.02621840236876303,0.21210328371130976,0.9433775646474007,33.03898044265545,-3.927330334757454,20.34595995933753,0.5769996081305311,0.0,2,0.52
0.2994382830871231,-0.0003371450858016897,0.021895571750117634,0.19619285523604535,-9.915980382276029,35.10576617498777,9.736769422779258,13.693160429525548,0.9404752080447741,0.0,2,0.52
0.2759876451782893,-0.011506029592995968,0.03580030406004994,0.1350282524934788,5.119730019819538,-49.35195309858122,7.165364296139338,20.624410719795655,0.8910719462294382,0.0,2,0.52
0.3458298465612805,-0.012330241078496907,0.053936379221938294,0.21205718313189334,-30.443833583958238,-1.1362595228534573,-3.446336065005686,14.046511471241896,0.6224754755951167,0.0,2,0.52
0.2906969614353111,-0.036069830360973214,0.027035742684412098,0.2148419202347734,-30.359980683745086,6.754872461684642,2.7127520973336807,18.039366364100406,0.9121244591119606,0.0,2,0.52
0.29705997233220566,-0.0009364893082247142,0.016384939923347597,0.20736722110545816,4.350068677325175,38.326565273590894,-2.655461040698222,15.21578105250136,0.6220278688952738,0.0,2,0.52
0.3076395343625203,0.015139551990912777,0.027254855616630283,0.205054602421144,-2.2833484031785143,-38.68553469489203,-4.110663441607651,20.145560308652,0.8001562520501724,0.0,2,0.52
0.31452666942538215,-0.0436265260363989,0.028492605016718676,0.19805876415195703,-1.321576358283414,-26.687408104840266,-3.6750094358128638,26.43460153964422,0.5553586382895777,0.0,2,0.52
0.31776208135812156,0.00019235284450003917,0.08926214270621538,0.1797820644041138,6.062560171474161,46.069363818043286,-4.083797813300832,10.40473822746213,0.8163379873054195,0.0,2,0.52
0.30811619908073634,-0.036805093065150105,0.02353259582934843,0.22909100858294487,5.071166849820965,-48.53106916076803,13.190140856221678,16.92258131925955,0.8277392339941836,0.0,2,0.52
0.2980025729582833,0.03505819180987718,0.053592787032367334,0.22966418028490493,-27.456730193191866,2.5260125809593323,9.895147012270902,14.45144431348319,0.6768810212660737,0.0,2,0.52
0.2741228391577426,0.01136836176743517,0.04332413949499037,0.16246270228690735,-31.574470201719972,9.397492688419941,-4.886705750616032,11.66519539756653,0.8573540972068074,0.0,2,0.52
0.2806645774388414,0.0065831622163321606,0.053613563000708464,0.18893954036698413,-25.16298814858788,7.299148492040552,-0.13735169200156905,10.59472643151829,0.6427854929211406,0.0,2,0.52
0.33899182332518224,-0.016596815991419208,0.019251200274375,0.21222544215492717,-24.715786494416797,-2.9543668119423123,-3.675492915404387,15.377925834897045,0.5739346380804653,0.0,2,0.52
0.2910439643007941,-0.018165937531551123,0.0015119121784887058,0.20261063579519598,7.467589049680552,32.961657166384285,2.739811994883615,11.3096583174883,0.8176621049414416,0.0,2,0.52
0.2725617359943713,0.006061377519948916,0.04145041339178676,0.19167279452538974,-22.69671039249402,1.8970620354989118,-9.82731875972219,15.325681310341272,0.8758673332829462,0.0,2,0.52
0.29474751945643124,0.0065176001100709525,0.07780286702649244,0.17771934361921377,-26.405981565472437,-8.45477326445033,-2.0139491068426056,21.666037546792953,0.6674613078982158,0.0,2,0.52
0.2792039036712954,-0.005354758866496426,0.05114758220610888,0.2201855681090946,-25.64597969557904,-9.71274837330876,-7.622497905933248,5.486016639086177,0.8283498794361783,0.0,2,0.52
0.28996701628205873,-0.01480077769013075,0.039823390385815255,0.21660224558140415,-36.318660092922435,-0.39627650948167625,0.2290162794636372,7.402867808340361,0.9425875946722274,0.0,2,0.52
0.24513817203159163,-0.0009400910019105813,0.020106560768325097,0.2622867781053172,-32.01016036047436,-9.624041558877733,12.579641448072092,5.961197708770479,0.8724075111137528,0.0,2,0.52
0.32189169451742283,0.018558274526417905,0.03842997581517355,0.16504277824094732,-28.913527523365524,3.0993487224496543,-1.5392370830133757,20.946208085333957,0.6021468052689514,0.0,2,0.52
0.2996263689889085,-0.001082707531017927,0.06714036829590107,0.2527088578843847,6.677189605074846,31.85613013217815,-2.7878094224725376,15.2933874456945,0.8040897157531728,0.0,2,0.52
0.3142836057915136,0.013306795894481423,0.05983111839703034,0.23490284523842817,-31.168538730773577,-16.60890784378427,-2.580621408945793,10.074711753526799,0.5812762320771896,0.0,2,0.52
0.2816939502130947,0.0371358183169981,0.005798883046744579,0.17971437252441846,-24.11674666029017,-10.766132682097718,6.420435164783735,14.340046591902839,0.6527849718703097,0.0,2,0.52
0.27558880166413274,0.0027149100372284786,0.03667299324243773,0.18512991929074,-35.98589246001383,-0.342764923608231,-2.7971725617007266,9.806624071289956,0.9405419335974317,0.0,2,0.52
0.2736068783294661,-0.019810286976567514,0.08321352477154242,0.18033250939114912,-33.49404314831722,17.907124446248208,-7.070968287018353,14.753280615727409,0.69232292302788,0.0,2,0.52
0.24668424493167387,-0.004386394230058701,0.020999216966264007,0.209447251712368,-2.1067574699093745,-49.77726880148923,6.326713143319894,10.120340092435894,0.7634144813742199,0.0,2,0.52
0.32325165218243984,-0.02519917200345272,0.05784267670401277,0.1739581973634786,10.848779095209675,34.31469426049882,3.0178121095112536,9.850044113766543,0.5939472852397023,0.0,2,0.52
0.25512834311374166,0.0007121136001889916,0.039972417790035665,0.1407997928727608,-26.63639781329168,-11.204594901409376,-1.2690430618937711,21.679528045305055,0.9128783198643413,0.0,2,0.52
0.3121309227481037,0.014551736435754914,0.051868849314613025,0.20698480864512064,-30.03238900659744,-3.6973673431284992,-10.581189409071232,17.360722980860015,0.9467664633000135,0.0,2,0.52
0.2716010424146804,0.006699676428610035,0.011279288710418953,0.13091258221946245,-29.116316226417204,-26.773615677885367,4.971677907161581,15.346751388610405,0.6039365012773993,0.0,2,0.52
0.24402813950145333,-0.010084192029465847,0.03781727978220782,0.24140338636207187,0.33086307582487107,-51.61030748801151,8.476117158886211,21.196739863518346,0.824849756218494,0.0,2,0.52
0.28244908270941194,0.02433638504821689,0.053477725339555006,0.14071942553723638,-26.507869618557972,-8.803034267426362,-6.946426831793402,14.91580216104797,0.6872443888408906,0.0,2,0.52
0.2914213881129277,0.0074867235342506,0.06536311359071491,0.2074211635552238,-29.998553238126217,-4.891642922887957,0.1835490337955198,21.074306851936228,0.5663134719824434,0.0,2,0.52
0.27068327654678,0.02603887904673411,0.05836648175789386,0.2150932750208596,-13.448046053950627,26.231853207729966,-0.0101729877564769,15.144771398938373,0.7209773301565622,0.0,2,0.52
0.31179642512775607,0.012499472679359707,0.025727159200346385,0.17190021103145028,-35.91677975793036,4.453312882307424,-11.184428610352573,15.659648471979379,0.6888442512988815,0.0,2,0.52
0.33167996200039984,0.012497953986778816,0.009909481738777698,0.19849695793645689,3.8793942589152826,-26.114902031372182,-2.0260163260233495,17.79297717746217,0.7848749453978126,0.0,2,0.52
0.2839953221870725,-0.034413872436925744,0.02336715957747916,0.2103153387913928,5.448429078898128,29.901038143746245,-2.4077172054224834,15.609937801591805,0.7099305515431856,0.0,2,0.52
0.2764330140787237,0.0005210439588249237,0.01876304352193771,0.19397913620673213,-30.208543814124532,-6.103025721071204,-2.503185477503125,21.61071374161982,0.774172524152476,0.0,2,0.52
0.26921911274240196,0.010360048750311079,0.011453308784405,0.2600344756807487,-4.218382815077934,35.257582482717034,7.967825056793569,17.763629370017426,0.6944396728435669,0.0,2,0.52
0.33832039026735655,0.03490566456872643,0.02757996066187861,0.2040726542112933,-33.279187129426695,-0.9999022825108586,-10.465221782050405,11.62850397150732,0.6645829391025243,0.0,2,0.52
0.250869879837739,0.010175407333295377,0.02744457099569554,0.2578242808312197,-27.509689360132406,-8.0046378885943,8.577881485771716,16.53470491662659,0.8069914372219575,0.0,2,0.52
0.34678381100194655,0.008770213374715124,0.02295635993387926,0.13930762625716353,-37.52076628218137,4.166959728639709,8.998401364214615,15.368680326336055,0.888513391522064,0.0,2,0.52
0.2821963523062169,0.00019165791352782045,0.021859828212327764,0.29902389667998347,-35.16411556280676,13.896227007435039,0.09556129650843904,16.819792783017498,0.6931385702362933,0.0,2,0.52
0.35629650469919466,-0.021144651346847336,0.08184792412973768,0.2878195635057355,-3.538522567578157,-27.69608039130281,-6.9388246374461495,18.764803825128887,0.6930564746645366,0.0,2,0.52
0.27627886412477165,0.027698134293641367,0.04628725005431076,0.18976308244654655,-22.26118281228241,3.694181255283653,-0.8988067880070134,12.945495138546194,0.9231564657013168,0.0,2,0.52
0.2984606478695903,0.0005083336684387486,0.019522079171491284,0.13932147119352997,-1.358597862082576,39.939110300986115,-1.659411118622835,17.320410986406742,0.8512049347097966,0.0,2,0.52
0.309455867542656,-0.019311546320241926,0.04050386606082209,0.16942780998296894,-35.2524202566125,9.073859573653936,-3.5915352864339196,15.368407231405836,0.7463703291290844,0.0,2,0.52
0.30266731070589853,0.003533128567240987,0.01354978902482301,0.17978516160419747,10.135029885423643,-38.044002095155506,-0.6420060776547265,15.634414283838275,0.9038313694908211,0.0,2,0.52
0.28638619632487367,-0.015920056907037676,0.05702211217072994,0.2469813739096886,-28.82320335261947,5.5395551837095445,-1.1265917466150963,16.24216980230503,0.8297894167191762,0.0,2,0.52
0.29349463091551514,-0.026593164263894346,0.04755011026785308,0.27006480240350056,-23.27930321748836,4.7937888521215815,-2.4029567377913224,11.693190175841382,0.5869241680841597,0.0,2,0.52
0.3150426473887401,0.04534948431194713,0.07575701515986068,0.22879166384983654,-30.59510754506882,3.1933131578696723,0.9770243594704635,15.22035970373635,0.9271896619104655,0.0,2,0.52
0.3147138060180891,-0.0055466455452000156,0.10059693047293956,0.23166475428801137,-22.28178511774008,-14.043348001626345,2.4015536400830992,12.038378175152804,0.6677794400626189,0.0,2,0.52
0.3388105655115101,-0.019653031858571864,0.06453102084552725,0.17281122613389294,-32.1925768403558,-14.184681171772167,-2.754846234384174,13.578774426659832,0.8101573167704422,0.0,2,0.52
0.34454987515899177,0.001593745797287047,0.028016175000980754,0.16653225054298706,-22.313273938682876,3.098276238791573,8.59429861876918,14.605996061020475,0.7793164694410801,0.0,2,0.52
0.2884911911910519,0.03181692079722616,0.04701446706756475,0.22692576741206855,-33.41075586430962,2.9158708820468746,1.2277896137649693,21.998652830920477,0.5699811885058153,0.0,2,0.52
0.2974899748899278,0.02992850355777605,0.09659197686339048,0.18809139402636982,6.003046905975936,41.72525193992178,-2.7250125783500954,15.650709787566036,0.7839676118579371,0.0,2,0.52
0.2653408361410979,0.004210585264220021,0.01718003669004116,0.15488492942764398,10.679851194967306,-27.091336561334707,5.553637400306163,20.540497918374193,0.9224950231773676,0.0,2,0.52
0.3230628998374414,0.0027083996007793046,0.044434831254663805,0.18657135997668423,-28.22961841395623,-12.680806284805236,4.595508015408996,22.56465057743758,0.6486673756335055,0.0,2,0.52
0.3663235496628873,-0.00101726105871113,0.048711765760055745,0.13699350093846646,-8.904439900575056,41.388542065183955,-1.6135504803542389,14.431841456725087,0.8103470881285788,0.0,2,0.52
0.2731748018382082,0.02588818045121425,0.04457708544445868,0.12151492027418632,-36.314396177242216,-16.250168670906575,1.705211218843681,22.84523755017981,0.7612662268975265,0.0,2,0.52
0.27276973287623296,0.0014248065889858282,0.04057611882863537,0.15651031153384323,-28.09865178426093,-9.082033479655928,-8.202905196666933,17.742581209917965,0.8510488413166478,0.0,2,0.52
0.3261077378346775,-0.0033622038834332786,0.047125416683754334,0.21077971886236957,-1.4490199853346266,-27.939996319645477,-1.7246389978700742,8.79115226154309,0.7840127248501784,0.0,2,0.52
0.293341986240419,-8.512996311198396e-06,0.0326325716300049,0.14119728283407157,-5.775930777532681,-38.53929540420463,2.6749801768583206,19.197729160030732,0.6128200713538338,0.0,2,0.52
0.3144495685246954,-0.007609934254104266,0.03886572705348062,0.18679558761476234,-6.274823768444361,48.48471552032162,1.902780596993494,20.53249086850453,0.7890112110949071,0.0,2,0.52
0.32277167285085934,0.0008728496526005276,0.03194149744547365,0.23577112881580473,6.681598702517883,48.90521710685195,-3.4953577342135973,16.445814916177326,0.8123748873505761,0.0,2,0.52
0.3005565041372667,-0.023914851941594397,0.025667210170881218,0.21157634096579506,-28.826994168853577,6.939125029281701,-4.5197745155796865,16.143519264905507,0.5843049052670216,0.0,2,0.52
0.26670117846581354,0.004445704520027899,0.009154468760245608,0.19114905610838998,-28.57467663496645,-2.7897585082887124,2.634825838840731,20.328404557647985,0.6986349423751739,0.0,2,0.52
0.2791577331342623,0.01225475047755346,0.005905306828457534,0.21204068521409836,8.576435978769158,-34.122323282826684,-4.522057942713621,17.861441010256197,0.5638694407123069,0.0,2,0.52
0.2537034941247495,-0.005556265686929994,0.016168083815049136,0.19207974974717026,7.173730915261741,42.623429501442615,-0.8092681995036441,11.501915545873487,0.5810185615636667,0.0,2,0.52
0.2709935199500194,-0.043435795558598916,0.037235832268937084,0.19430510389730304,-11.564276715691836,-49.2852216774387,-3.8106930896252784,23.646752467732377,0.7226029374641304,0.0,2,0.52
0.28237605098921625,-0.033068964303073184,0.0050159387155854435,0.21247861758472567,-26.770117460896564,-7.508645580691333,-9.136159689025712,9.604297326319545,0.7668319896749096,0.0,2,0.52
0.2494455271884891,0.010357718502250774,0.0695729641927099,0.2848089158235612,-33.15969476016264,11.180336742195164,0.20568013707451996,16.737974869687754,0.7822676584887012,0.0,2,0.52
0.3158269204489338,0.012003831489227028,0.017870771205448176,0.21794636003350543,-28.228563411673733,11.38417252106251,1.5686853430028014,10.819155336800993,0.7247170452210485,0.0,2,0.52
0.3062234844413863,-0.00985342546972708,0.08954911667245605,0.2323117352495268,-27.599437747173855,1.2173548656585242,-10.10481020872401,14.614417907757849,0.5841395029555133,0.0,2,0.52
0.30679038929738095,-0.04124960611616887,0.02258003102186578,0.22550562060917592,-23.739321857726445,-3.556252021562898,-8.179209228364076,14.27155860990745,0.7670190083693164,0.0,2,0.52
0.38113328559869913,0.0099392694823546,0.08207783938550552,0.2141324192618121,-34.99375728191366,-1.113094837431165,-3.2732315273988686,8.40791711257653,0.6605076278033623,0.0,2,0.52
0.25336011919165313,-0.016741982559202954,0.08705688085710588,0.17036550700308967,-1.3576415548747371,38.48418535698501,4.104907937109828,12.167097672693451,0.8925063088147223,0.0,2,0.52
0.3282070107443987,-0.03674448600846452,0.03457218500706503,0.20661827624843057,-37.45322089697194,2.0518989840928112,-6.115877322949678,13.253734655020146,0.8443511469195237,0.0,2,0.52
0.2465102129360991,0.012792015232047775,0.014119122706501883,0.16399249502675595,-36.436693902357085,-1.2164929641465645,-3.1163505799500157,14.363703304594798,0.6120333388631112,0.0,2,0.52
0.2992163145414313,0.015688108615703987,0.019904202748207117,0.15524496660534332,6.27969631458026,-41.98696852222857,-5.856018736068239,16.675830826941862,0.8745158434840535,0.0,2,0.52
0.2981644826591226,0.00706049546265489,0.0588748405509012,0.1821465016035364,-14.115834061161397,-46.10175573412955,-6.663235322431841,23.635545518829474,0.6516866241737219,0.0,2,0.52
0.3353870222379517,0.03386393579218117,0.0060578224659644415,0.27653030040908366,-31.80918218663146,-6.856381726169929,0.6847515348461171,13.291783954174825,0.920193172352463,0.0,2,0.52
0.2905998742400919,-0.017345222358060606,0.058346421978376285,0.17051551666635623,7.9007874471147375,40.02109242614008,4.202157491561898,11.719398955709154,0.6459611608930615,0.0,2,0.52
0.2687076040383309,0.015462506494975135,0.0311542189891269,0.21257234292489052,-26.833109331459358,2.4273956737765667,-6.225395072898506,14.958354444126384,0.799191702120525,0.0,2,0.52
0.2974372661237667,-0.040458366746883724,0.09036381173064141,0.19197456199211482,-36.81659107953466,1.8605465453716439,2.6313001377528162,18.17346941370982,0.8814039546317962,0.0,2,0.52
0.29707546008204794,-0.029183880235153198,0.033520595358579056,0.2003026944262279,6.394529590834033,39.86146449749397,-6.152419854626999,14.854771117310126,0.6449022733653317,0.0,2,0.52
0.282943032834629,0.00794244034948522,0.05720717052550439,0.17869934771347404,2.1951660305531773,40.48751520876774,-5.132490710445859,14.938624967028563,0.7814307061305007,0.0,2,0.52
0.35880457149813993,0.006787898798383477,0.07315740871630781,0.20821615764166454,-33.90509611854983,-2.268092059185065,-10.396466369865037,6.061352113617625,0.7721389058472701,0.0,2,0.52
0.28795768379079695,-0.034695729642224324,0.0056786720431047134,0.2106249112134143,-26.12223475409042,4.714619136296352,-1.231847559192655,7.840831463118412,0.6531441095494883,0.0,2,0.52
0.3270587479105002,0.0005040341938343147,0.006808914422303254,0.2211409770783501,-28.479733610397727,15.398656829969768,-1.0452193194154993,4.114772534841299,0.8510057186156607,0.0,2,0.52
0.315959892572382,0.009818889292016538,0.05794560446378504,0.25921448185528795,0.2967984480842262,43.37327749496845,9.196305200624453,14.413767384128526,0.6166402821368946,0.0,2,0.52
0.3006694966967771,0.03372573550825618,0.036614824467184094,0.2705013818986942,-25.38759978372994,15.21764777121232,5.0555465360149165,11.922782632863711,0.9048820886094322,0.0,2,0.52
0.32933537456988865,0.006841832021406688,0.009215729651408251,0.1903754887991171,0.6101109748414335,34.89861187332514,-2.549876037312104,13.78587615685558,0.9462132753467911,0.0,2,0.52
0.27341061711655856,0.02218778040021882,0.023706237673749957,0.13922560820317703,-9.675140926637278,-28.824291408260436,7.751862825269782,14.668675349002344,0.7513966302837394,0.0,2,0.52
0.32757817742199274,6.0316668906843675e-05,0.0384406990082788,0.16379245576832882,-1.685983996518277,-40.37700526228075,-4.692650475666687,17.642266618211885,0.7331837961326934,0.0,2,0.52
0.34463084913053144,-0.003047002963621205,0.031658613988462,0.18455063233018482,-31.224093311534652,18.458637056220123,-0.8173270244814663,4.866657435564148,0.8270827271133816,0.0,2,0.52
0.27813137712880476,-0.015427810399866073,0.0476176571854411,0.24775929304067984,-25.608488103185852,0.15199178910113684,-3.2786393364197863,20.314960728803467,0.8168159490514375,0.0,2,0.52
0.30705651447334864,-0.01293935436528886,0.054878181282739594,0.15661814249700848,-12.949442133233074,-33.01650918331919,-0.019230747193042932,12.737494801412883,0.8016983217057312,0.0,2,0.52
0.33613207182168625,0.0152130948021379,0.045395858758921714,0.1287831230368003,-32.231476106477004,-1.3935926820332722,2.158247515814636,6.702772547696652,0.6490526901226409,0.0,2,0.52
0.32561465657606664,0.000682748222222297,0.012839355171191303,0.16806474546461808,-9.08270598160499,-34.9795092760351,-6.78412038483991,14.873493490388212,0.6730441910501583,0.0,2,0.52
0.27257610477703653,-0.03712827108513426,0.016355892516516597,0.22836343435244771,0.31755103068363905,-42.64582198601328,0.5507130683749462,15.586927818291105,0.7362329942200267,0.0,2,0.52
0.2761051241707935,0.01339622672359932,0.03954475855504463,0.1251499944406091,9.99103782650414,-33.553005713460166,-1.8832873427069066,12.960760115904774,0.7573508012822787,0.0,2,0.52
0.292281085783039,-0.0074428514013629345,0.020986323549759305,0.2263958217169645,-1.2140052170149203,47.00818897779141,4.34410821204618,11.577427656681628,0.8595227438201202,0.0,2,0.52
0.2987656217468096,0.024581845156094576,0.017280024291861863,0.16134099092591986,1.4465708574506126,-50.7580766231077,0.507010783132839,10.697582607135457,0.594238595944049,0.0,2,0.52
0.3244962226225681,-0.02916770293393958,0.027715698189475148,0.11884697665552549,1.249290046615072,-32.14136553830771,3.1239599123230684,17.979181764525112,0.6313567870948746,0.0,2,0.52
0.29096817553484855,-0.01580232297021988,0.03627542068799946,0.22924991239980663,9.446814538187244,41.95492543768304,7.0315406026584135,12.985955792104477,0.7618122218903771,0.0,2,0.52
0.2771127846342818,-0.009119598416939904,0.011079356527136076,0.2568933553076819,-3.933305493318268,39.13756271269827,4.5569412895718,9.881742205295023,0.6632490327609126,0.0,2,0.52
0.32192246127777446,-0.005565833809349893,0.003927496337016414,0.1638089168050047,-37.00087273136795,1.151058987962516,-7.706234610478959,15.36799593985504,0.703435453478891,0.0,2,0.52
0.2098136438134258,-0.007637527788476706,0.04126243525813558,0.14013042170617984,-30.39162479846424,-18.050829044058535,-2.2518410494944123,10.323922646714166,0.7966007927994415,0.0,2,0.52
0.2894775514332112,-0.04247862812791839,0.03132083748174847,0.21533902969318428,-31.492026732800717,-4.814944597982439,6.2823776466945915,18.51591635241681,0.9227877121142825,0.0,2,0.52
0.3258855936009817,-0.021180504290822518,0.08424865166776824,0.1786010012697265,-6.208973702967256,42.270958362571754,-3.842561767043844,15.100455385651328,0.7824323904117784,0.0,2,0.52
0.30614686436518845,-0.007666366621332971,0.018321428188582702,0.18743177212374532,-0.2083697403443246,-47.08990601238487,7.429689330010446,12.980817161150204,0.6680822805534263,0.0,2,0.52
0.2921249840781122,0.03512424166447842,0.07525584208322836,0.2024470891863633,-35.30515246632019,7.253200064986205,2.5050500282759254,12.105628230370913,0.7992093238304119,0.0,2,0.52
0.28256991481253585,-0.03574914713999164,0.01983494206158906,0.20648210649163456,5.292115395202915,-31.325112713106762,15.957769105331156,11.430847978534848,0.6524381258928503,0.0,2,0.52
0.29036218051382484,-0.017689993488931473,0.023548062326126433,0.1950983511534839,-0.7264725262543937,-46.29056153995502,-0.6666636773249468,16.08160386408861,0.8472526782837364,0.0,2,0.52
0.3535238610058533,0.027415147867709832,0.074421854320519,0.16915494278710586,-31.613345852477252,12.61428428690519,-3.7395474012962158,12.872648983895271,0.6586549530804806,0.0,2,0.52
0.3145883905558975,0.001564823333630831,0.005885571062978087,0.17906584300333614,-32.293089857980824,-0.088252951713425,-1.6611937428110486,20.73783369403637,0.8657200699304779,0.0,2,0.52
0.29015379389899165,0.001880310054271748,0.06596021472392716,0.21404106057375052,-27.695204455587547,7.466713519703369,-1.9144824714027089,19.981871697356798,0.7786698737904587,0.0,2,0.52
0.27229676725161156,0.00041328436415687743,0.011494717946950088,0.166041512518419,8.39860823203135,36.933447567958574,4.560760817974036,15.504963530375147,0.5635164874491714,0.0,2,0.52
0.30900965142730924,-0.06410569145662884,0.009493874254975236,0.18773065853503004,-27.944447825861367,6.489494898725697,-0.02639855995828819,12.59264334093097,0.8190501363478861,0.0,2,0.52
0.3114538274203909,-0.0015086880208800097,0.04095897972927923,0.23867855071212185,-32.913806361612586,13.49161295189186,11.86110536743196,21.81372380611984,0.8756310585152842,0.0,2,0.52
0.27229259112900733,0.04833189732900093,0.03039722454153624,0.24976155352382962,12.111101024537389,28.403127721744674,-3.480527992914534,14.773886225278448,0.6839860085967647,0.0,2,0.52
0.27924578417781537,-0.021166179584281766,0.02787830002972136,0.2642561517441584,-35.26347766010081,2.343563911845366,-9.386928839424598,8.512966385859489,0.7182453966772386,0.0,2,0.52
0.2762182452264988,0.03294041244061697,0.08440748252187785,0.15561291495800883,-1.71700846059686,50.41991727799765,-3.425773208952192,17.06641096588303,0.6169862657384948,0.0,2,0.52
0.2860310545124001,-0.003920910817146097,0.061694027421413666,0.19292809913044545,-25.529288092666427,-0.4226202373961288,5.76433460114374,17.544360933666432,0.7201254093020036,0.0,2,0.52
0.3191171222122845,0.03016450120561044,0.03352714566400757,0.21173580497752212,-26.403332228834962,3.8711890010467656,8.734485855933764,13.177490287265073,0.8621403297518271,0.0,2,0.52
0.3146057495242511,0.014655100486703963,0.03474440754889324,0.19151467507997677,-27.23899792554333,-10.728848245688743,2.073878837466758,13.705843423250219,0.9430962150623082,0.0,2,0.52
0.3339010151734043,-0.017294046278683896,0.003047548780522078,0.18022177622015637,-4.615276030173791,-36.44155085240453,-1.0423302639936143,19.713267509732436,0.6491989871058307,0.0,2,0.52
0.29638559413223564,-0.0149733724696885,0.06136463331743186,0.1384129145309193,-24.576868988144206,-5.459359868690558,-3.749946888348515,21.68604420150157,0.6976269130970802,0.0,2,0.52
0.31643666583534624,0.012645183867935894,0.007463124026252217,0.16593051576896733,-33.91745501075127,-11.120189772584244,-1.5432682836155793,13.942897588600562,0.5628559972720617,0.0,2,0.52
0.2903927939377953,-0.004412085370867836,0.042570615848414685,0.26795583944487045,0.625968514015777,37.86244966504283,1.2860285795740143,24.52627860715972,0.943300875040193,0.0,2,0.52
0.24463728956212474,-0.012581464990058718,0.008013914591657905,0.14971317091603176,-33.9057733234402,-11.00177237299611,-1.988927213890408,10.6458501452361,0.7189973527954789,0.0,2,0.52
0.2911308472278441,0.01069336962737409,0.04526931221791699,0.19446597773818877,-0.41040101778346305,-48.82790941132529,6.356243780556829,20.883573812785507,0.8723613531525234,0.0,2,0.52
0.2516202989310127,-0.00847509583682875,0.028187783622603924,0.09740993355083925,-0.06727812493738967,-34.459246038756646,-5.775793451390373,9.97853197365321,0.8774179895045027,0.0,2,0.52
0.29825907870298735,0.0024311514629492877,0.05357108412645924,0.29258256500921065,-25.13019865067956,5.6062667089191995,-5.781234181704139,17.03573139141567,0.8510901199672252,0.0,2,0.52
0.2833013561188201,6.164691135840556e-05,0.017090987284050296,0.17366904355139426,-0.4207178405792189,39.516064154143834,-0.146543106256057,11.669391700669745,0.9198295614502037,0.0,2,0.52
0.3314231583603461,0.01375609447101807,0.055258619260414234,0.23941263588303535,-37.98195235574778,2.047972173546389,-1.2738451093126468,10.455444843524218,0.7485479251991441,0.0,2,0.52
0.29422359868195486,0.02468293974923924,0.010003395497977005,0.20966257124748328,-3.408502671316162,-39.95790627721741,5.572511257823832,5.6103340278158065,0.8713160954685006,0.0,2,0.52
0.34621401463244855,-0.0008668212058285292,0.014075750968926937,0.21678442341721718,-28.733618520924306,4.3471314192853985,6.925172846713794,11.219451431300843,0.7245808796207202,0.0,2,0.52
0.32452738025507727,-0.006910597651736536,0.029961965808404645,0.24211150430986525,-4.329196868196358,30.95782912137153,4.1483344690241255,15.526879675998298,0.8068675230179208,0.0,2,0.52
0.27555052528179463,0.05395451262188433,0.03243549599149429,0.277370249910225,-32.33275233738936,0.7476808644867526,-6.345508608659916,13.632705738157243,0.9125856854688509,0.0,2,0.52
0.2815901013121143,0.005458301485157588,0.03593778072480073,0.20992634314015265,-25.69144030334364,-0.18996476003852236,-0.9017204833459964,17.00831493367204,0.7289151834056797,0.0,2,0.52
0.3169852450724523,0.016846317195386866,0.05364902036094346,0.15564954747053042,11.771015951266083,36.038564258765476,-2.455590656136169,20.205322796550163,0.8495281573729498,0.0,2,0.52
0.3175124134283826,-0.026782373110609208,0.04148580618241952,0.23550335412131715,-36.64266893855738,-2.7746685492722403,-2.6197165018031754,17.009646530526478,0.8479075119927619,0.0,2,0.52
0.25017197058896273,0.0017857524470976675,0.019413615079117985,0.1742117975794329,3.3345526731430413,-29.915926411186238,-0.10584275585145503,13.007833215222446,0.7531012271712691,0.0,2,0.52
0.2658302440630802,0.0164788134988376,0.05170125501842693,0.28486200366171976,-0.9843588163458703,32.88397648441294,0.1307615306463831,13.06459348445805,0.8883200407771936,0.0,2,0.52
0.34909875913728655,0.024577579220404957,0.03182590007215815,0.23374662142125466,-9.708720115759323,30.131839520117552,2.0320596132263393,16.233610736988663,0.6313121915920641,0.0,2,0.52
0.2935061437739894,-0.02213454182167377,0.03719029775637771,0.15182726166079102,-0.5680119694018761,-39.36088088059705,-6.114772350946524,20.87406022114788,0.580389358321497,0.0,2,0.52
0.2866010179563162,-0.016260203582108227,0.08669393369859135,0.22075780527466982,0.4662308021753471,38.33281304338864,3.8230090317831786,21.51472494199977,0.7740645153280448,0.0,2,0.52
0.2701154557251644,-0.019240726728116383,0.022930751683249682,0.18860986482901823,-5.6877083445471355,44.37920045603009,-10.550466270508668,15.501781304122657,0.7859110916886556,0.0,2,0.52
0.34363398307911047,0.02943946244020338,0.05953198889897964,0.1294971850794534,-31.792162316388776,13.463256989166169,0.27925705486143626,12.860505383831457,0.6032720384443994,0.0,2,0.52
0.2984060222472608,-0.012059646213166892,0.04564496758323097,0.1942286212033069,-26.9824548458406,-9.414368122714766,-0.24453548739071077,13.43040757573603,0.5736139192621126,0.0,2,0.52
0.29982724923076076,-0.01600290310023213,0.05485318609315816,0.18334993451712867,7.768183855711733,29.575125904682494,3.273665175482149,13.489154356678268,0.6831455366412236,0.0,2,0.52
0.31687306808835275,-0.016242257549149354,0.033339814894630324,0.19923628047373965,-26.85455761929188,-9.163129229978342,-2.957296755077544,11.836661512602841,0.7536292255848849,0.0,2,0.52
0.2766676468900104,0.034304163129509305,0.016112723591667984,0.2602812237059628,-32.27462999312531,-0.7811225062674538,-2.129848831096083,15.960897862596244,0.7712242936022412,0.0,2,0.52
0.28865773714990856,0.014572901567706107,0.01696725448952374,0.17475770456032333,3.2813471841172968,-41.669677209007425,-7.320910482187903,16.449342090995987,0.7792656380455916,0.0,2,0.52
0.2741115419517592,-0.030054046666370595,0.0461896070472203,0.2137283683859335,15.659671003942119,-27.71979267623167,9.65259333773209,15.037582978705235,0.7355262415876664,0.0,2,0.52
0.29430819617946846,-0.003476507945957066,0.0505676499786806,0.2274098414948422,0.8329848545397067,-45.64068837808726,-3.238944381026955,19.319634693062458,0.9042795854303702,0.0,2,0.52
0.3206811271203865,0.022519160318076645,0.02256127584183996,0.2385648292243171,-31.698218923409488,1.8331195658466188,-8.703911745821479,15.496375849095465,0.8958667362071524,0.0,2,0.52
0.29597502286320715,-0.010825440293890261,0.04355775260891893,0.16038257650922683,10.707322359265117,32.99492632291802,3.1371762515929325,24.52175664188064,0.8657507806301918,0.0,2,0.52
0.30482408229082136,0.008178818951609455,0.038249924666554885,0.20988784071658997,4.065856366093129,30.950896598630408,-3.4266558522415647,18.002792462191888,0.7461252529902066,0.0,2,0.52
0.3108213094295027,0.03180576322743059,0.027740044933420915,0.23399489287655736,8.850496997226596,49.7013667371288,5.613731298619015,16.829191772743695,0.5996782304589438,0.0,2,0.52
0.32067140719870557,0.004805786931954538,0.02729589689092168,0.2807073243244571,-2.4120319075554955,26.404820981887664,-5.783970315724103,9.525147901003203,0.9488516984225114,0.0,2,0.52
0.2778954869397751,-0.033605784809872426,0.036538019249579515,0.14714844827643453,-35.488612200496334,-24.02485095711331,-11.582777037145334,13.30133212475187,0.8580758255476444,0.0,2,0.52
0.31375216917449783,-0.012135491979308528,0.019266092569262837,0.1310199329573726,-30.141544610735473,5.329445465450421,-1.9276584998025916,16.989532345860674,0.8979842923534985,0.0,2,0.52
0.30411647397585956,0.0030418273398874728,0.06757217734049609,0.21636564338776465,-22.350935830669513,1.8073594987149433,-2.0657326367795745,15.554444220575327,0.8029226284822837,0.0,2,0.52
0.30436563933668015,-0.014548962224619351,0.021005696034844753,0.20743972365689473,-3.3813363564107544,-46.1067839184708,4.973775010438554,14.8477880778642,0.8158188181890409,0.0,2,0.52
0.27770676287301144,-0.004941839798537814,0.054443574357803996,0.11099027335253951,6.619538170790031,36.67720069550157,3.9184012043292316,12.495121539964815,0.8122693527260527,0.0,2,0.52
0.320388283753117,-0.009438054250334086,0.06515280814736278,0.16127939997646193,-2.9393922219515103,-32.43021590088713,-5.947753010820471,11.502249906156653,0.6486012038039226,0.0,2,0.52
0.29118740745614125,-0.01312918342843715,0.12527741888527472,0.19467299610710104,-25.12547678291855,-7.990802171424354,-3.537575735914972,11.426660353970934,0.5545983036608853,0.0,2,0.52
0.27317506060023156,-0.027176947031766475,0.002368934058884776,0.19528161810348754,-35.00514482114597,-6.613151232852613,8.261605773221696,16.219127045944905,0.8127403774754332,0.0,2,0.52
0.24199422782640023,-0.010200885606583226,0.08070629214182189,0.23367369240017302,-30.042495442974342,12.20901756965832,-3.1867068660742666,19.186054201687963,0.5661342334747373,0.0,2,0.52
0.3116468664922397,-0.004482558044819963,0.04093919796664648,0.2241419706568979,8.726531667565421,-44.754181827960466,0.1694295385753747,5.813337104938213,0.6943367433556649,0.0,2,0.52
0.3072396241050414,-0.008052204700562593,0.005870913100599484,0.25081726995244075,-6.751030409473847,36.858738395601264,8.228755486538558,16.987880048130336,0.6888640341062429,0.0,2,0.52
0.33000246190135246,-0.013818000899881009,0.05437694100302192,0.2435801937371771,-4.0108304448464285,-31.36421169864385,-6.74478922921386,14.512402973465594,0.9205276525005841,0.0,2,0.52
0.334566054264609,0.008295459068603479,0.049369759977784936,0.1769126674632525,-4.934173909406693,32.776240195262034,-3.4818340413521436,19.903489383186496,0.6476454564962316,0.0,2,0.52
0.28785828692398124,0.02912235834666782,0.11460086871888549,0.17926478642648808,-2.548131757398582,47.33363369423317,-7.100791537199628,16.526996586000486,0.8784472652142684,0.0,2,0.52
0.3513111582038227,-0.0030247986874100243,0.04835054407229646,0.2106439031790452,-32.47813860074301,2.335187036660681,-9.492725555201012,11.375193114459417,0.6136803990384191,0.0,2,0.52
0.2828410288878627,-0.051991455277782955,0.009991239871686477,0.2354671207718092,-33.971242186481476,-14.313078916375407,-1.7694858541410474,18.292129011508738,0.5958949205045294,0.0,2,0.52
0.3158550466542676,0.006536281303499196,0.014906808732997002,0.22049373816641052,-0.9670358644239769,-50.47351327454055,-0.342957447274535,15.660469186503681,0.7621111888643011,0.0,2,0.52
0.27248399811640395,-0.02068998778276343,0.013650686530567169,0.1341417666135673,-36.50350481201923,2.8474918869695367,-1.5123877119191782,16.3959695897434,0.7783997060874996,0.0,2,0.52
0.3102455959610674,-0.02890319844724393,0.06226370371478083,0.13425908960286026,10.790692070827134,-50.69410197787608,-5.926681305681446,17.827520638152095,0.7555412042298126,0.0,2,0.52
0.2687147873975688,-0.02521449274046014,0.021175359737511834,0.18443592678080895,-17.371596119214153,-48.823928000775055,-5.003027539406312,15.831378404393899,0.9397680423159118,0.0,2,0.52
0.3049498419526905,0.02107976640711861,0.018291256026406088,0.2779083856989696,-23.872751947955688,-12.514550707930933,7.117199884349105,12.1495919447786,0.9382024944907638,0.0,2,0.52
0.26871125240080773,-0.03972319856943953,0.0472037374298634,0.2630278505861654,-31.824912096165413,9.837262924774272,-2.088815147834451,11.648841504405938,0.8247848345079859,0.0,2,0.52
0.24470712682880041,-0.0031513214292486174,0.005057390942257385,0.24018771546939993,3.275622057317044,38.81669017242301,-5.941855053982907,18.1655074785442,0.6466747847063422,0.0,2,0.52
0.34686508760444457,0.005050674005091566,0.030083970201328792,0.2191123576649329,-30.403405229170154,-14.81831513060161,-1.021614707214,17.090350764108962,0.7817516801391363,0.0,2,0.52
0.3149475698253473,0.01036424971008088,0.044520927722540016,0.219468633037938,-25.38715027794137,-19.12341386751254,1.9407118586256056,10.286707669100638,0.948904489105281,0.0,2,0.52
0.36029724995353735,0.028897088513528155,0.03588719265253678,0.18738312871379664,-31.600385872075123,-1.5676304874180134,5.889650094347298,7.267193503727504,0.6057205724869805,0.0,2,0.52
0.31006071338819213,-0.0109222148109281,0.012786281556131963,0.19237853053199122,3.403146819712913,-48.01108031012174,-7.822169924154498,16.357112571883974,0.8421720596204154,0.0,2,0.52
0.29073999457975963,0.011469132389693324,0.01034506364593875,0.18811117488335566,12.475700463309245,42.8520339385583,4.369569454124285,4.736065117808867,0.7304677760101259,0.0,2,0.52
0.3167011073716061,0.01906859858394336,0.05727721854298762,0.11276304117409407,-22.632464657329844,-0.12230904449348041,-1.6990317030803248,13.543926296537645,0.6200396363684277,0.0,2,0.52
0.3374774832509942,0.019996550440138424,0.025041433815041692,0.211618523874446,-0.2223541363182744,37.58752027484541,-3.7879751535739556,17.057042630732575,0.8700305561197346,0.0,2,0.52
0.3283720097397892,0.00871707655871798,0.03084272316231053,0.13848026893490134,-7.1085172362474385,-29.426578595972885,1.2631243644997472,10.707447518597323,0.826032896228989,0.0,2,0.52
0.3637252346627575,0.017299970349165316,0.03742431744204911,0.17956103719553335,-4.2217955258388,-38.96667811489033,-10.552752831397099,10.735367079399234,0.6221901658695989,0.0,2,0.52
0.30404463743049603,-0.0030413250104850014,0.09044933521183232,0.1897937510075984,-6.028525378135614,48.16715728016092,3.4741233429958633,18.92660764571432,0.8655962155528394,0.0,2,0.52
0.2525869990503995,0.026106597849425213,0.05681307883196567,0.18812757267799107,4.766646653956368,-50.20263602633122,-0.6476987057606303,17.59444809993551,0.8090368312214522,0.0,2,0.52
0.27042683591184163,0.017196328652333573,0.048472651691938776,0.18867886902278527,-2.7686560204869566,-39.083135280855316,2.317518163092421,13.657959426240536,0.9239801009010292,0.0,2,0.52
0.3473945838799948,-0.011335760004847316,0.03760148785576567,0.21771776522635758,-30.615267788267435,9.95932113311422,1.013422014062297,17.31051370693975,0.8382921714013605,0.0,2,0.52
0.33618604290602755,-0.0030955627720067962,0.062409087188869165,0.2694331691784015,-2.100414969048661,-37.26083852560211,-5.9336741118878304,20.889624056312712,0.789353188772828,0.0,2,0.52
0.2742011791219354,-0.0023805030501602084,0.029502050094777806,0.23302520738436355,-5.800300030676805,-37.65915597182237,-3.614061001043243,16.130095852844352,0.6314019370927403,0.0,2,0.52
0.30365553727629,0.005049937827338578,0.04626552524440325,0.23268783507914553,-31.421225029404525,8.613264004256983,-5.481680415233424,13.570791401825188,0.8682670176901812,0.0,2,0.52
0.31342511738307266,0.009448148513709656,0.08174035152641526,0.13426547103633693,-5.989392572964886,48.78633223826931,-0.2545350180796469,27.529738779431383,0.7602579455206273,0.0,2,0.52
0.3556932694675141,0.004934063726353688,0.01879994770221205,0.1948271019028904,-22.702076169205792,-9.8722580196452,0.9465192931022084,11.499639092836333,0.6771738380617112,0.0,2,0.52
0.3435805347815508,0.01489577566728423,0.01765037947272399,0.18888322946615008,-28.63355134046232,-10.044458621302203,-4.058021088440552,12.648250072493571,0.6078116256259297,0.0,2,0.52
0.30400223516290764,-0.00686175678417557,0.030982547410841412,0.22630237637484815,-28.32307281848592,8.936944434878177,2.9990206325293034,12.578393575222652,0.8720725395445048,0.0,2,0.52
0.2680213214410281,-0.031712482793621564,0.018581280924629795,0.22073628385512856,-34.960449816477905,18.565345269740508,-5.455556744982264,22.96269875648578,0.6883504226768097,0.0,2,0.52
0.2993416076387761,-0.018050647104089837,0.06913677581733428,0.16425501123321767,8.791805473294183,-47.803172443558836,1.9695240406210481,18.617104800922675,0.6914765764431219,0.0,2,0.52
0.3118278962721117,-0.049661295776037104,0.07317750356730866,0.19013364853122472,-0.3700586342206059,38.81029949725641,3.5324370658437787,14.852261555867049,0.7965798491074305,0.0,2,0.52
0.30181341907005227,-0.0005198309443672425,0.05623714570175489,0.22117189320277578,-3.4235268715596607,-42.817998554934235,-2.399577324149553,12.446982801253943,0.6155958938376253,0.0,2,0.52
0.28479298047124935,0.023179042957472414,0.012666484040146279,0.21307975087430647,-35.72199810973996,-0.6051537909274848,1.6110699037033283,10.996317654311365,0.7572279725852947,0.0,2,0.52
0.30935248479385574,-0.00822297986307229,0.05457794444704204,0.16830827510968666,-24.557279006952164,-1.721686017391862,1.0487021296575456,11.098758322106573,0.6173968897060919,0.0,2,0.52
0.3106431883096359,0.02470638152897881,0.07218291661806081,0.25513976244209996,-5.021518971033715,27.51725095420344,4.246278195751541,12.41085562638433,0.7626681031555476,0.0,2,0.52
0.299714860554648,0.0017710993220242006,0.024936742407991232,0.16488493250076902,5.335824571810044,-48.50100094144341,1.816273352375237,18.53244649212897,0.8980092642054469,0.0,2,0.52
0.32899648103487145,-0.0010633725492005697,0.02471909530502006,0.15817708210260312,5.793805602294219,41.53463430398041,-5.743409868625269,11.38047190503162,0.7274529754387318,0.0,2,0.52
0.31875085139915327,0.03079309221668329,0.013663113317679547,0.18662739877061063,-28.295318250065385,3.6154542081554566,-1.0039290934088454,18.800802820900373,0.6417013331174113,0.0,2,0.52
0.3324441951159079,0.014124112722353142,0.03252352506272067,0.21389914632193718,-9.465048587832596,-45.680794548140234,2.860235745925066,20.226233253078945,0.7081817801196566,0.0,2,0.52
0.25177419074287405,-0.007935023316377915,0.008389118879053954,0.22919193867283638,1.6616988046495849,-39.963694162191445,1.1137589958600869,14.468198750358589,0.9332381134347656,0.0,2,0.52
0.35370111089321743,-0.018028434209940058,0.030530112487617334,0.26847788722690624,-22.43179595745466,-5.078076329899402,-1.1767855243009537,18.817481189150598,0.9073435304533419,0.0,2,0.52
0.2971834820567676,0.019138102940718552,0.06324967325173979,0.26015533380835665,-29.173324787648184,-7.803803839221567,-2.5543967664450786,13.254056414446397,0.5893774526899835,0.0,2,0.52
0.3177457749811895,0.002096970582169993,0.04950060148601553,0.19728502858628957,-1.6579342729793676,-40.7857895670777,-1.782598834800568,16.49687472986533,0.5806788224360491,0.0,2,0.52
0.27653505780544024,0.012244294061205599,0.02038896534907178,0.20126211086535734,-25.264567048419,16.171438984389024,2.0180358006139016,17.21853506406078,0.7444851037581008,0.0,2,0.52
0.3377860273359496,-0.0017813915148126198,0.024140039478084616,0.20547004465207877,9.182666009525722,36.824268705766606,3.5187817911407637,13.487326966968087,0.7528880724584011,0.0,2,0.52
0.25558923220669494,0.008669605610951567,0.022998538500201948,0.19375563798799364,-33.85343110217087,-7.81466714922385,-8.72880561163283,21.18515475433027,0.8963513118441763,0.0,2,0.52
0.3073418020245378,-0.044680287930801636,0.055613318519608226,0.1859416654011633,-36.43283571851984,-12.539724340136623,-1.3587621169391373,18.538121401950622,0.7477038444416378,0.0,2,0.52
0.27645321895425845,-0.009427274830421849,0.0858983093879297,0.20304769822082586,0.0595378211603273,30.667188197536632,-5.189902055932266,20.381478318313608,0.859911417432023,0.0,2,0.52
0.3688495187395169,0.016274734865666038,0.04236735167178814,0.22488799824676498,-3.471240495718389,-44.66972927963802,-5.183001946046525,21.518477932003165,0.6969737525750602,0.0,2,0.52
0.3228736109135757,-0.003447845894564859,0.05758531719141709,0.21359175368107508,2.0557913792487295,33.54659646429647,7.369282162652623,19.565946068903074,0.8619613596833315,0.0,2,0.52
0.31340230587333856,-0.023597643019875558,0.00807106321231869,0.2341921384721873,12.070680103940807,-40.80311363244126,2.362456907327893,10.015073903017239,0.6331973738353283,0.0,2,0.52
0.288534904698106,-0.022439057303840913,0.020525693691249368,0.13488564558694388,-22.28892891527764,-5.02060983252305,-0.9352699136456601,9.49493611349654,0.944547268495602,0.0,2,0.52
0.32287549741618576,-0.00484126885389434,0.024746238095631992,0.23390187955560748,-29.230985975129716,-5.4171281695802085,-4.862508591744475,7.405113094634019,0.7391417352297031,0.0,2,0.52
0.3646668909984888,0.0007477067414049505,0.0412333026534255,0.19857812315593784,-4.216941873910577,-27.89077845792768,6.459897859554669,5.811707730857474,0.5878955887265264,0.0,2,0.52
0.2811804061780447,0.01196667181899828,0.011888734786431945,0.20928062567553038,-9.47700787627474,48.02623625036628,-2.6853523000504347,8.432611445938115,0.7919164178956535,0.0,2,0.52
0.31833523686728216,0.00046325402939214884,0.09819996000701853,0.1802594244036165,-2.7556657194470913,26.62439786064968,-6.521468341691503,22.84989663932327,0.9141775216411406,0.0,2,0.52
0.3384434880069762,0.0030802090191877607,0.013162559444590095,0.21318517286517347,-8.89829932242292,-30.953702388985107,-2.261840423192328,16.19584245354784,0.5745574761515362,0.0,2,0.52
0.2920650398564624,-0.00813103698390543,0.05480133121403391,0.181998289679407,-36.15117149577946,-5.733831922614754,4.331226622500434,15.57703234787024,0.8237305445341222,0.0,2,0.52
0.3011516033614749,0.0285076763020076,0.05393835983483201,0.173541715849695,-1.6330353342954584,35.29546641849288,12.343902565010708,14.460816811190101,0.8472402873138891,0.0,2,0.52
0.3045580294170853,-0.03413495760685626,0.019601996112671792,0.30009400984546036,-22.649348532622035,1.2028702438943921,-3.266475228096234,18.00142172854518,0.801500596227277,0.0,2,0.52
0.2974238116991265,0.025860610617067504,0.010034808434115923,0.12079857417494706,-30.915757132890754,2.4126899965379525,0.6915946001705152,19.23998971801848,0.8726384180255902,0.0,2,0.52
0.2864289432483471,0.012387397314430438,0.037373100345941,0.15364050515076555,1.459685826714694,-51.00505824708044,4.488426436486204,16.571886452387275,0.611983540477189,0.0,2,0.52
0.302711146700125,0.002574811530243538,0.034962802004351194,0.18270543139990417,-0.8788380673991163,-51.14948766683089,0.5640878689845463,10.851590385984512,0.7607917982618132,0.0,2,0.52
0.25527084952371804,-0.03588512914601351,0.017635646165088763,0.16831642395540405,-6.680608341695624,-48.795585065997486,0.3204358241242584,9.600450527824982,0.8683024074494006,0.0,2,0.52
0.3095896207453427,0.007002275846307005,0.030350867541431892,0.16348284998529267,-28.177093023312764,-4.0526168980681225,0.5682509365692863,12.817289745723581,0.8598597488795225,0.0,2,0.52
0.3353464899952153,0.007288738753986017,0.030390674294865305,0.25332677826773564,0.041827621625446385,51.22749451051834,-1.0052035487085336,9.009400957213883,0.9401749168263421,0.0,2,0.52
0.30309811132310094,-0.007382491654629599,0.07958285761248807,0.1138436749509995,-32.31465968826032,1.7482872768504754,-1.3178116095143686,17.733723167162534,0.9097729470504774,0.0,2,0.52
0.31867219058628243,-0.02132614595496526,0.022931114973958923,0.20177213765367824,-27.068433369654365,6.255644871698215,1.647939790301495,17.14085457874533,0.6034966655468698,0.0,2,0.52
0.3511732071014989,0.005837835588613183,0.05556513399466606,0.2054694545630807,-16.552854898870628,-39.66593193699149,-2.1558958009595717,15.167641338668831,0.6289574370152456,0.0,2,0.52
0.29326514501181905,-0.03589530402435046,0.02227177135284582,0.19191820572244428,-3.2419197300515483,28.545292453463695,-0.6285741102973321,15.580820595339995,0.5541841324952812,0.0,2,0.52
0.27468936424552187,-0.0028905851175308746,0.027621862389816305,0.1854640910294752,0.18097667005811566,36.32263294154514,-3.339859590449633,17.335967147772006,0.7236301992030905,0.0,2,0.52
0.3249073874204426,0.0318518725567628,0.00196507811316186,0.21493600304360067,-28.087391331766064,4.804044431554443,-0.6054908271367361,13.04116194861459,0.7147750826887105,0.0,2,0.52
0.2914038932161263,0.0063628312394343346,0.012097157825690864,0.237825542214358,-23.58083583322997,10.748613143674032,0.9443137704612965,24.316723724686796,0.7613442773798275,0.0,2,0.52
0.33281994171517437,-0.007105156688861869,0.04241374676002638,0.24540909900723595,2.292082698379871,-26.539236828386272,1.368746071274565,10.581147864820505,0.8041238104126305,0.0,2,0.52
0.3009063927217948,0.012484301490743033,0.033515603809020626,0.20531330495387776,-31.505130876833974,-4.803115059296832,-1.499769328739696,18.972480930406675,0.5940428793693902,0.0,2,0.52
0.29662460700333754,-0.001698618343771147,0.07270047070549603,0.2476257946810918,5.910006772394651,-36.60470441310114,0.5622082968029007,15.537781479265652,0.6718554089052273,0.0,2,0.52
0.2688876910139358,-0.04117313619106121,0.09211420888018985,0.2289691972858245,-2.326307993186972,-48.95463826857713,-2.356906252377481,19.805708592313582,0.574681748769921,0.0,2,0.52
0.28207271897179154,0.01519256593009442,0.03040936030125013,0.19738451062760934,-26.475272891790553,2.8372492904042206,-1.73163491204647,17.27217107786016,0.7784496535542672,0.0,2,0.52
0.3208591914038781,-0.010977082836455323,0.038617620176696815,0.1959015358496174,-7.915239789057552,-44.34978340337396,2.4181425398429073,15.346908517271622,0.7243686643962195,0.0,2,0.52
0.3371747809735501,-0.021394571748095146,0.10616887506483784,0.26182211291848256,-0.061503661740818345,48.27489243211396,7.003676741117286,19.88938220366727,0.9055972184900498,0.0,2,0.52
0.2754067601725427,-0.03475187511867427,0.06293522416731619,0.16300265744582088,-0.7394680064363435,46.71715969239986,0.44722462158409076,15.749459468756145,0.9070463197539516,0.0,2,0.52
0.2948044077074658,-0.003331755318638086,0.07030645635637038,0.21690141699420137,-3.0728281898130474,-29.444702503847918,0.9426391559582513,18.530575946698907,0.9052484994052152,0.0,2,0.52
0.3028790383654102,0.014918430079089858,0.04004933399915802,0.23846572732870103,-23.44385349678106,12.654665743753945,7.999669244794806,10.685084289223628,0.5902710243000642,0.0,2,0.52
0.32147711492286163,-0.0070859241784493685,0.06783781736110327,0.230678018624659,-2.5519132980670953,-39.5805757924769,-1.4209914278559945,15.234701650898963,0.7063892836281609,0.0,2,0.52
0.3236460449592585,-0.00822699063192686,0.018042669055474202,0.16959151696211908,1.554242864926251,-46.831750466025056,5.304211250480869,11.821387296417651,0.7524411717736377,0.0,2,0.52
0.3104652285592383,-0.010383806170937428,0.02060124480342039,0.2526396081279404,-37.46081651173799,9.054738389443935,0.006448072234201773,17.842763374086033,0.7615731446680732,0.0,2,0.52
0.30232429968388913,0.015113183568831868,0.07934349802697888,0.20266365252635465,-6.784276950095096,-29.353417830906672,6.872468271095917,15.510302110886236,0.6509380829581072,0.0,2,0.52
0.3059912806865693,0.023918803293689367,0.06247325717888785,0.12858321770728648,-36.59073483424911,0.25424656073550067,-4.08075402535773,11.234316470894099,0.5734805970525858,0.0,2,0.52
0.2903585343947985,-0.0109022442823773,0.013741428832238653,0.2147567314058076,6.773275541241566,-45.323255320365774,-0.4366008098980898,14.556820242211222,0.6361969401584435,0.0,2,0.52
0.2941832752997096,-0.02956389076512237,0.012786117618483795,0.13585712263656924,2.6381821631928224,26.706039279164518,-8.65484517481441,10.919348621089753,0.8356345225448327,0.0,2,0.52
0.27831024815667077,-0.005524880703497572,0.01726461604879095,0.18317039220592127,4.816973471515152,-38.65873165702481,-1.375984219276495,18.83489031385529,0.68258686880565,0.0,2,0.52
0.31720418184743093,-0.009897838138678408,0.0810297865421405,0.20442814285296437,-10.051601352756927,-35.602410031488134,2.1016918302573613,18.217062964809735,0.7118841585985212,0.0,2,0.52
0.3005226047570622,0.0023320937292588603,0.04755547424694173,0.20200848467549845,-31.88865317037292,-12.036171865083729,-7.211506182659145,11.461830014999482,0.5816915768660949,0.0,2,0.52
0.2872261476335584,0.029009049960384222,0.04102968204736395,0.19983516860636108,10.843619796899674,41.87320527709353,-1.4535448977353218,12.732210416680516,0.7889081048496015,0.0,2,0.52
0.2968825941165828,0.02569435287245308,0.06182383678426961,0.15990196805789664,-8.515213439933678,-31.125745072072007,-3.5105740979966846,11.337560984865197,0.6953646828377744,0.0,2,0.52
0.297729783453412,-0.019038437760249115,0.10355519752035372,0.11433787424137498,-24.862794173966513,6.192132083139909,-4.122890975681369,10.675684533681741,0.8746126162124567,0.0,2,0.52
0.28312553386325867,0.028240319781226663,0.039567228120121575,0.16380515292639589,-2.5732791586421646,-32.29968965659871,4.781560976195382,14.39509948374604,0.5600585673490879,0.0,2,0.52
0.32733095367337944,0.01397698023500593,0.012794179390055655,0.18468600553282022,-32.68847411603144,-3.561873152365615,-1.8073430249349065,11.388822405874759,0.6225994082927345,0.0,2,0.52
0.30556199918721483,0.0023055453923850494,0.023214523772339887,0.19628714266355346,-4.476972220094256,43.37711117907323,2.697201104337762,9.390973637798687,0.6931077245985862,0.0,2,0.52
0.32509844689828526,-0.021324714392340228,0.04370218069891918,0.2472425604442728,-24.08402826849362,-5.501824975578966,0.5731730743051467,21.08904929561156,0.8784133880040645,0.0,2,0.52
0.31840625869488476,0.039149090117229106,0.009113172584659579,0.16117479315040908,-5.642269169140226,-32.79392695028164,8.399165806688153,12.637075711830008,0.7376886914991327,0.0,2,0.52
0.2866954753907536,0.016206918032775613,0.011239276426836598,0.23545714872680926,0.17582912382828342,40.98050322156805,5.365248609189593,16.36675818454195,0.7601228555632309,0.0,2,0.52
0.31986999984731707,-0.025800635718344213,0.017611354305558012,0.212082300293099,-22.440462237769168,-10.149744388547115,-2.7266382286311384,17.972254957075208,0.7175647568393122,0.0,2,0.52
0.3307163447819022,-0.00593187183348789,0.02762690546199927,0.2575080522942745,-30.975295583208265,0.6577182777074776,-2.5608361236885218,11.11629079848288,0.8535412011467561,0.0,2,0.52
0.25330987950122985,-0.04233655113573698,0.04270731172324372,0.194156118428764,7.068566810165976,39.8951576616505,-2.4258088398375226,19.49039529461464,0.7235925059123844,0.0,2,0.52
0.28891244620461665,-0.00040952797721473814,0.053668471671219,0.2047737967389422,-0.9267285895645766,-51.64520993692753,6.817520098487707,18.723292239030357,0.8526784026080938,0.0,2,0.52
0.2819437247059078,0.046730851012163614,0.02212201033029275,0.18641426614572076,1.2142637230047,40.096974815383874,6.678983652654845,17.346834925843176,0.9373142884075276,0.0,2,0.52
0.31223471556201343,0.036683069014850404,0.08482306364617354,0.14595474588996793,2.341912759798798,30.34872245209208,2.8999533693196162,17.469179528831635,0.8403282740370035,0.0,2,0.52
0.2952027629625706,0.010896426782395932,0.05624774989426143,0.2662342511308133,6.872347599993186,33.71861062963652,5.104659176871778,16.84433712636726,0.8754010044710211,0.0,2,0.52
0.3173216520521225,-0.017427119084253956,0.03781151205308904,0.1763642526669315,-33.92323178845578,3.2343614978409576,0.7398895369972147,9.279373095491051,0.6123434324977907,0.0,2,0.52
0.25324559938038577,0.015586634471765738,0.019329357576020403,0.2044259529095126,-27.875517807353216,-9.238502563086625,2.144005585678845,20.932795185643705,0.5577832632349552,0.0,2,0.52
0.28048968952555303,-0.014658620538733121,0.030701874410859555,0.16154295929040435,2.6309668009374763,43.83856332219227,0.6436444445534655,16.802817581075537,0.7145137843972198,0.0,2,0.52
0.2862980911170027,0.007823371145493514,0.017965559961909405,0.20086166565754063,-33.70299939183536,0.676335029628902,-2.6958163489545943,14.378790293195564,0.5933662865653475,0.0,2,0.52
0.32228120537176935,0.013553457401868845,0.023069695865012865,0.21629320576551964,-33.81187588405661,8.270414571093655,4.912535193111058,17.450745671257348,0.8892348183905896,0.0,2,0.52
0.3550596640856196,0.046471869093266144,0.05209744379321771,0.15423124732860313,-28.5852678037077,-12.46682963156636,3.9697064156242994,10.502525115643259,0.935771995330063,0.0,2,0.52
0.28278359734816844,-0.005726946188534332,0.006920666029991015,0.19622792710158288,-34.934149159777995,13.125571452827757,-0.6051452373870129,7.391502725718587,0.7488999366259839,0.0,2,0.52
0.2886140296933986,0.0006765616548088975,0.025070341263435766,0.23910419080818263,-23.537921721306372,-4.923500566517293,-4.643830801499495,12.755109854209326,0.8318058110866169,0.0,2,0.52
0.3074011515166975,0.007395341259856137,0.02481634130875572,0.2604840684213455,10.326397670011943,-35.53278557889328,0.06232445818721058,14.734452047514472,0.6914505644561745,0.0,2,0.52
0.29795374343431064,0.005731736862936582,0.0841412351527111,0.19464186004969392,-4.297473936070399,-27.158815031609343,-2.0196157055070856,9.526457339605988,0.5534541568645381,0.0,2,0.52
0.2899833724004998,0.011131253342010919,0.08696447804901794,0.17506199167917202,2.124500599862767,45.251056553503,7.384275448340956,16.253150623652758,0.5579272897434248,0.0,2,0.52
0.28152957057530675,-0.030614360137453913,0.023428078023271195,0.22291523829927812,-24.12787826597627,-8.261163988555602,-1.4772400538795876,17.708362115172275,0.944759854504219,0.0,2,0.52
0.3138930527815509,-0.0019780261846808174,0.05489824072581182,0.200990549924199,-29.898482651753653,6.012223172990241,-2.9051402525700682,21.36133959483571,0.6907051088728549,0.0,2,0.52
0.2970322506864293,-0.01585935250417858,0.0967089144594097,0.26191262849280783,-0.5308609697790322,-33.379414506151775,5.372375527529405,15.194771948587446,0.6499928663667897,0.0,2,0.52
0.31271036968095617,0.02822129328651316,0.050597226211881056,0.22013073013913956,-32.536773796478336,2.5879162466755274,-0.2654907271213061,19.624027853708405,0.5583181173371835,0.0,2,0.52
0.3076381248508153,-0.016288764602583106,0.01866373466566602,0.24801400770022228,-27.43270927718668,-6.3511079066887355,2.0352238216363667,20.314744088304426,0.9299883652974833,0.0,2,0.52
0.31232644026853723,-0.013671890077561692,0.040532120192449624,0.1817098623225693,-37.02880209369418,-4.077651073465872,0.3213268580685785,16.998965076922627,0.8753147611690286,0.0,2,0.52
0.32062820640467227,0.023301307285995332,0.006609098088669926,0.25386149857515106,-35.07057613494477,-0.7146224641840129,-0.34531010705182136,17.297383480564367,0.6713296977901808,0.0,2,0.52
0.29616021242184204,-0.008483551047143377,0.005144191004238973,0.17282249064562497,-24.233179323102206,-3.9810588360732213,0.8525379018094863,16.10928950946584,0.7860426119402786,0.0,2,0.52
0.2770908546913594,-0.018246581777616,0.0734910870222228,0.29282445129772045,-28.340086607436152,-8.483833974675457,-5.084967683559887,11.080727504565186,0.9429479460181116,0.0,2,0.52
0.30740029494135,-0.0058020687688222225,0.058588952026126774,0.23205426534140963,2.9522319987754884,36.4714091920938,2.720213943423506,19.461120040756235,0.7952781445442161,0.0,2,0.52
0.30940677435100195,0.01620201947757314,0.011302189580819836,0.23490173015365035,-37.31870039343754,1.321095467734316,-0.42915098878257835,14.962022358424683,0.6119268173639175,0.0,2,0.52
0.30449054831212774,-0.02737596352465696,0.051233440090711395,0.27661583893268127,-23.476732989783674,-8.18498043111891,2.6037751872254504,17.92985251019429,0.6245169877971846,0.0,2,0.52
0.2890523963348155,-0.014638792903772482,0.02291398363445281,0.19049146264158934,-24.058235645000078,4.576930137291905,-2.149327435162248,11.33440947036341,0.7357360864014992,0.0,2,0.52
0.2868622909898587,-0.00014802570363758007,0.01907041622530234,0.23392831145413767,-3.572538786281119,-46.01390517331917,-6.317959932280641,6.920818117208739,0.6078771919903231,0.0,2,0.52
0.2847277924373767,-0.0365420605821796,0.04667053094139493,0.2301310663183921,5.2887927694553385,46.868232949677164,-4.597117483415211,13.978576074670714,0.6000377652843326,0.0,2,0.52
0.2895058380561237,-4.353344804976754e-05,0.04392169016174956,0.21353110722391092,-28.060654213092583,0.7803433947584519,-1.6617837268877476,15.849467856946463,0.8167843814743376,0.0,2,0.52
0.2850213207557897,-0.019221833321737034,0.015342716114806546,0.1823866548381321,-5.617648650979108,-38.19712732435722,-9.595782434460226,23.35382133664327,0.8824380572857609,0.0,2,0.52
0.28474259131287855,0.01864568800223617,0.012960454693493184,0.17732098285933237,-24.47871897398697,-8.00986996734622,-4.50703444159044,19.555429782834466,0.6472134214681549,0.0,2,0.52
0.2940759658650173,0.03842914828997597,0.06255398676591259,0.21090398863156823,-33.431678798957044,-8.848720584993076,0.9555135732291091,24.21120869415169,0.8599616261319198,0.0,2,0.52
0.2916702658181432,-0.01144207258881258,0.03155732332402054,0.3352245795623031,-25.48180576400668,3.8055971861821285,4.8295400219304625,11.166923751185784,0.7111701387479298,0.0,2,0.52
0.3207050287254964,-0.026127302888289645,0.09805996658445193,0.2896784025428066,-22.169880283631244,-20.296306614823123,-3.094316459020976,18.958110237445986,0.8632285099155017,0.0,2,0.52
0.3316750165627236,-0.0035957821650589726,0.03667770850563141,0.1769334141497644,-5.143378510104943,35.109059357860914,-1.5374458010274341,18.164031210014976,0.6808467886711003,0.0,2,0.52
0.32117025019542644,0.014783408443299062,0.02264882913206958,0.27199704887361115,1.7998470480254605,-42.7327390330368,-1.4559460062692617,20.6646932393354,0.6431222721351005,0.0,2,0.52
0.2925222163939303,0.011084291546707644,0.09671485800915043,0.17398303460196474,-36.661131590031005,-1.6227392488759564,3.9459205409306755,19.65556739290426,0.9259732547316282,0.0,2,0.52
0.33820648043053314,-0.010685957973006388,0.06397796451025996,0.1887473411708977,-3.2276852157223317,43.0415322223879,-1.377626556841591,15.175925316610487,0.6310783061912357,0.0,2,0.52
0.326990177565979,-0.0028550303087423903,0.015781142300901014,0.24791799214882304,-1.7950449822517527,-38.246213921374874,1.1266800896212337,10.275001338469153,0.677396628406678,0.0,2,0.52
0.3005779871278254,-0.016343183048778707,0.05330441297813319,0.26332999591296113,-27.863574617707343,-7.524965685641872,-5.576193163006429,6.071592478489508,0.6685078133665362,0.0,2,0.52
0.29217817832326864,-0.01971679434529633,0.03852022017980793,0.2094727544331592,-28.337589323611123,3.043809977048154,3.4998324730588806,10.817190175621736,0.5679230287603291,0.0,2,0.52
0.3090209680038595,0.023941924970399025,0.03980051482370445,0.1621484753997191,-28.95216615796285,-10.456484775496028,-2.9196624659034986,12.805176600883913,0.8367850807738964,0.0,2,0.52
0.26574363550050434,-0.00423291109991492,0.035158054416097935,0.2626871021527,-7.168584671858191,-26.056630805155027,7.944998877382133,15.23694828162285,0.6000489689083544,0.0,2,0.52
0.24163735494215824,0.0068737154954105215,0.032588242952010356,0.2053603428625274,-34.39321796618984,10.997543399711448,7.986676618734771,12.705405056227535,0.7679416945510587,0.0,2,0.52
0.2707501593309702,-0.053553007637946626,0.11918426377333942,0.20333131612432886,-3.850702939857105,47.112042738214164,-0.6731658265385028,15.99086498704432,0.5974051883546833,0.0,2,0.52
0.28202850752679953,0.0009033566123221418,0.0111373787289199,0.136288376910922,-0.6120902866470435,-45.909389850705004,-4.554668652243054,14.548444200543734,0.6936730276819828,0.0,2,0.52
0.32495321649509734,0.008682329344702642,0.03231512789116803,0.17550878579797438,5.990344465848715,39.675712840861344,-3.6021810896163906,15.391874185202425,0.6503212588022316,0.0,2,0.52
0.30368834736341843,0.0012251323761213494,0.07414626068083437,0.2211165617708081,-32.197407904054174,9.760453703923421,3.1074577044645233,13.247676959319897,0.7284692055718397,0.0,2,0.52
0.3158374570818771,0.0008018200475269383,0.04020842177532439,0.21476093464499904,-36.12048661793371,-4.600615642166347,-3.9693057605333104,17.485113011316844,0.7856173238604858,0.0,2,0.52
0.31954573928534336,0.0291264464311941,0.03404795338962972,0.247295950542126,0.07607294574919685,39.9680047021496,-3.1148358645780534,8.061843031396538,0.932918159562267,0.0,2,0.52
0.279790022291289,-0.021202348700687854,0.043908492641494726,0.26170859826377296,2.870025465256684,-43.10157776293289,2.06820379189961,17.295435380529707,0.7393736811677112,0.0,2,0.52
0.2952112744787464,-0.03424234135098416,0.05998530556075337,0.133099654115258,-24.601159928911585,-7.197074515670504,2.075821955249576,16.669255449764616,0.6630916049532221,0.0,2,0.52
0.3021582510746841,-0.02912232212300723,0.018872467256294528,0.1289145766647517,-3.813314042179875,-30.953827381167745,0.24812430231408894,18.47272378583582,0.8562201254029029,0.0,2,0.52
0.28378698091668864,0.004426487268236,0.011048959111549461,0.21845411169761084,-3.31220732509117,-51.82819987323053,2.765972290857524,19.22529652910021,0.7004863758667965,0.0,2,0.52
0.32854523179719614,0.004902468603353969,0.04250285463205843,0.1681837285682732,0.9041922248618326,31.833366430845448,2.779896079850322,19.367546331727056,0.5938060806937605,0.0,2,0.52
0.27724179980066677,-0.00984624586991648,0.05295052178178276,0.22925363260368795,7.59785887780153,49.53747401079978,-0.0235820526454621,14.20914977880033,0.903917374085744,0.0,2,0.52
0.3064306607573668,0.011616240403429953,0.018672845679177173,0.08,-36.18665441324582,1.8015425956813556,-3.488946590276446,12.46398741606464,0.9275873608950044,0.0,2,0.52
0.3216228673363746,-0.044690792252779145,0.015630113360597744,0.17329353454157034,-37.011459648330316,-9.69112727388254,-3.4035004351722216,16.78482910392174,0.5870837587620228,0.0,2,0.52
0.28393684413132025,-0.0034692836975133124,0.038141127831787594,0.20235041773215606,-27.507625971568977,7.509821243083204,-1.6081095290529137,14.50926855871774,0.5814591941811005,0.0,2,0.52
0.33693591543087587,-0.005753470034656565,0.07499512827469586,0.19901251003089382,0.39747068613529574,38.7785768660313,-2.510454928852882,12.780644348362266,0.72168000499569,0.0,2,0.52
0.33015382273045696,0.015099977113636021,0.06289619881529672,0.2063955750239968,1.1377809970738808,-26.587851380529333,-0.8237872192435003,18.67606208111763,0.7904701794656306,0.0,2,0.52
0.28876888304321113,-0.0063874342088083395,0.04674109217174563,0.18275521552658294,-24.012452239809033,-3.6622022924693374,1.1392435974832564,18.837976064608608,0.813257159145382,0.0,2,0.52
0.3076350106778294,0.01629874565386586,0.07036181134020512,0.17288421175643093,-9.20220407371368,40.73354562936578,0.9215761638743267,15.462016884198455,0.6840384693467938,0.0,2,0.52
0.34216530242970344,0.0069337607181397766,0.035428527282371974,0.20983599740077089,-28.957952508176227,-1.3038774479028652,6.380922324926203,15.352759862277289,0.7094188892918567,0.0,2,0.52
0.3132031117257926,-0.015187604367196952,0.058954193189323816,0.21949537315030665,5.330591580594012,43.28887590764042,-3.398203270347045,10.07916078178531,0.607836081852301,0.0,2,0.52
0.3037372006056514,-0.0028663889758396904,0.01746125417118069,0.23907811250422054,-30.778103140079086,-5.780300845754296,1.0571675271324779,15.1591210904306,0.5858432524768291,0.0,2,0.52
0.34506617854391053,-0.011634151171849818,0.015690549454491193,0.22433401707851192,2.83442397226192,50.36949176212139,-7.545101511845624,19.038843510669487,0.5828630324101316,0.0,2,0.52
0.3344800506491592,-0.004322790604982908,0.056172903712087,0.2500576876494838,2.605076863432871,26.296992291554695,-4.035778645513569,12.844414934523929,0.6531801706782029,0.0,2,0.52
0.29339062783995723,-0.011796927955592812,0.051823903956573075,0.2445664546788398,-33.33230927056411,-3.867252108249146,-1.165105997368799,16.926012779090517,0.9381046735681822,0.0,2,0.52
0.31521144272265056,0.018307993625409164,0.009298544102082988,0.1614332881277943,-29.534088513421235,-0.27971255955695773,-10.466676755348068,13.289945762655167,0.7387719820628784,0.0,2,0.52
0.29177578807289967,0.03301540460622296,0.08287613015641526,0.19397952320836873,-26.91056210898006,3.6822706521938264,7.683836643918518,11.481246058071513,0.7780734089959752,0.0,2,0.52
0.3031913982398239,-0.004534548246258514,0.08554221410797856,0.1879923006416066,-1.525246364536211,-34.79685717591835,-0.27512433821441407,9.185846748857562,0.595326636928187,0.0,2,0.52
0.3033290041334328,0.004012711486168299,0.021541043749535086,0.25027907864914173,-1.211478822433318,35.048507539940076,1.6895771704002138,24.491024658147527,0.7260355737086424,0.0,2,0.52
0.3349084742842556,0.026786115677887787,0.025147111016566533,0.18358459427154508,-31.7343163648758,4.142916223919945,3.6228479168916983,13.619172632727343,0.7546040783436793,0.0,2,0.52
0.2965108296616004,0.005905804341646482,0.07003543789147891,0.186528537049607,-29.360476324617665,2.1209264540939134,2.7277063417014564,16.051748248640624,0.8147906691852879,0.0,2,0.52
0.3292532373008331,-0.009091478507339431,0.03707240397490493,0.16930968698547513,-25.582724492091582,-3.944385925150344,-1.748454561235944,11.383212770405699,0.9409827509857711,0.0,2,0.52
0.2680599674551,-0.005395991193704615,0.051255394153751854,0.23701088656023744,-31.1548328197019,-8.757834338495579,8.86914776284985,15.645457889317397,0.8100124759510208,0.0,2,0.52
0.2907325662812209,0.0069147678896685294,0.01683224232693205,0.17997153892764445,-27.75350036946466,6.374034924142519,-3.190953662832205,12.678728446246986,0.718616411788394,0.0,2,0.52
0.29756332051476153,0.013801901056687152,0.05132806505375555,0.20811684086485452,-29.669448268155495,-3.356997636469993,0.08182519926005383,13.707452752125748,0.5513071751048308,0.0,2,0.52
0.30006577716680927,0.016102767212586334,0.03695471287467291,0.1970034568620008,-25.814665560157856,-8.416218153814315,5.997018214376589,14.755497097598482,0.9265393515436358,0.0,2,0.52
0.28953379532148227,0.03016605582719281,0.06503820796266357,0.17296415838914142,0.8681650660317005,50.70392487255715,-3.428859857248898,17.687955517363243,0.6067108001888113,0.0,2,0.52
0.3683494229907235,-0.01564579383161928,0.03709690772360222,0.24862805678578423,-3.305801301286557,44.16426111200046,-6.813278776484571,16.745183371072383,0.6108177467258662,0.0,2,0.52
0.25963057741226325,0.010420605491948785,0.02004742994127729,0.18102868773196223,-22.66880222137212,8.116101325759068,3.537114166761384,17.405934317259455,0.639100659952777,0.0,2,0.52
0.27856109011937047,-0.002501135976916079,0.033805620723541825,0.26882595657417446,-4.064920641361246,49.992983205339144,2.0670684854907644,9.47086045580608,0.9372052897980392,0.0,2,0.52
0.2499671571023106,0.0184259906975492,0.030974616345045294,0.16052246693607689,5.703192452058708,-41.010603980435455,5.423148926867642,15.146160685454904,0.8430247298515168,0.0,2,0.52
0.2923801641283861,-0.02239175315375094,0.07109189826427023,0.1864916896520794,7.29196879084726,39.614007916302185,-1.030523532307897,9.85670741182744,0.6612095078341992,0.0,2,0.52
0.262882574417177,-0.012621162281420168,0.06920459864343384,0.21166854954825845,-22.72739490954688,-0.4563277920632626,-1.5119019258667294,16.465057742403904,0.6899374012044828,0.0,2,0.52
0.27293783983856756,0.012164242122647178,0.03230030174060077,0.1238438169679399,-25.6262608489804,1.2410411469028377,-7.626880261809665,22.999311360144386,0.622499033911724,0.0,2,0.52
0.3517061212231797,0.0252930161807965,0.0198661652830243,0.13049502563410204,-27.76954886544462,1.659330756692104,1.1995545928730302,17.248774296440097,0.8941024920850971,0.0,2,0.52
0.3186970548082874,0.0001143587540181139,0.05289224604829177,0.18396054653782346,-35.82720102812856,-8.228082830060558,-2.3944480625407345,22.232518365060315,0.6874903168964815,0.0,2,0.52
0.2632620126259113,-0.011972615988967594,0.06503793464003009,0.1725040377198815,-28.540155216406397,5.002623210580577,1.7647378626089913,10.291120181797575,0.9229694908684221,0.0,2,0.52
0.2877257597321698,-0.01644531310457064,0.0456183635382693,0.2555053373126247,-28.998676836240367,-2.8562841262579997,1.3480287399538504,19.947638527730984,0.83064129270722,0.0,2,0.52
0.29635627906334366,-0.00963000448930101,0.037557374551479165,0.2606231314572369,-32.475250184785715,0.3471695275376259,-2.1655423592703564,17.221808494787346,0.6780603253490636,0.0,2,0.52
0.24451138767303277,-0.0014904358950963278,0.013744207903460759,0.17022217408007986,0.5142790963324758,-51.898885670271035,1.5837935724688548,14.82374556412282,0.9138800889665808,0.0,2,0.52
0.3142335184785257,0.02567029703172723,0.021333243000155846,0.1938977086809294,-1.5232756766303055,44.33316233662566,-3.1530407198202464,16.203894668167198,0.7070392275722889,0.0,2,0.52
0.2734896689023538,0.0009856294184607775,0.025711038263146125,0.16984801451706197,-7.722447060429831,-48.33437649405544,-4.7223089845993576,9.747210222663021,0.6315224511640573,0.0,2,0.52
0.29894079014440245,-0.0002955499541474812,0.07426320263369161,0.18004030927943265,-22.65392728343135,-4.739871588511108,-7.205485973156768,8.698710213434026,0.7776970159976689,0.0,2,0.52
0.2848922222992692,0.024357203049917443,0.03898792716999978,0.23084064763629192,4.432673860733924,-42.784414181438606,2.373296282063612,18.16861869094282,0.7745909963652847,0.0,2,0.52
0.3350790345100743,-0.02182152401257702,0.013599607098799588,0.24950242645796825,1.6805159519212984,-27.2825763806297,-0.6901420013951516,22.88510236900455,0.638676147301979,0.0,2,0.52
0.28606309473131386,0.0013826892583346949,0.006598516345367832,0.22081812594761385,-29.91380080949009,-6.49422386462065,-4.228016128862857,10.394459687484861,0.9372075843785783,0.0,2,0.52
0.26994355322213476,-0.031174784530778835,0.0470971115456797,0.20444599596739185,-24.41883810651257,1.4751294006592952,-0.8508253867701304,9.349879476013722,0.776124058431395,0.0,2,0.52
0.2728303428683724,-0.01391622314481465,0.07922099632272128,0.1599003963154928,-2.5511787667494605,41.8508462194294,-9.050866409334985,8.768442640402778,0.8737573004873397,0.0,2,0.52
0.38097246480700686,0.007097890632987951,0.02411149934618432,0.16262039823434837,-7.216195241967281,-43.525166302652686,-1.7821902344277678,18.118516886535048,0.5707035412124052,0.0,2,0.52
0.27182542294193013,-0.045048209682975265,0.032253510020068064,0.24060273986677486,2.7728421641628227,-26.13068569181261,-8.532653636312324,14.831307505005299,0.665511802990922,0.0,2,0.52
0.31669296549713477,-0.00851822811739865,0.05704655811995867,0.1521593568361524,-22.435152409152593,-12.272815988893367,-7.901133788513319,14.260853321415802,0.6385400968269708,0.0,2,0.52
0.3021019441889678,0.029817774338796028,0.04177569611337774,0.28145865943224513,-6.654998741489056,50.903383393383145,0.04380767887135613,18.515652057757176,0.5547957914250927,0.0,2,0.52
0.2565921954729646,0.001338237336629251,0.03985192002440018,0.1999461898050659,-0.5663346675973123,50.48600434065217,-3.1698134638071114,16.556170371436124,0.7464213132551947,0.0,2,0.52
0.3028849341466099,-0.004121029644938189,0.025518932529905326,0.2033150347961071,2.0230558153044407,-40.81005284083758,8.693449324366963,15.498811587814986,0.7794721769875265,0.0,2,0.52
0.31343980179539827,-0.00750686184461987,0.03272008250511279,0.20399856110656228,5.983966762175738,48.2474438772374,0.7167764708750151,13.991078952405582,0.7425467978026847,0.0,2,0.52
0.30925857833662557,0.005938270967824609,0.035723988201248225,0.14486771767440917,-5.848501019106013,28.221307243557185,9.829299463893692,15.392692102524169,0.862379291587011,0.0,2,0.52
0.2596086264411016,-0.03593116846636726,0.00938899693579704,0.21369163491940557,-24.591136826742428,-1.2220006588372974,0.26207441410415483,15.683389809834368,0.9027120003182818,0.0,2,0.52
0.3222631852515057,-0.0018556490967896546,0.03344105042315667,0.26201234637904663,-35.93583445440047,-9.5260029673349,-3.766560588871783,14.901777316299698,0.7204225979103552,0.0,2,0.52
0.2610511980937005,0.035295604062844335,0.03381891381910403,0.12286293040851715,-2.978123783593966,38.6047915180027,6.225824428580077,16.085221813601724,0.7939317267579344,0.0,2,0.52
0.28645024158263577,0.01083362628787849,0.04377851834464628,0.21966756855992237,-35.20805226983652,-2.303700859827603,-10.779946474630794,13.028943928678492,0.9086349108734931,0.0,2,0.52
0.3361314043270154,-0.019525044832933366,0.05112353558995353,0.2168908207831058,-30.0789366032854,1.4972603511522686,-1.2247141283432392,23.32442448706112,0.6183949075083764,0.0,2,0.52
0.29645264329204246,-0.00993824971184301,0.07452296201490778,0.16983916294346654,-28.353177456087575,0.08956724841447791,0.7357515422838674,19.222017853726115,0.773512729453893,0.0,2,0.52
0.27774301038228083,-0.0028057305113969363,0.04156061181735205,0.1653869013522784,-33.2573766857235,-3.668728388764175,-2.383320348376517,15.433788273007046,0.6741034461273567,0.0,2,0.52
0.31681933085198755,0.014376521290018604,0.013507865530865937,0.22381796357016467,-10.897937223551521,28.84739643083061,0.25455425391986775,9.516171273710667,0.8973221492979145,0.0,2,0.52
0.3305248696898644,-0.008806887268830289,0.06730541818530383,0.16388986722734702,-32.64469196442417,-5.611447764906515,3.434736470438124,18.186173058944444,0.6934213612678711,0.0,2,0.52
0.30484348931087146,0.015596030784428701,0.009849954942593182,0.28345555837139624,5.124284015900871,-46.14626371920007,2.4090431151177336,17.36752422502015,0.7434185754229241,0.0,2,0.52
0.3177081996548883,0.029688198445231736,0.06871587038071529,0.15227626723391297,-2.1154679230531035,-26.691530634269803,-4.552298153925312,14.893693442148466,0.9069850637425458,0.0,2,0.52
0.2854550043895157,0.00328250134525119,0.018767600232916418,0.16967665327469486,-27.959791254792815,1.4162625820828223,-0.06544273644061618,16.522484326867623,0.7153133308094751,0.0,2,0.52
0.30992345791827497,-0.0042370241620401355,0.024395586899957786,0.16976587143367297,-27.8664596882905,-11.671919042416494,-2.6401712497658822,15.80377951092458,0.8210818603676397,0.0,2,0.52
0.2924016101175329,0.0017266637358738458,0.07218542230680777,0.18014787956361034,-1.180821170258991,31.43678307321311,0.17983391917281485,16.455667778499283,0.6589015794234514,0.0,2,0.52
0.28312119117052237,-0.017866611723327423,0.01221754326801545,0.23643430694938966,2.243175283352517,-35.88126949280543,-7.603066005491245,19.329867424399414,0.8347496081593562,0.0,2,0.52
0.310326948142119,-0.022908770944596004,0.0854382186142929,0.2702178647384728,-30.03284266387145,-17.02411770343082,-9.580263200681156,10.500686436096753,0.8761408534550577,0.0,2,0.52
0.2866767415914274,-0.008728118505651675,0.08136448668707995,0.24112851243333527,-4.834449817976853,-27.483126821528188,-4.427098993314308,15.042381034239204,0.9256525720007938,0.0,2,0.52
0.3370156611329078,0.015005913647782108,0.056703529464738806,0.1327411344109758,3.1266993210151237,42.808397129938704,-4.265201762753358,15.451003433512966,0.8286412327434836,0.0,2,0.52
0.2611119193104743,0.009734034890859654,0.021765728140421537,0.2431342876779954,-36.31980367101128,-1.7701891185222376,-1.2631273462189971,11.035205421930295,0.7214327437172452,0.0,2,0.52
0.27146082955034095,0.015832164842285352,0.033925786617022946,0.1339904312476591,3.0737852893526894,45.98983943611303,4.561778842900673,14.983926946208895,0.6342364112139294,0.0,2,0.52
0.2896288618358295,-0.007591089726146725,0.01039654748482046,0.21731059080703924,-29.860457846884326,-15.097684312194197,2.208746794212957,14.231123246566307,0.7187265875234645,0.0,2,0.52
0.30894918292800577,0.005215844256729759,0.01864948724068509,0.13857941219811393,6.961634527007355,-42.1899008270144,5.064663970691655,9.24592738982124,0.7987977094157459,0.0,2,0.52
0.2936119405493003,0.006548361538421273,0.015117087609070363,0.19361318568162303,-23.192879105635228,-3.130164051895603,-0.3590993091333869,18.608839604746773,0.5715704864006208,0.0,2,0.52
0.2572931021689131,0.010282106016573875,0.06045675943161624,0.24755804700338474,-34.24129528439738,2.635395150688011,5.002814391616073,15.70475727456882,0.875372669125287,0.0,2,0.52
0.3222534643994046,0.03595773798104211,0.01066913924862427,0.23527866693937177,-1.5772542810643102,49.6184776546729,-5.430486741698929,12.069336990263096,0.6663353347938201,0.0,2,0.52
0.2858341657681203,0.00531067946303391,0.09610385426892801,0.2378268042973437,-31.49368543786686,-0.027105570739380563,2.5334691660911313,11.570046741005681,0.6894025040548463,0.0,2,0.52
0.2964843944027022,-0.006196581461896833,0.0549137327716443,0.17574892726250166,-22.447117159391787,-4.014971161418759,1.1474770404559216,13.674163618547793,0.6608096196632528,0.0,2,0.52
0.2869359145676496,-0.04072231932210861,0.050679876400956274,0.1895051574788879,-22.84116013978032,2.946174703967083,-3.2867445467710525,8.129057199891745,0.8305917487586849,0.0,2,0.52
0.3214545220233565,-0.005542822739292995,0.04660375873472932,0.21381150216373077,-24.394232680742338,11.125325342025416,-4.6528654731965435,19.045791502826127,0.6644157083143033,0.0,2,0.52
0.29276954026164875,4.613265017538342e-05,0.125544671008297,0.1599460935378019,-0.1277203698093053,27.77665491208096,-3.815235255623841,20.657452558151967,0.6711316016978223,0.0,2,0.52
0.2807304537039087,0.00878827034238561,0.027862827699133126,0.1705003999354335,-36.235091312433404,1.8809802496566372,-3.9702284080504953,16.18521299023093,0.7968408846134234,0.0,2,0.52
0.2697196489735887,-0.004520541282352401,0.0363366271110123,0.18449310633352398,8.18710229203551,37.76611620145482,-10.866847697022205,17.694141068584734,0.5572541864803102,0.0,2,0.52
0.3268846602692704,0.03901790748239922,0.03171288416880288,0.2118238629254889,-3.42117561981743,37.77535416566629,7.636454317881208,18.084114223368495,0.9106069155120586,0.0,2,0.52
0.3158447778629164,-0.00569807194969559,0.021729326347540535,0.1670213604883689,-1.9000019947670928,-51.374185739388366,7.496860348095136,14.50085228351382,0.8118127586469576,0.0,2,0.52
0.2800816353018503,0.008819608178492573,0.03936766763214549,0.18188556482073254,-2.1632988092203616,-42.685021229318735,7.116930463243155,4.050651775147674,0.899251634449053,0.0,2,0.52
0.2999231538655996,-0.004474329088065674,0.013539570728403272,0.12134102977960542,3.303621087925131,-29.467197339448823,-6.7810932910291255,19.333427157237765,0.8881967616856927,0.0,2,0.52
0.2553049707056745,0.039070841644322146,0.03019588746732914,0.16695520161874194,-23.688114857616753,-0.9247636850191393,-4.216175000789022,18.68618880355643,0.6143325374115158,0.0,2,0.52
0.31554360919197233,-0.020578293142956453,0.02313555491606606,0.1783739733311474,-2.8674112157150855,35.67990926514345,-2.0069710491021358,11.069566623459322,0.8404933867027136,0.0,2,0.52
0.33271333527077707,-0.01214582175424195,0.04408348853660857,0.16374229394126671,3.827651539719735,37.10469719534488,3.9923171847396324,15.756433293900718,0.9244768012720442,0.0,2,0.52
0.320041987157191,0.05436633606814596,0.07102855492069736,0.1881893132967688,0.12485288817805591,43.64336858117542,10.316915080598648,13.100602927258612,0.8282608862965619,0.0,2,0.52
0.2782738382770365,0.020646952403345294,0.05377968005605558,0.17146061584906505,-6.865054447266284,-39.77049378820521,-0.65111890688616,15.651058134810082,0.6336053773776978,0.0,2,0.52
0.28039257357840014,0.04068124519397366,0.02353551749388845,0.16100662242870228,-32.99610888682555,-4.286986447828862,2.2649725875207194,12.324136872125704,0.852655105765783,0.0,2,0.52
0.32687469443247824,0.0003379538414813531,0.06411047096657045,0.12659976119964078,-36.70436396000407,7.588268928304253,-1.815075089734226,17.088941697542875,0.5888417815724388,0.0,2,0.52
0.2975635195758945,0.030421342913252297,0.041019751013343,0.20575167823778462,-0.8674448906293499,-35.70363578965795,1.2397622308758933,13.644668544115024,0.8292520733091608,0.0,2,0.52
0.3499532949992272,-0.017865396718391765,0.03674723853314502,0.21026570362107977,1.928971972401941,33.11258877036144,2.178350187371887,13.981073445499808,0.907444218702622,0.0,2,0.52
0.33804622564742065,0.019472411275618044,0.05953643702786781,0.1850304640848652,12.137820345138831,-41.490201870045134,1.599219311925567,15.06684590292507,0.8687279572973114,0.0,2,0.52
0.350013479245996,0.029843134554804477,0.07095020005406671,0.2117117606972717,13.485331342628223,45.68047295176392,-2.9550531828656608,13.53350285090527,0.5884919992325791,0.0,2,0.52
0.29062721519128315,-0.009525540453242299,0.016979553460674104,0.2177368372672422,-36.68627870261608,-23.180023961967834,-4.165878834487607,19.814768078937295,0.6098153151308956,0.0,2,0.52
0.282981173344189,-0.0017756708268316101,0.02429504467360641,0.2582247469652791,-32.64288401283424,3.8423113354866123,4.570069135157807,11.528792058958476,0.6977703937132014,0.0,2,0.52
0.29420634929074946,0.04649227339732473,0.0037578355963712277,0.18416204434850528,-2.369389315848843,44.64211337753261,-0.30274260936298986,10.570154687534128,0.5692016139659336,0.0,2,0.52
0.3612624942381215,-0.0010594852908267897,0.07055086986422397,0.17865428453866555,6.101250001131312,-37.19907964209098,6.455452229781637,11.572825697117866,0.5771894019293615,0.0,2,0.52
0.2959488135054334,-0.016836103924405713,0.04937815925906355,0.24421418545120213,9.30249961314672,37.71762923670627,-0.2154570320736701,14.681746509585631,0.6477964782027088,0.0,2,0.52
0.3286462226689417,-0.027593581839148437,0.010512619248861016,0.15330539516699826,-26.359116233265787,0.5902573660226655,8.3716640785623,13.438600868114985,0.6163729831796595,0.0,2,0.52
0.3106372817678603,0.03185601038280773,0.02867136491972785,0.23030181955328516,2.9092460773233038,-46.93000669955866,-0.013231527793044973,13.276416414597655,0.6586901558355033,0.0,2,0.52
0.27316669038125074,0.00019956948363966686,0.03665926105481763,0.2920779154066976,-3.736222372435338,41.41384693727401,3.0946414149289305,22.091541270105047,0.6558085095625739,0.0,2,0.52
0.27504255236157793,-0.041929789765007275,0.07623586036049376,0.15387450014675247,-28.390038493370234,-12.733097563199925,8.083924841603803,11.052944980666481,0.7438241313199903,0.0,2,0.52
0.3110542189461119,-0.030728847912330954,0.025987200116358147,0.23554093912586174,-6.317874770718536,-27.649107429326882,-0.9046507689213388,11.446367731798379,0.9131739371998358,0.0,2,0.52
0.29190732449754836,-0.011333530587186055,0.009453667665531525,0.1379595692396716,-0.3672859670211274,-47.416246297484996,0.8498214101805874,12.93285627745593,0.7101294491378504,0.0,2,0.52
0.28394856736503954,-0.00036293363861636467,0.01888146100039626,0.2012637154390498,-36.46621834264843,6.154764882480887,-0.2673371786939674,17.922076639171895,0.6676402742185373,0.0,2,0.52
0.2718345329107655,-0.008938721417327343,0.08769482825014861,0.20407226006353751,-25.561587063912192,3.7926368075889503,5.885856910485136,20.857850048951054,0.5760937548399465,0.0,2,0.52
0.270705846046467,0.003812892876340793,0.07435776363151363,0.23849656216680773,2.1278737621570833,36.71124390044114,1.5909926313781277,9.679535893957603,0.9154533369373739,0.0,2,0.52
0.26207493193899956,0.0314861737541221,0.02578145400513604,0.22184432928310527,-6.947549713386062,26.653684298226537,-0.9138045970924534,15.734506484315473,0.7695568769622498,0.0,2,0.52
0.28929963159740585,0.009383897242727663,0.03028098551186626,0.18471431061631774,-2.2910952092319667,-27.480605821480275,-2.131533120872456,15.820025065447314,0.942508750686343,0.0,2,0.52
0.28577676134017865,0.006504766658499132,0.027194488548656033,0.2185457079311645,-33.56360322671246,-12.173734891980619,5.4593181875098775,15.967859199474647,0.9168110411854313,0.0,2,0.52
0.2837467276711444,0.012716776567503339,0.0792438956857546,0.1368952383080829,-13.953927850041502,32.293395002552984,-1.7884388237763145,11.34608884167702,0.6844839997665098,0.0,2,0.52
0.2979613689473278,-0.007212918420560378,0.08114344830143948,0.2563668479394736,9.150175841820769,-44.88828490748415,-4.957911862371281,21.986413489749488,0.8832071478216708,0.0,2,0.52
0.26250349218009605,0.01726792945107218,0.09822847128264858,0.19981003832608699,1.205550222141313,39.77412260943282,8.919436649594118,16.742336350643786,0.9192619287844452,0.0,2,0.52
0.3071936874528481,0.008328104490441215,0.03058880498581423,0.14064024749345994,6.304266638713398,37.29882215246064,2.5085122512530766,11.692040281919969,0.5905171254403085,0.0,2,0.52
0.30970920092804305,0.001651662466157749,0.01544691272197784,0.22879512367713525,-1.6956692514766831,-27.19093783371722,-6.63175739907145,12.646666099895409,0.7531404430264399,0.0,2,0.52
0.3166523119195994,0.01512779920160491,0.07134923439699133,0.23750495622998052,-7.496391748191116,-43.452772672294245,5.408545322052455,13.840473642795576,0.595511451028845,0.0,2,0.52
0.292663669140664,-0.011534026163672662,0.044285763065070746,0.15061702867625243,-36.67370633049537,-10.368897998407489,4.583006423631998,14.167117545723215,0.7662444998537294,0.0,2,0.52
0.27950708998325013,0.017695109309451992,0.07943378437575921,0.1876345556402518,-2.546675749203262,-49.49366982673708,-3.1659406148511153,18.21631018885126,0.7585378632939129,0.0,2,0.52
0.27884080239130726,-0.011854180483033662,0.024752618769134194,0.27694762717241045,-3.333059680151954,35.34046178468611,3.50250904159636,12.728191338588946,0.6832468141214267,0.0,2,0.52
0.2810308261684943,0.008821380177781828,0.033555577419931315,0.23425263140331648,-5.048909954121619,-26.243833457240854,-8.244783428304366,10.278145272661643,0.6794232524249402,0.0,2,0.52
0.3326224942187646,0.010346358917334023,0.03279019317728362,0.22425548121130384,5.1668212330277,-28.0600035915672,-4.078556580355239,6.875358132441477,0.7904762324988315,0.0,2,0.52
0.28422775618871243,-0.020193610692140967,0.008046287488236709,0.1662866258276091,-31.25437647943751,-13.438436510501953,1.87399068174914,12.473616112212293,0.7503004822800472,0.0,2,0.52
0.3145441001235493,-0.01158807369698164,0.006164054760972139,0.22789186266702033,-28.744790377916793,-1.8644024528128853,1.368844019754398,7.711619036845015,0.9311786831337939,0.0,2,0.52
0.3069954727922716,-0.006787727798933552,0.08414403702960696,0.19329481463385667,-27.198988440802026,7.2501385531960985,1.505637628244548,17.780769603184982,0.58677145692472,0.0,2,0.52
0.3099068568821281,0.012238223393592453,0.03824780117559412,0.25449496125599697,-36.520942897393546,12.212003434414616,2.648992998381324,16.514320705851077,0.7633115250638385,0.0,2,0.52
0.31869272416155237,0.0033755931423345414,0.045050459581528,0.28502521217741367,4.27392731156834,47.25460449100839,-1.9675340232650305,16.567160811564374,0.623337514807151,0.0,2,0.52
0.22410709467323206,-0.03332662745822734,0.05196253146501667,0.15343816379233874,-2.563792822661479,34.300167489812175,-0.6950830775719976,14.840622290684147,0.9027013631203147,0.0,2,0.52
0.2783553411544655,-0.03305996398596336,0.029846236922632254,0.3144073626110383,-23.996886491844766,14.562108706773065,6.908460624779552,12.002220811709613,0.7018147585268792,0.0,2,0.52
0.33454935388776114,-0.013118231401989356,0.02539259304499075,0.18147266088059116,6.0283763268992026,-39.36320367709383,3.554524028007129,14.894739102678137,0.6144493743485258,0.0,2,0.52
0.27366469019785983,0.01519215935250849,0.0658523382777667,0.1677892180680987,8.852160332439896,-48.19835969327925,-3.1722245422491655,15.39443942062554,0.874636001530997,0.0,2,0.52
0.31129936488462373,0.027759072694479123,0.05506490435108098,0.21915255377296167,8.263299254217076,29.648565491712787,0.9857765301826383,20.999958056964662,0.9096651769659143,0.0,2,0.52
0.2807481512052718,-0.017448358690948323,0.026826559576712945,0.19213265476069682,-1.7380836551946328,-41.15967095615959,3.023603782265067,11.448416704717534,0.9437524447484293,0.0,2,0.52
0.28524604161464795,-0.022878260824473085,0.06229588620344964,0.14835771531501202,7.077007285106912,28.472520139404757,2.14191230570193,14.419278850130947,0.6539111116098879,0.0,2,0.52
0.29617128194931464,-0.011064170100700536,0.06509859389420952,0.16332056809601592,-3.8620174779281884,33.67931460454186,-7.790508513258132,15.968727438867255,0.5604473004696999,0.0,2,0.52
0.3165022707029015,0.004293258061773586,0.03700456270579862,0.19745527231251409,-1.727609947392584,45.41505991981185,0.0860029617551991,12.800563686482167,0.683106997486886,0.0,2,0.52
0.3251704773287308,0.0204889436661841,0.04750897094804228,0.20468847199264878,-1.5548029859455275,-41.13410959224693,9.002146052141304,15.581249020317287,0.6971152918182877,0.0,2,0.52
0.324174326216946,0.01068888283763463,0.01744421428569175,0.1539138874582529,-5.588158006555663,-39.721209941986515,6.63076571469715,13.346373979746373,0.823453739737722,0.0,2,0.52
0.2832559848953995,0.054409286923048646,0.006971343920970742,0.1613138102432216,-7.416249913518538,29.272569863035887,-0.09931240898645294,21.655720856492323,0.6562231319038435,0.0,2,0.52
0.29266215712011806,0.016145955520199748,0.09301917967278085,0.22470907988041522,-24.137098464488435,11.611448504909344,-7.310907241815975,10.392470406974006,0.7295482146969348,0.0,2,0.52
0.34106837205096685,0.005971011232340409,0.03662686187807012,0.2466468495169955,14.514141738607046,-49.98627124454589,-10.125242636099472,12.414201363733616,0.7438502536346867,0.0,2,0.52
0.2765673077197655,-0.014362548801177799,0.07516368257782305,0.20201164941337874,-27.5453259478183,9.288897151007028,4.713222042495044,15.406760095017791,0.8553006430461425,0.0,2,0.52
0.27009321332825004,-0.011431773503723939,0.012164308286602483,0.17395301079610126,-4.861303718891977,42.46134209835121,-3.9128771121891335,23.918269124414365,0.8123105464381183,0.0,2,0.52
0.32520262800634525,0.01248771796042504,0.011617998986730193,0.16532957804726803,-27.534947819533308,-11.691613556115552,8.630886001269293,15.677061954151469,0.6715817200032715,0.0,2,0.52
0.33918539248201024,-0.005215658503057021,0.03783730187381356,0.26343007371848576,-26.253936928208347,-10.797191378023735,-3.9547376818300757,15.79943852903412,0.8311576205703384,0.0,2,0.52
0.2807365048597792,0.01420149213544076,0.06274306252808982,0.18588092005211893,-28.812861674183782,1.2559729913529016,3.1718589797184875,19.88740395206539,0.6380719018468611,0.0,2,0.52
0.284854992483527,-0.015452697287289057,0.08809908159434642,0.24581918644943998,8.404238250225045,40.25097812353539,1.8293445505170725,11.585103824164044,0.6789777497284334,0.0,2,0.52
0.3530159418911422,-0.024631458560983137,0.08977805516127568,0.23607131280487884,10.142643316476592,-42.27564506838077,-0.024375803013858794,15.693442400437041,0.8178787182390349,0.0,2,0.52
0.258648467215862,0.0037844148072214484,0.025418594427658592,0.18575570746043663,-25.241379294883522,11.078318743071664,0.9019830246776364,13.635619989702985,0.5795818422986115,0.0,2,0.52
0.2924549099332594,-0.025345871536009583,0.01155697437932795,0.26981522899479404,-32.97316381810243,5.418626893665196,-4.78315943735414,16.906660457839326,0.6404883673497117,0.0,2,0.52
0.2839420776220965,-0.015615353776017943,0.03955178329304812,0.1664594270863423,-28.078487591015566,1.2354907136489626,-3.3915132506880887,11.880978529611346,0.9238833463741654,0.0,2,0.52
0.3655188704073264,-0.009510419629079739,0.031148821638922398,0.16161575450764198,-0.7273861567631448,37.214521711614275,1.9667898671660047,13.327075727584742,0.866511165333292,0.0,2,0.52
0.27666112287035294,-0.019226280401003434,0.009601342908824383,0.1318240532806148,-24.864313921332943,-1.455524886143331,-7.257777496405645,9.981619588443014,0.6704021060813393,0.0,2,0.52
0.25418105214017644,-0.01794194853886748,0.0075320453734544065,0.1899692375147055,-32.581896071891,8.128261255440805,8.94440338032485,13.55664870147324,0.5729780536397416,0.0,2,0.52
0.28600127767351324,0.003899408539962818,0.06143615713875338,0.17509410593289038,-31.369695215487642,5.362932864262921,0.2545004439497438,3.478514241576054,0.7329739206039327,0.0,2,0.52
0.3272990170252578,-0.007585877085719918,0.013341282713224809,0.21671272497999639,-10.85291145537479,-42.40176949112321,-5.374046275864264,13.533933713749573,0.8679737686777618,0.0,2,0.52
0.31298977178777565,0.012966300783795098,0.016012146720488337,0.22772730202990255,-35.706448138853965,-6.008017071654258,0.0749443581351754,15.812577158053553,0.7371502018482627,0.0,2,0.52
0.2972195868374321,0.02771383505371231,0.01816097664848498,0.2652338088563293,-34.99088831538562,-12.453069266220588,-0.01927102843633703,12.40788937798788,0.5683454220608062,0.0,2,0.52
0.28886176902295896,-0.033016246438952915,0.027575782189504364,0.13879964369764186,1.9831677540738757,-45.259160591394135,-6.4258482208575955,24.914168048135547,0.8099171361354691,0.0,2,0.52
0.34050799186994246,-0.009194659550196169,0.074096589792128,0.15464121032956865,-1.7880257739389933,-44.266359461789314,3.7574877531578617,21.792903455534756,0.8164956028906475,0.0,2,0.52
0.2511910626416773,0.037724986744812734,0.07727916438536642,0.24955466959928113,-6.836509327039361,-37.73481437327101,-2.192162684817987,8.681132128379645,0.9479691886562125,0.0,2,0.52
0.2684345161126623,0.02685425286770494,0.02257260351220168,0.16156911052965164,-5.472234007819851,-29.61528944303506,-5.411351095051829,18.850751352427615,0.8561915011690808,0.0,2,0.52
0.28575301867252684,-0.05909176568900069,0.024525875209125997,0.18037455786676548,-33.80543760771234,-1.2979948936254107,-9.873153675341042,8.724472909615148,0.8042876542841222,0.0,2,0.52
0.2788236389306781,-0.02779489376885768,0.010437455969997888,0.24557259206648302,-35.17604565043662,-2.2890483904881367,5.807662899633814,3.3841162995472764,0.5866958803336803,0.0,2,0.52
0.3168619108420224,0.021024732382858527,0.04281291076309843,0.2590656016706795,-36.13335782744045,2.9116826707306767,3.9710022867687025,17.5408171915934,0.944485756984447,0.0,2,0.52
0.3391180766935173,0.058921616532218044,0.07717668071234118,0.16775596575762497,6.5422485209824774,-33.652084480863486,3.8928520266309166,18.804341069307903,0.841067491648045,0.0,2,0.52
0.289439364543173,0.012070322202614048,0.03792969795494538,0.20517321917477352,-3.633123500045162,27.43605393717848,4.094178404269219,10.796106773208125,0.7269702668699428,0.0,2,0.52
0.3092389078460904,0.01957625807333131,0.04955256075627279,0.13421327330435295,-1.59545565970221,40.93325191436255,2.863574942661354,9.444609666278303,0.5944487189728302,0.0,2,0.52
0.32669357474324495,0.008250338680611476,0.028578916628673165,0.1644480517601707,-27.303363623124074,3.9187291460361573,-4.114745421768716,16.993123993653917,0.9191952682253957,0.0,2,0.52
0.2905330424758664,-0.0522888215236782,0.03464503729869414,0.22178477277282568,1.043370419250253,45.50678215592523,0.5321991066169534,12.56653638354383,0.8953582644416411,0.0,2,0.52
0.3029111470688479,-0.0009879302597299911,0.04981215042926989,0.18825654303775025,-28.203617881868205,0.4797179952265301,3.189127500550035,7.653484003056744,0.9102326780182926,0.0,2,0.52
0.3193081023884676,-0.022693467052540668,0.022425954513080798,0.1889231379611992,-3.519716975886252,-33.34660389606026,4.126851441860797,6.310572621200572,0.721953189391943,0.0,2,0.52
0.2702194463679174,-0.029080524734724902,0.060463356740092046,0.19922806563231713,3.5427974681111336,-28.208023445322098,9.524176265708457,14.804171029731624,0.6450800577295098,0.0,2,0.52
0.29736592299651854,-0.013479628516154158,0.03752502766598643,0.2644284066546182,8.805242672425045,-27.863719216848537,-3.5333889686948816,17.745641575302102,0.8177969344665297,0.0,2,0.52
0.27684714302456637,0.009686815183464322,0.021692135606332597,0.2784227175289492,-3.2345680997722694,46.01254258523494,-2.968393739683288,17.991633996291455,0.8091782175279012,0.0,2,0.52
0.28445338267314496,-0.003325273889432926,0.011237624834662344,0.20464175985490393,-10.906199740528717,-39.130696803382165,1.628435220127146,16.72312013106715,0.7382771043520877,0.0,2,0.52
0.1987617761254384,0.0019881645339577987,0.20817148316386203,0.6354886836010164,7.599435991649828,12.558495830503396,-1.4363029648811023,18.74457027611505,0.174859800083969,5.241303077991578,3,0.72
0.2869012454867398,-0.024090780345399965,0.27784386346149903,0.7090860729701144,-0.802010399815881,4.0329141521183685,1.1333288985357926,32.26959470345299,0.19451962558698577,3.284984554700611,3,0.72
0.210544565219265,-0.009333089324797017,0.20310632465167566,0.6186581041643853,13.847395231312786,-3.6211638301179505,-0.9217095808168108,22.337802500950207,0.1528591509632247,2.3558589897993167,3,0.72
0.2029234452091119,0.007109746689124782,0.34587881766796474,0.5748102308932355,-8.980406177447222,-8.449267742894321,3.05506585602693,27.705549379531853,0.41154184281216133,4.478922666817014,3,0.72
0.2593871007808087,-0.007810508475512283,0.3650795265724863,0.6659089692442924,9.030878289852646,10.230204158844433,-1.224883687026279,16.546608047020495,0.3407158339487133,4.095455567063708,3,0.72
0.19420933410712868,0.0018846949909634252,0.22250138764580873,0.6868831966871088,0.6470912703798559,-5.58462199316189,1.5146138804187885,32.15732483396454,0.47311962985867617,5.082834000295944,3,0.72
0.20225976169807922,-0.03080367320991951,0.24442642486888455,0.5342409372995405,10.709799553854397,9.88263688562965,-1.0598280577582189,28.71395245523925,0.2321706915347872,2.3298356455239264,3,0.72
0.21103235539112203,-0.0007534541450920501,0.27641552959074167,0.8216706039227231,10.716896508986961,9.549985012722033,-6.0652200702234955,20.927897690882666,0.30675734072991734,3.2381669452393407,3,0.72
0.1879508900337491,-0.021558548625448908,0.18376758032443294,0.5309262238827582,5.208777997251289,-7.7605658884301025,-1.5524396368276303,23.260421441772664,0.21736307926854576,2.4038388172954166,3,0.72
0.19320211992777211,-0.009279146931176886,0.3219740499570951,0.6507832210394591,7.689968432973036,4.460319984052901,3.0614096651513933,22.03637935087116,0.43893270086803915,3.4097149546056924,3,0.72
0.2211054451083095,-0.026093029018442494,0.2199628504417762,0.8058109072831332,10.734441584224966,1.0154174986869358,0.2789955512682074,22.29492351755939,0.43604331216731507,4.4733392221775405,3,0.72
0.21618814603114497,-0.09321169531112314,0.2990533188909178,0.5432650084340498,-1.728972476213988,5.736594868915316,3.691096474764138,20.84420302403967,0.16791166811368569,5.38357954153178,3,0.72
0.2101308728915886,-0.018591309856558904,0.38541356534593785,0.7425172769861542,10.30327605469066,-2.214771825275898,5.677824732935365,34.914126357378464,0.19362331492926677,4.934402117396468,3,0.72
0.21613598228256994,-0.015484292673182385,0.3263601890418653,0.6320154010914847,8.01512822001757,2.6995757119273374,-0.5729307355871769,30.90188831478714,0.37300693893036063,3.2433798253425814,3,0.72
0.20510029949525935,-0.012433704239545517,0.23131792393591777,0.8741071259773416,2.5041542218901274,3.769513948214785,3.5171048409290004,22.8124130276418,0.15337826975284877,3.2591946406381522,3,0.72
0.23837751855412187,-0.019914860196925507,0.21432445244174075,0.5396028956838047,17.922705635292868,-5.191338182397405,6.035495184518126,24.65705715331181,0.3199203442752051,3.3510759629749938,3,0.72
0.15017947786139568,0.020008785613250164,0.2281267461159689,0.757287030155823,13.793846514869625,3.826156123974281,1.751898522804806,24.171607974391335,0.4289417998225451,3.5095152346785863,3,0.72
0.2168125631460372,-0.07074718645672319,0.2957126766825795,0.6285168297269896,8.044561550832217,-0.789644118514783,-6.41443515190448,21.56915948791574,0.3809055489935742,3.038835651914679,3,0.72
0.24555372091016853,-0.044185208191448715,0.21442144335791702,0.7209845181731029,3.1259996154724288,-2.0478934371430166,2.069647181272972,24.513755039735944,0.21031570061342186,4.603537504248946,3,0.72
0.1872863778128866,-0.07242405351851096,0.26781195537271807,0.7946685213856162,6.936109197948994,7.024647769009809,-3.948129462499139,23.47009373051758,0.3022877977920145,3.384726968090386,3,0.72
0.18461954716022233,-0.027725372018948202,0.27216088598254107,0.8126507534661778,-1.571483161516566,-3.0802465743724885,-3.0999922471122554,14.600303203141284,0.48966338211917937,4.771365410946216,3,0.72
0.2075743567350428,-0.022922237681627548,0.22239799999701165,0.8371966750346741,-11.993955677748435,-14.519116916299305,-1.2678884310116905,29.81930222207222,0.34864531189702364,3.8054306322249487,3,0.72
0.17717914781703523,-0.010223063740816702,0.22791188653963113,0.6835619041977515,0.25178909698468743,12.36610990973965,-2.887759749586539,23.78436992533258,0.24176359163636046,2.4792406712747046,3,0.72
0.193119669220719,-0.058387018923621234,0.20464689200697206,0.620663847336457,8.054956192886491,-10.938341038744026,-6.85163469759368,22.774246442358823,0.20193815322057757,3.9214916545318257,3,0.72
0.20999121482614957,0.006792413959492049,0.16026274091770443,0.6450449038757874,2.4320280408161796,-6.864837539170874,-2.6300032658492856,21.211424472117088,0.29414907684589897,2.9814612801655898,3,0.72
0.1783327426918164,0.0036500005793251196,0.23102200735310063,0.8287165153526033,-6.113366244130187,9.516726121365341,5.741517896231043,22.519812310365555,0.25266111239888495,3.3037257034414402,3,0.72
0.2065867070755287,-0.05380466101829402,0.2376658026090792,0.5564889228885957,16.931850835365886,0.5300973991705054,-4.686860357210721,20.341590404037433,0.24976337619167618,5.044227698303981,3,0.72
0.17627572430259933,-0.01753012945623906,0.1749198063103237,0.5805124646260357,5.103123335507279,19.70796690363561,0.36933486812850036,32.93985953600858,0.2966520773232857,3.936521678444552,3,0.72
0.1994734289992944,-0.022178770864697998,0.23288613359586285,0.5364767963094088,8.266985351357306,-23.727646065153092,2.0372122315234655,27.39051312983888,0.42898391377496004,5.0640731335393365,3,0.72
0.28045808688407325,-0.02387161699915406,0.25273171662828586,0.8650289615030515,8.531736674689155,-6.7808033760834645,-4.6476221208546376,17.548714462143224,0.30774502148141963,2.6127176853400176,3,0.72
0.23221415654941058,-0.0577975018648622,0.23995862020639291,0.7360023427823261,2.883185191327385,2.7614981205906814,-7.81460241597068,19.407924452750628,0.455849375642046,2.309146209248345,3,0.72
0.16171416695565421,-0.014753637235818535,0.1846924834308452,0.8041130876302323,9.076630021639646,3.92875271757815,5.427350844089381,21.205353388502836,0.3268283942002273,3.413146923639183,3,0.72
0.23996640828658897,-0.03622790639439888,0.25396180983359085,0.7867060147122846,1.483533226805755,-0.7229183828096393,4.461607954227991,24.254370003952094,0.4494044614809557,4.0973908150119165,3,0.72
0.25779276794598943,0.00950427257968631,0.2108072339407906,0.6798162377210873,5.7508768940696005,7.828557953810782,1.1547729504359652,25.454396256651496,0.4198143697695288,2.3242199195493725,3,0.72
0.20218334683214198,-0.04538638889226536,0.23217069953124486,0.8713611903749674,13.847790466028279,-0.14303113848620835,-7.295839139836421,20.31620306611693,0.27684356132309845,5.118191922351221,3,0.72
0.2685419138323013,-0.056398780339665555,0.26286319068455766,0.5648681722851239,-6.69195994966279,11.822971388108446,-0.48179505415017465,12.229329058666464,0.29262966741925245,3.8125538388848885,3,0.72
0.2687737039847553,-0.04732857221873894,0.2600848228501827,0.591013243630251,7.00706311318849,-13.172497468000415,-2.84723712823999,23.658666397614766,0.33614379693610674,4.419715232972172,3,0.72
0.2263095629233756,0.030718839070188148,0.22891478204111793,0.5713294664351358,11.264917443059703,-5.642089437933571,9.555058693487807,27.603756188448703,0.4062644991454062,3.1148752761337644,3,0.72
0.28531803532708877,-0.06524337589834656,0.1853539965422633,0.7961496283587257,2.7029571068269638,-6.847836395597641,-2.1611056196618628,19.029368307454604,0.36016413168253614,3.578826505656618,3,0.72
0.26452208265115773,-0.024005430274368626,0.13504673916630994,0.787741523808235,4.755970468502078,-10.381087984119095,-3.1889270556146934,17.898119953646415,0.2548783676499458,4.074351441722243,3,0.72
0.19552974564809278,-0.03019067037401201,0.29153639244057594,0.5761821507203297,-6.740703208432903,14.51661419500443,-7.35082906775661,37.63312832896869,0.38183939361153263,3.4519298081340217,3,0.72
0.23499598068471553,-0.007448154954559619,0.2645218635558262,0.7560730740063045,9.135299270828016,-12.005903053750224,0.9081188791339663,26.890866146566157,0.23757301050969792,2.336707112990278,3,0.72
0.1987137510920821,0.01837062178214668,0.19675781732215186,0.7320039426757674,11.666882028780428,-8.462068685290435,3.543984003415104,24.381984171177514,0.15370366240929798,3.7369349081428105,3,0.72
0.18268295195830073,-0.009760886486199818,0.33966661738763837,0.6763690719851488,-5.785561844728692,-10.107100309399645,1.404835658668565,23.810584859331605,0.28467310570893173,4.9043054945171765,3,0.72
0.15116246395923988,-0.03554833401062409,0.3053543582569278,0.7640163313422388,0.7249794820191493,3.1120767643785645,-7.785667010588382,27.037776492625614,0.26387752042575496,2.9829148923455655,3,0.72
0.2393921742047302,-0.030701882972262687,0.33271346188071843,0.8332057534945343,7.473664734821278,-9.381077431462016,-1.6124976077005322,29.98157507652168,0.19247382161247809,2.3366474152536183,3,0.72
0.23095298003607262,-0.020566391979603034,0.19190836621988433,0.7849375740550304,19.139854146733228,8.620425509705552,0.9127815015797399,17.349455449332872,0.3721284915619608,2.69758795686839,3,0.72
0.21634143332996494,0.0035516628429975473,0.20959983683620975,0.7646207584874045,4.135689057908204,-4.5624708419557045,3.242253565733775,25.28340600145081,0.1518180724675985,3.0439652597527647,3,0.72
0.21195049693169243,0.031074896832999594,0.25761634490552987,0.5795321262368058,16.597403580222824,-0.9168163126733775,-2.7410378721867636,22.437799299794726,0.33294966755188543,3.6504644647372357,3,0.72
0.2305836132812657,-0.025292789406439663,0.2978222626810919,0.6993383913665969,12.521945699470937,10.148344838431639,4.314334311977728,27.8201678603599,0.3844618109422059,3.0774083386867783,3,0.72
0.23259388767007325,0.04614996532365258,0.30617652710678717,0.7444735605731629,28.263517671110705,2.10011909331389,0.3033814397787403,29.444759829308893,0.20512590333973063,4.009595718290111,3,0.72
0.12012241918199104,-0.006835147572885947,0.17896253457638714,0.5781601715648386,19.34904308708863,-10.369549054514655,-1.2494553671168036,27.578494282484122,0.39736904844297993,2.6903070227983528,3,0.72
0.26474536501134704,0.016899830429903246,0.30330053744842356,0.5963591211306766,5.92778828952002,-2.606322952011801,-0.7273134007803437,21.398715360194974,0.44595727450625366,2.287007932053724,3,0.72
0.21927834805097324,-0.014735645083702318,0.19420236399279545,0.7103113415974537,-6.723804365178362,17.33134099296933,-5.119790159319855,22.97287709411415,0.37368379023150605,3.6184467087112147,3,0.72
0.23532394053306757,0.03846364433579111,0.17498330520902391,0.6726371563282578,15.485920850897813,-5.225412769622674,2.662345837594912,24.744078038410137,0.3772737462451775,2.8184893919043454,3,0.72
0.3253432411057914,0.008507507622903959,0.22788993230622898,0.5639558661560645,3.676172482662782,-7.832823747864072,1.2205235209131995,32.18596517152502,0.46355945678273236,3.4600167407054974,3,0.72
0.1944564442335924,0.008332464460368082,0.2842847197055868,0.7228526864953686,8.351140122711552,0.5344025448889992,6.219373476847911,28.19203151245791,0.35551626943434567,3.7564186399829245,3,0.72
0.25435215372173514,-0.0181250040295254,0.16054212013813282,0.782278852714122,10.331343366761542,-16.39918624986744,-2.9471531156766306,21.802877940952666,0.2239332686950467,3.575313431069109,3,0.72
0.16001394463428772,-0.053274948111316,0.31528134379251005,0.601656737432977,18.45162805460555,-11.954232504769069,-0.5495269053011819,26.71285532941912,0.4226711114982923,2.382532843698433,3,0.72
0.20542937532505484,-0.00947205637417627,0.15785317139979443,0.6155178519783955,20.377904037559865,6.945611631860714,-1.5945492552565972,27.359866108510598,0.24073970031439437,4.400622557592163,3,0.72
0.2886877537051969,-0.05462684695651715,0.18899217405576657,0.8460630444810757,10.21870049920191,-1.3454899835241716,-1.3708769282125308,23.206981735868847,0.21008446429265162,3.784718976842795,3,0.72
0.21384871248009157,-0.012843040030711423,0.18638225845695433,0.7298013701384806,7.71843295206674,-0.8827176590236521,-2.254553857867837,34.93533642384109,0.1516828217654713,2.858531422353185,3,0.72
0.2648432859740514,-0.01962527759347801,0.23070085175898725,0.6269051963633051,-5.616453109383938,-8.453285153526197,-9.322125045102338,18.04460863105791,0.36833713187479056,3.4564171727289033,3,0.72
0.1867590993159924,-0.0008763605917505649,0.1866360181660956,0.830934764459181,15.866957067927267,7.276096884710958,-5.136709945434136,26.432431991050578,0.4443000162750743,3.9818155311052195,3,0.72
0.17335942442496988,-0.013604054602545445,0.2062141579147539,0.7151550191475629,6.086626435832013,-11.307560075530425,4.372030005276645,23.168032228789638,0.26777363487849637,3.783554929532801,3,0.72
0.20730635166328387,-0.005584633513543078,0.13001208779100543,0.6430222933355179,-0.684174026587101,-14.019072308526805,2.8246473931404616,25.27448784714163,0.22021073450162226,5.389916586368343,3,0.72
0.21092806357789787,0.023522417789659838,0.25113178605097547,0.5890844760677986,10.425878195563016,-3.9081007107083865,-1.9170327612791402,39.85369294062626,0.4030577163480352,2.8648437828016964,3,0.72
0.28171032224404147,-0.011893173782375803,0.23737577255033437,0.765736279936853,20.289205789911534,-1.4043989968033659,0.22346128577730232,22.28353340961962,0.1974654397942161,4.693442123057295,3,0.72
0.2598536883252236,-0.03537675020886422,0.18019869021596757,0.5559770357547164,4.833830813866287,-12.571407089024238,5.088581582575505,19.68461254825706,0.35586424570485153,4.765882075813467,3,0.72
0.22389336601641546,-0.03193007142997476,0.15843942952548085,0.6919790734322542,6.608921759479281,-10.123104969570397,1.148276174849774,27.153341906995607,0.2535050584208981,4.29669796264376,3,0.72
0.20958112499212392,-0.008043838316087858,0.20022538915804255,0.8684294961146426,5.384630415625603,11.255432021093762,-1.7452908919795111,25.98577576296216,0.3522919695914948,4.869956767571759,3,0.72
0.2482442196601801,-0.029509017146728257,0.1677971846504251,0.6363277034918324,18.069265747385337,7.363658298872647,-1.786068155004228,17.47045874402749,0.40478680083328644,4.749972730376381,3,0.72
0.24757235799032087,-0.0312244647232814,0.2471211294040234,0.6829519565605406,11.205390609187189,-3.930934539793467,-1.311375009352223,24.842662976500367,0.3859644323680752,2.7254933221380693,3,0.72
0.27683765235689195,-0.0319882132434205,0.2760249768333049,0.7743247727835095,15.911632717553239,13.775992838065271,-5.435710556873263,22.280459770069555,0.24131248862598176,4.330378911820202,3,0.72
0.1794241018337155,-0.00794751126246114,0.19808521086911152,0.6592581338476577,16.084518715923103,7.8181357434373595,-3.729030339253437,20.91305720586133,0.3680401432043429,2.789351586601705,3,0.72
0.2627203668565484,-0.04031248055908649,0.2750938885399783,0.8113168094474181,13.28835532774185,5.066165889766926,7.292198191918426,27.485365458032806,0.19673970275482172,5.116935078880273,3,0.72
0.2114466067403028,-0.002566857955457809,0.31150464103239894,0.7883115010293418,-1.112165420573037,-0.6141655412225039,1.4514506984474558,23.191262659768178,0.44560181332942495,3.7132581894124117,3,0.72
0.16498958834129404,0.016422345395632986,0.18502881545651906,0.6247370720767115,11.87025286647998,-2.952481009621094,3.6127368541533045,31.125977786049134,0.485523894357377,3.438016327002768,3,0.72
0.25072799601017925,0.008574637034113503,0.21788304687923132,0.5247024759174915,15.530358322237644,9.375167680681235,-2.7791716497901877,15.430162876730925,0.4830432825241552,4.023410023141805,3,0.72
0.17201653100548484,-0.02374716104692426,0.14591905666180238,0.6481912438750801,-6.131912764474723,-2.2528006910990754,-4.80045977176045,21.95991395713885,0.21195667971438664,3.776549322770727,3,0.72
0.12203353158335209,-0.04898633649706553,0.19068659608880073,0.5983246934228456,3.416375046937616,-6.664721408927519,-3.228037533136922,23.325309486843484,0.2077349949204903,3.2670147710473896,3,0.72
0.29218857493133177,-0.006261349255043035,0.2376820158887949,0.6365124479806059,13.737749330255932,-17.94489598608104,-6.62563586647746,22.33388483458116,0.499044821145748,4.999580008742626,3,0.72
0.23602032047443403,-0.02802282545450858,0.21632848241653568,0.5515973912399232,7.48369709507439,-10.623752555433933,-4.148467279998507,22.246208894981898,0.288094398812775,3.2043203207478834,3,0.72
0.17204710292545938,-0.029860603008496706,0.19869169443393292,0.6710812992529973,2.132451603192151,-0.8002852999406105,2.5522512744874066,24.7702636079027,0.2520636387903452,3.4977304403758174,3,0.72
0.18652023195886008,-0.01455827105284187,0.20338646162775448,0.6545791305599297,18.47661894945778,-8.383656324088374,-5.236740884626691,18.259252559095682,0.26273098325990457,4.766900102441485,3,0.72
0.16457535783075405,-0.04520485702549206,0.19578800523139017,0.6088279229460118,13.604916264854166,9.857721187682115,-9.377078000425914,19.298272900238143,0.4553338677575164,3.7677718824099045,3,0.72
0.16048278197903504,-0.05817361962930587,0.26252172679770236,0.714928310797182,-2.221650482032425,-1.4314501382712723,-1.9931151084246326,14.512304030942,0.21767253825724414,4.693562447587321,3,0.72
0.20922191007475704,-0.026595391095334656,0.22115765023109052,0.6031929848528198,5.0893783734808835,3.1510598782413317,0.45790363123803596,27.3793533299893,0.21646979351168058,4.987906179152789,3,0.72
0.27902286948290705,-0.040805884699586056,0.25578130792737475,0.7215327326772668,13.395047267634537,3.672439955739382,-4.352896421003873,28.775403110413958,0.2290663865235132,4.065940745379571,3,0.72
0.2006527767785598,-0.0563924498757227,0.14310289597615136,0.6857884653495682,16.716171039598976,5.382519997972704,0.7358155870399206,28.495707616189797,0.4720862728497879,5.380778561688947,3,0.72
0.2538470920484788,-0.021960343691507633,0.1839977545904944,0.7679274214253367,8.153931115424609,3.4445018143905783,1.9791738279222566,25.464312085239026,0.3401148554806169,2.750325434019175,3,0.72
0.22971315735873307,0.014198808126549844,0.22005245851447058,0.6230499108822796,14.318395298113696,-4.010348765559002,-3.069163117361551,24.904629064325142,0.2855195007944228,4.035891261935463,3,0.72
0.19102885253007174,-0.08703424249378221,0.28236164151447907,0.7418697005490243,12.69903411465305,-4.029996096898168,0.6944295726142801,26.651853947741987,0.2889729052464404,5.444501563041005,3,0.72
0.2745369892900897,-0.019298584355759738,0.24837777333283742,0.6645657736247106,4.893563131122496,-1.1207643427723344,0.9023592756818557,18.63861891002863,0.4434802550041944,2.8985300410097072,3,0.72
0.16339740506930722,-0.023643564542484438,0.2664287744394901,0.7676099557493234,14.844827377535642,4.577297989373291,3.3079009896037563,27.01749219056017,0.4042430157449276,3.6385969768211615,3,0.72
0.26914988675487506,-0.051008489380493044,0.23769599461446073,0.7347833939051818,8.451556643414229,6.408773731571487,-1.6509824088081886,18.560139644720238,0.46604842583841755,3.276968135748347,3,0.72
0.24144043421328704,-0.03520221688545899,0.17411138948440052,0.5496781404979811,9.323014627163628,-5.97494802139589,11.02871400468705,25.698601441023253,0.28876337141676484,2.2154633184588697,3,0.72
0.29024590848869775,-0.05120996373203128,0.230104104816,0.7818862368754711,6.52189654111161,2.083022872318568,-1.0509560934829882,32.64236913454723,0.3613901220033806,5.069950739922053,3,0.72
0.25371722251636636,0.009998125671708786,0.2251767632205218,0.7057393948053693,4.045975106512967,9.871625839370163,5.0520070734207785,17.933087029031253,0.4908023839528298,2.221624880178744,3,0.72
0.2663089403832166,0.009039946450360482,0.2224478394048505,0.6818257581694966,21.254194956183746,13.822612320717726,-2.589704229784612,24.558860359658375,0.40928411779267626,3.943902099779651,3,0.72
0.2900231288832308,-0.03164719048269974,0.3040500334853042,0.5475587049796302,8.253524267463787,-4.941775505204724,2.3301703928864983,21.750919270321607,0.22914585445894003,4.424042197420647,3,0.72
0.19928213616212695,-0.0471786327627822,0.26837893110764666,0.7751053801954009,-8.583290386264832,11.768802832084242,-5.512455605818798,21.038237837257615,0.3962213480496839,4.023276928814152,3,0.72
0.21617753322918362,-0.06111292703584427,0.23222661295978714,0.7996287425806334,-5.2341990273119166,-6.223141242068952,-0.4574972143747741,32.18415248552671,0.4727624260407025,5.3999926588794445,3,0.72
0.3196687575814084,-0.004004804538005162,0.12936187232769353,0.842605279090829,27.547781078671637,-2.7431624715423473,-3.3407442962410574,28.03249581582102,0.3709173944633335,5.47957442657844,3,0.72
0.2643211244400245,-0.014098182663133299,0.22751428164158186,0.6558903481792127,5.938754881460149,-25.97310704888065,-2.4132223505135473,21.869883533953598,0.4073587540135888,5.402913343660121,3,0.72
0.23241587721064938,-0.0035713654721109753,0.2141410477049922,0.5516505273922208,15.481501339839872,0.38806903758789607,0.4331175919017862,21.807244850691138,0.2315859442996075,5.468270738190224,3,0.72
0.22673053248726904,-0.038716828895491384,0.2668376048042145,0.5867301561865852,3.4878181486024307,9.095159975308777,2.3773464349479565,19.878775236059496,0.43602606124095367,3.72590510831982,3,0.72
0.2797207841715553,-0.061064283093698005,0.24292136832232464,0.5968399291877446,-3.5058211715466836,-6.693813336455792,-4.283420985287123,27.690269030988716,0.48871049001765476,3.9514796465170354,3,0.72
0.14159890847216422,0.0065096455980117734,0.2920430902734281,0.6900885080637605,12.350915166673214,2.3564398328655485,-3.9630792958164394,31.518501592176463,0.24856645329775734,2.7893578354257755,3,0.72
0.14475691980863692,0.0068846153535775285,0.25544138118352044,0.564711245102689,2.361758325037262,-2.5060745455349136,-0.07928112234902629,22.05493959506156,0.24223397279279005,3.9818642091813405,3,0.72
0.17254620781467,-0.050774529615230185,0.16756382742105602,0.5456742597632467,0.6912315960084321,3.364224174964683,-3.8915226256506776,19.08148838120188,0.31304817194515755,5.345419309218831,3,0.72
0.1725173076982021,-0.04855446999201225,0.25625998022332735,0.8286490980933228,8.714084396723626,-1.5152544449821528,2.6161387386237687,28.771350930000544,0.2670046172310193,2.461797361838563,3,0.72
0.17583808676674606,-0.034481195895610633,0.2041990487717783,0.7203266147227835,12.134811426715245,-4.154216339777948,0.150337124631714,23.55914992222201,0.28708103232561755,4.108772054282754,3,0.72
0.2845637808723016,0.001193322938308282,0.299523510044637,0.6984620161952295,12.809564397903362,-2.76879881617038,-1.4008945786642912,26.63459171382868,0.35963276124806787,5.070788005618802,3,0.72
0.1280451871151557,-0.012059211221945598,0.1644824161146421,0.5350749697377253,2.9890819515032065,7.262159990946207,11.485901509440014,18.431427053346166,0.41847424571123804,5.116731355593087,3,0.72
0.2326793432147101,0.01998991708487863,0.345967778902715,0.6518159317195286,2.922513585573644,-2.260558328336149,-0.4210431983197615,21.017856269781742,0.1761799136543781,3.144486593187062,3,0.72
0.16138685953231435,-0.02381556078713433,0.25337261418422385,0.5660215513275282,-4.432108134442609,7.9293140308723675,-1.0818128123039084,19.236480298208576,0.2997781548774753,3.399762897159518,3,0.72
0.24428730643636537,-0.005730079433299017,0.22465286719930902,0.8150464979412415,12.556111404948998,11.153528301741064,-5.25238137209831,28.025381048972456,0.18401867774869268,3.9927451494743753,3,0.72
0.2369520159935521,-0.01688345096988881,0.15260221887052863,0.5785210606715222,-3.4883161509974148,5.798484786261872,-0.529951148324265,27.877423832593667,0.20236572245825746,2.6673808815449886,3,0.72
0.1690228777025786,0.022662377908140584,0.3545077162440292,0.7566145038621545,6.273084295869285,-10.499446286265387,-2.5914654011310243,20.683172534219075,0.44225047845472676,4.130610593501496,3,0.72
0.17624556697031596,-0.044858902776964416,0.3059011035060655,0.6396282141360733,15.727124487137072,7.176359686465852,-2.026924146958222,17.704950072997207,0.45448520377251744,4.642634413977152,3,0.72
0.2050903963463274,-0.05309490192294351,0.21221352580581854,0.8197035863440685,-1.4226726164773318,3.0436354210165812,-2.8967995478386475,22.959755838918667,0.42195368485382456,4.658100699925018,3,0.72
0.10050851624216176,-0.03824544912481957,0.20163338897175415,0.5865252503932424,16.044615822997848,-0.33969402840454566,3.278357601714642,11.61248185310476,0.2090757046824631,3.1407619952669767,3,0.72
0.1286139411271623,-0.016898102584220764,0.24068699952897107,0.5267433019761151,10.846259932867833,-5.807619925711774,1.1264508855200224,28.285841534726345,0.3313459719601759,3.0368532304452,3,0.72
0.2407077759671879,-0.024457986586962504,0.21234177404930604,0.8631802736265946,2.918462986741268,11.022414757613952,-2.133823269556191,26.923765077534156,0.22463002884096844,4.810172074038201,3,0.72
0.2938690005400931,0.03884747871306499,0.17190773936434722,0.6091318335664239,31.50334005228348,1.6503819131032915,1.3704217733454893,23.784257130922864,0.2153764566762806,4.774064303579394,3,0.72
0.23298842469532155,-0.02898433709912861,0.25107592422441116,0.7703005301525738,3.697850539156258,2.359802341460216,-3.86093696053259,17.700327929243407,0.2635006628114378,4.427568372700945,3,0.72
0.1682418512359641,-0.016844160318231802,0.2205505696940766,0.7291499377323132,14.337927991197144,7.4460349837966895,-0.6468671377059892,27.364163672147154,0.29618724225200765,4.904669867683523,3,0.72
0.2773111670305716,-0.020713899405224327,0.258941208724378,0.7073200738954751,3.383485599081501,-1.416437768751346,1.5848725755792539,31.45811878127353,0.47583792749323495,3.625485240265721,3,0.72
0.23391540462057517,-0.02216719897182741,0.2294661108276555,0.717537983187541,-0.2931087125662373,6.986520794337363,2.680154316768602,22.18725435042739,0.2831243926210809,4.035999093184168,3,0.72
0.20632708960260898,-0.03567828113656411,0.34587357908816485,0.5992781746849359,3.1693363456810513,9.95046944174142,-0.14899047955602052,17.16086886392751,0.20402805587354678,4.529223261593632,3,0.72
0.20492619108253662,0.01398172398532389,0.1773137106808925,0.5760067396376427,12.735100140600828,-2.209650025662163,-4.739158888569189,19.41411399603252,0.28462479901604454,5.3689010253935106,3,0.72
0.19152417543050726,-0.0010549526114981243,0.23735105870705275,0.5542701939271703,22.622152010909517,-3.2719691097706085,-0.5439007401788397,12.479538506941253,0.29463546773474814,3.7040688619937283,3,0.72
0.23176349284170852,-0.022453902547583615,0.22814472346948972,0.5536021433935958,-1.4857952660174387,1.8659575408980995,-1.2630605796468877,26.30380250959555,0.24747289507130418,3.5430104134211806,3,0.72
0.22428224339993677,-0.019482393690990658,0.2485497193726228,0.5990466523122907,5.145271760078374,1.7333782861103877,1.4066850768802983,23.845352279101807,0.4958770757879536,4.760767946095271,3,0.72
0.22753570528539924,-0.00021649194868884544,0.20529853910270934,0.7856890403693271,-6.48297700871986,6.497608611342793,9.666505712117154,25.43266120250981,0.44601546524629954,2.30519649104343,3,0.72
0.2513568105229874,0.013277758760768529,0.2846623626844764,0.7915601445839759,11.901834025580278,3.1205447160133994,-3.223968475139337,21.96136822045989,0.48911496654075715,3.2441007127058743,3,0.72
0.2028979883058089,-0.016993235625197323,0.20421068129019354,0.5837614772691153,5.684020815154786,12.858809069131157,3.6485034518877035,25.704473747913354,0.24110434040015638,3.407705424328174,3,0.72
0.22009536696628143,-0.015616783906449438,0.13871583048797412,0.6130401014996651,12.357966156941938,-11.358506693604442,0.8878888055103702,17.432139842099446,0.3971749082668252,2.854250151709845,3,0.72
0.19009494280924705,0.01930245200220761,0.14796996080671623,0.5356719557190889,2.034548976237046,19.72822938864585,0.05394444211175326,20.837163493737503,0.42379525203463053,3.5819081267637536,3,0.72
0.20815835568696087,0.0195351217741118,0.2716283685350918,0.8148850743745324,-1.2807221144239627,-4.9151813069210775,-3.6102026791414263,32.14186333092307,0.40226270200444836,3.3124628472921858,3,0.72
0.20380019747566247,-0.06762900498131448,0.21224061404902786,0.8769817859269906,4.075177606766784,-3.1036893198101545,1.9904700186465116,19.895475380355293,0.2075929759647247,2.3640003738064506,3,0.72
0.21333263496423618,-0.004712034250516053,0.24744372001817155,0.8186045341681225,3.5466618184005716,-0.9686395012483103,3.024863415940452,19.291363789783226,0.42488474038483826,4.674206582693712,3,0.72
0.2675452602915989,0.008072927514636088,0.23948832674854514,0.7271705518796625,0.4335686473324101,0.7856941873333838,-4.2532086142141186,22.947584596939887,0.1684442127090985,3.287248334074887,3,0.72
0.25618743741663746,-0.009238240968849523,0.17239091012036156,0.6333205446390595,15.496726624858647,-16.33015035145941,-0.3439768496130731,22.437170579709218,0.345521658320145,3.622203874189541,3,0.72
0.1787892763119973,-0.00353219860240208,0.23690937761574196,0.5512856047310979,20.682064712037246,-5.878878093569198,7.3353701315112385,26.7261604344474,0.2869606638293576,3.180099674362018,3,0.72
0.1819812683255055,-0.0206694603713117,0.25763939469477065,0.8233758392003236,7.096813197767688,1.9888449763757736,3.570645269349067,18.811234059837485,0.3978986856027707,3.884377493058403,3,0.72
0.19858425587414405,-0.020782123087327662,0.3442266075020993,0.6962922707702826,10.587561807491614,-8.86907603080063,4.972889520691613,30.713997085947835,0.20360681203771094,5.207007236207348,3,0.72
0.2773797186126051,-0.03429870372577506,0.2768327890420503,0.7437468165983174,-4.450695859036433,-5.764774854183986,-1.5748145567268366,20.34544926465597,0.2644277398679378,2.6219363798240822,3,0.72
0.254067793719818,0.024629569705618717,0.2506363191146224,0.5272080159681806,9.69257652077881,1.1163479481823895,1.0045907063166775,22.395505010972585,0.3370074527522605,3.141520233003702,3,0.72
0.24300376894689713,-0.030092246602867308,0.34891546387257055,0.5974630373862141,-6.826275854287065,2.887472255551249,1.1715703751637163,18.776813247459813,0.43405178655152044,4.915991947893083,3,0.72
0.16065150323457933,-0.029652319332466905,0.19672584193021947,0.7576651726526114,13.509632394643166,-2.5079834256402975,2.095466422381356,28.1991464364017,0.3549516671257772,2.435493400123241,3,0.72
0.21526666272719486,-0.03817194594600634,0.1792354381847457,0.5854194496385882,5.282803223865159,-4.230127092028793,-2.5351509932636245,20.705999257921604,0.4808494586093762,3.394853192802553,3,0.72
0.2218007596636929,-0.04910488537264881,0.27080114620082285,0.8060132692010396,7.288531588282252,0.722214945742604,-1.5069798874341758,22.74703769373376,0.48589663234504765,2.5669431920845187,3,0.72
0.2722311679151816,-0.05319045788511345,0.22178995682981628,0.8547868628751087,-4.232072499936166,0.7427917517031329,2.7949629970776577,17.891354816095483,0.3625055552725983,3.1990686258885344,3,0.72
0.2729107884224904,-0.04536559173084832,0.2694150862280022,0.6149382907819395,-0.8498422532288412,-2.350399139458473,-3.5751824933956793,15.589750059961604,0.25458693716293973,5.212744347811226,3,0.72
0.11299783887058729,-0.0381159491493252,0.22433752886341235,0.8648424625017738,15.14747216913524,-6.767151574681879,3.3283453946923087,30.909213345022795,0.15675998684061943,2.411078898409298,3,0.72
0.19595225187594284,-0.05513572317840554,0.2883307770059037,0.8497804766523318,1.0738579900725433,-2.2014781019366767,-0.5999614643963468,23.89344750421564,0.38836785079757663,4.479224270330565,3,0.72
0.16250556169653282,-0.018779588317919794,0.18014717887724174,0.6143533892802252,-7.303547874251512,2.0856939972054276,1.741511298649826,20.873298851505933,0.47165161264449096,3.174590156783302,3,0.72
0.2296265331986726,-0.00474266446834469,0.23546055007321773,0.8492246391199447,14.024472552157414,-20.829893651826456,4.691345113163326,28.195179078744808,0.1715164993565649,2.7956237548740024,3,0.72
0.3027685651567752,-0.034324927567147404,0.1279878033305724,0.5554568968293089,2.657908900871657,-1.2069241711171288,-3.5828958867586325,24.530550610914467,0.3227774073784074,4.5183661127973895,3,0.72
0.19379861941693605,-0.008949501695925729,0.1967529276177964,0.8377638136250045,16.799556521927784,-11.131435775398272,-0.2128172090754391,22.479311482607056,0.405588506371485,3.2563157391463715,3,0.72
0.25321571456989156,0.009021612044603118,0.16897754238508095,0.6299571304998043,15.868102882899768,3.684098177903329,1.460718028282312,15.318170237843624,0.33474893629206515,4.960038485484578,3,0.72
0.24289855968501262,-0.049000548707789145,0.14989195847619585,0.5520774536733076,15.568036485456123,4.311395905277751,2.614299986981683,34.311582102474205,0.19456560658986588,4.2489558617438234,3,0.72
0.21826187441671213,-0.0390401336888101,0.23820692275706143,0.7983889075401693,17.095712168280244,1.7725789567324146,0.7516122041257227,16.175469691171585,0.20269548618445415,3.8622385589037975,3,0.72
0.24786118837658092,0.011451976239986037,0.22662480537853882,0.7404228084140323,11.245395799293336,-14.712754180874159,2.547652089728827,19.757286332177625,0.2131797892386538,4.410448960456316,3,0.72
0.16473074874480084,0.0261716825530062,0.29940631281962604,0.6885678341243007,3.6077378749449283,-15.134440174874474,-2.070283970808464,23.281509820457572,0.2207853229346175,4.006576660569318,3,0.72
0.290739454204463,-0.02905546129609789,0.26390094334390457,0.6177908217640897,1.4522871588266186,4.3503463848416315,-1.3437939415713878,18.43430061326267,0.243162041904104,5.3929953864904405,3,0.72
0.166549315099314,0.049031008276400584,0.2575050563639432,0.684813256177964,7.6137280908172595,2.991935177517241,-1.8266379978287925,24.655378354549182,0.18668219625023297,3.6937842310095426,3,0.72
0.18180224438558512,-0.004637771909594399,0.1751054161000446,0.8359826042720178,16.202819876929,-5.568112746317373,-6.103743531257857,13.084275547435897,0.409103743690704,2.228198671301856,3,0.72
0.24469883424892097,-0.011648314019550965,0.24472344021595693,0.5923766311587444,13.93737989733059,-15.679797992643214,2.2511158498920643,23.87825555660527,0.41445194496164184,4.190665389986872,3,0.72
0.23791964014666775,-0.0171524808579649,0.21771199584770395,0.744137260250604,17.402972864164852,2.2137304713592134,2.4595395523251504,30.606526242893835,0.20998939485681517,4.1841430627449645,3,0.72
0.15003321036281997,-0.03390797898091534,0.24460288930516003,0.8203295312333887,-1.8089647199201675,8.511017555704708,3.5035076020053952,27.53152739480543,0.36099288255527884,3.977307946688,3,0.72
0.1889205356714215,-0.03139155565541709,0.1974151203373324,0.5526309671411779,-5.748192567924727,19.313983132832984,-2.546250169660116,26.719293452181052,0.43270955286411805,3.924147723490524,3,0.72
0.2570697673401019,0.039856396029560606,0.13501744921974534,0.7346037203979492,16.361081069461193,10.751446141283676,2.7101636593923866,17.296221695128565,0.35367412948952887,3.1829756499519637,3,0.72
0.23279833449623227,-0.014554056591338228,0.19970054669623005,0.5548818874060145,7.246161949463678,12.033890433068027,0.8564500578797738,27.14358240912412,0.45387499092068373,3.9908454767877544,3,0.72
0.13224314028579381,0.0174055020389265,0.2595792187085276,0.7609287439917176,12.87367763873856,-6.87046920975039,2.6465259248425945,24.464202194066715,0.41271388940908316,4.004258055968623,3,0.72
0.18946911494305543,-0.014261337746544936,0.2730347756150839,0.6395875029255687,11.502222459835561,-26.122410240128552,-1.6032558079768529,23.928256546994092,0.20232709800519982,4.846536698813262,3,0.72
0.18182286496548347,-0.020177287564157022,0.1882303506120539,0.6977600916254191,17.679477708217966,-11.148699995883822,2.0659516131662405,30.383584142270173,0.3605744667818897,3.419841303957533,3,0.72
0.1752872347550272,-0.029498756572326576,0.26409634736986654,0.7270317595818749,14.45380955165609,14.06348058916405,6.470152367659182,8.650746576498769,0.4374268054931806,3.7429296953644218,3,0.72
0.13306727106301644,-0.011306877381627063,0.2364023802325681,0.6654517225415105,22.079905226657445,-7.846048663053565,-2.6449033454435984,25.941370756091747,0.17691515812389455,4.554517779579578,3,0.72
0.2464793812710997,-0.04787965582832521,0.3123208139445866,0.6424775070855957,8.779055383939873,0.649353655188294,0.2932703948117473,11.556531462163626,0.4719585673722586,3.537001072344867,3,0.72
0.25279807949585675,0.029348839925437065,0.24738835895698114,0.5472678609000481,28.376050482635954,-2.7915758263273847,3.593314401046087,13.996717976023636,0.400029545523103,3.056269319106823,3,0.72
0.17193527058982852,-0.025375265866372176,0.1878842931805128,0.6558843698528365,12.097306716593486,-5.720156343771067,0.974679832298482,24.582450904614163,0.22080958014441898,4.597999112427731,3,0.72
0.21523669746843688,-0.025116344193081393,0.2138577011364483,0.7189935720694531,14.669988079931596,11.717748427789942,-2.0930131398000826,27.52233698393451,0.3330241277792481,4.844428143303039,3,0.72
0.24248792249401085,-0.04323294470365747,0.26953954875084984,0.8393673041075946,20.642510027168015,23.052782467589676,2.079821318390731,28.16779022657287,0.4433561468472361,4.783829270764471,3,0.72
0.230081259407642,0.011062852992836214,0.3190626144868927,0.7191372518760506,3.7638241746596464,9.506992116057026,-0.22541937488877947,22.506169603282732,0.21075030742660344,4.82437372471585,3,0.72
0.23292494125077257,-0.040048390016155185,0.34234494909545643,0.5693363362832233,0.5513149878315584,-9.845904705401514,6.24708788906021,21.822931491595703,0.24593370803393672,4.515418775609864,3,0.72
0.1936059138952513,-0.042486397197307416,0.2437280628469047,0.7983118457452392,-4.970622750874703,10.039011292698687,2.3354303071292257,26.003148629364354,0.23226339973514826,2.280375241861809,3,0.72
0.2566236858915354,-0.05555325805801929,0.2580699531755192,0.7677616763707835,10.790441471941397,2.3689624548074364,-0.6249050545495548,24.659174577563682,0.4027541692408201,4.976303928508616,3,0.72
0.19829822746407275,-0.03787389472647778,0.16595500680879757,0.5966197002669577,4.427078143876164,-2.262694222459489,-4.820073647742481,14.937288212145349,0.15248224704165161,5.12760211594872,3,0.72
0.22506253527272807,-0.016190947615523504,0.22750289829641565,0.776222769854505,17.851795912802032,4.442647432001537,-0.3367582377752674,26.153995516343,0.45000764381187686,3.307880437249577,3,0.72
0.20013402196070937,-0.04272082050211205,0.33593693307957684,0.5517542545915671,2.2435702810966154,-7.875132483615913,-3.6616269646073913,20.401366194802833,0.3131000720237226,5.0247433878755805,3,0.72
0.30526457517598443,-0.02119217624091521,0.1728590748482371,0.7099599200400692,3.477919735218957,-12.04513034939014,3.3681537819572727,23.48061336334637,0.30455353327428447,4.5032279702986,3,0.72
0.219691752936927,-0.0008975664423395563,0.24874951130414458,0.6630010816250721,-0.46505197109335406,6.637245819197852,-2.0375107144330173,22.503501057727938,0.22025716105630128,4.288346030924558,3,0.72
0.25296825535994316,-0.060639244920690255,0.2687004325890919,0.6453033867682363,7.905277579600736,-6.355174846635011,3.0973131244014613,21.20629947486055,0.26970474952344803,2.577629691460842,3,0.72
0.25437950691450567,-0.012667321676252175,0.2199086209633161,0.840563898179952,15.165659386881813,-1.4569298467550402,2.4045245439812697,33.60244195231424,0.17162328855248163,4.4717778468967175,3,0.72
0.2817583845933874,1.3269757876091526e-05,0.16074127127224766,0.8532122512075466,12.471955563799973,-9.85991374144054,1.5959127891569778,22.359078993040107,0.1843746612115035,5.467651355481452,3,0.72
0.20881213528725434,-0.018050187390069316,0.21836269928387037,0.6412466884291264,9.836050667080382,5.637986237919151,-4.311836927446416,25.50891409994548,0.18440188491165668,2.395970056985401,3,0.72
0.16170054183274654,0.0118253293509441,0.204458000992537,0.8185967999353336,17.589466437743425,5.321739420963582,-1.1752915006722267,37.56633422734648,0.24093438934857428,2.3761458471511765,3,0.72
0.26059550340343884,-0.05451750671413917,0.21280938365586738,0.7459174304658471,10.294050903809909,-1.6499325885506442,0.32426660420323133,21.325447493125036,0.4750237608914146,4.351830728975235,3,0.72
0.12393064122076657,-0.0298564337717384,0.15354789426444732,0.724267124254225,14.480065795380902,18.251033665269286,3.4140439531902045,27.144598124119852,0.25333298028760876,4.400925703620891,3,0.72
0.21183215828100388,-0.05213577472537091,0.2031917830869711,0.6617422852432852,4.911230754363691,-11.615712693603054,2.3645117678210856,25.66670360013353,0.18855828600561916,4.735747223121859,3,0.72
0.20991803918063043,-0.04486836212610709,0.3129029284001761,0.5388800934993518,23.364930750888803,14.686084951419073,-2.8699001021841135,26.011354238770032,0.3249480925293156,4.18313225490884,3,0.72
0.23018872292095002,-0.06481108717345256,0.2656325913443958,0.780300014915881,2.5187274101276564,-7.788537580845734,0.4369329390775632,31.467088571531708,0.2379580264348095,4.367012121180473,3,0.72
0.20979242952353536,0.0018698953665710893,0.23358025162902402,0.8401936370521219,-4.4593669296782785,-6.062794955474298,-2.108291263187845,29.082984879171587,0.37355991394824173,4.676386909993319,3,0.72
0.2949807933641724,0.021984316044531143,0.23679597101089295,0.8012263917899468,10.860886204380009,-1.6421593906264382,-2.455948774392181,22.424150225784082,0.1852067206314213,4.0344948811392225,3,0.72
0.17671559738781364,-0.04668818148120877,0.3098764582506504,0.5698384126842541,7.008840313997209,5.897589691382654,-1.8809982688588762,19.973657597535162,0.37053273298762635,5.404087712093091,3,0.72
0.25470598552029783,-0.040472306755920395,0.19224705206726939,0.8428163553546314,7.9353910274621535,-2.363384415395571,2.2485390419011457,31.159232490879788,0.32406878422657787,4.026923564686119,3,0.72
0.28103791460590766,0.009977944191484563,0.255811657075673,0.8512195301827705,5.293893926216376,-4.505591400673572,8.120039779374002,30.54088593790358,0.4668808936855017,3.254015585902563,3,0.72
0.13908705808034394,0.019927201450357163,0.21358008668980696,0.723249118345182,10.985370658035425,-3.1634262618905473,-0.3502128196602839,26.271173192562834,0.30623047044817875,3.565662251862447,3,0.72
0.17140089746013573,-0.028253873749975893,0.13692847276703102,0.6372758849076308,4.840025250943997,2.894027843521586,1.1634174602298715,18.33685106816783,0.44061429504833416,5.41365385465666,3,0.72
0.1651223349585343,0.011657688190006118,0.17083445650528806,0.6165384782196426,-1.1192377603379366,-7.727298983128085,1.870954991911188,27.567592026598252,0.2410751415777555,3.3481664681634284,3,0.72
0.23024510957027575,-0.00016691030823865263,0.29038987401221944,0.7862856854336224,7.546068098585088,-1.982043267951269,-0.692640132834409,20.297739988750692,0.40327715773221695,2.974008375536946,3,0.72
0.23803133240534846,-0.01954353464374233,0.25801856807639323,0.8624367602216609,19.317278287678256,11.235925653991732,0.3187531864838401,29.409551628843474,0.18476305152642325,5.148051881375803,3,0.72
0.18021639949822355,-0.03896066925333651,0.19517399417173886,0.8730498397049018,2.682361687113202,-5.536783270226307,1.373536650722245,21.68723329875654,0.49731512930119703,4.274766298432292,3,0.72
0.28221759985249095,0.05467540937248122,0.3055207670596417,0.6281719811873655,9.508876432249542,-15.62335834036453,-0.9115088641817979,25.379775226070215,0.1613871036753899,2.9436733532234816,3,0.72
0.2444595714990487,-0.016615792614219298,0.21643771188752337,0.5337059688877829,-6.761490727478451,18.545175427759457,2.133254223851899,28.542549167142283,0.46080467295536054,2.661169407273222,3,0.72
0.19857357706705311,-0.024158368119883707,0.37337599737634897,0.646523482637817,23.998626698274673,-0.8913115892082724,1.2826650243558662,20.8556788387165,0.1723489902501712,3.6000381751934336,3,0.72
0.225207601548115,-0.06899452303864723,0.3160211840776075,0.8644244157796638,11.396027651911396,-11.343053743966308,-0.5578096991221835,24.09866281110556,0.4731277053085978,4.577934048731586,3,0.72
0.26929097584467565,0.03887484545646898,0.14308150499152406,0.7313975320487265,-5.616124104739427,-3.7487720037723298,1.1575618894777848,20.31805236186797,0.3765380678270719,3.525377436400909,3,0.72
0.18699609813094198,-0.026969668169527686,0.1705404173578178,0.5216281569727684,10.302177344478665,7.188904509480671,5.00808295684431,18.398118874261744,0.4175921513552847,2.436785192882829,3,0.72
0.21613300608137842,-0.013264594423120755,0.18694108373847212,0.8187227023776513,8.524535564237997,-5.715051609024492,-5.463382221560225,27.107462206230114,0.33291536316289244,3.507477637658063,3,0.72
0.2476971462194993,-0.022370802115963137,0.3264789106579639,0.8107417150053212,1.7666581126923298,0.5448919435893298,4.244518077468703,24.834293048138132,0.26604054807778954,5.065224363584582,3,0.72
0.2111064811738073,-0.00529261493685654,0.30253623386970957,0.6015912101271474,4.761810525979135,11.107667941617057,-0.2293110791514585,24.138861255003867,0.2911573582915822,5.3506896062992695,3,0.72
0.2511155749503581,0.019549591396572513,0.2456824441474908,0.8103083810190805,23.674930496892134,-3.043368522541567,-5.83152267261718,30.123629300734155,0.2808475441568895,4.0105640199980295,3,0.72
0.2298728021172394,0.0033258598834908365,0.24744081102020646,0.6321007344428016,7.676417590118383,-8.513997461453503,0.14999983328138375,34.454264933022266,0.3117502331717499,3.122833834369068,3,0.72
0.2651073480107303,-0.018024584594075715,0.20064504027889826,0.681836727495926,10.445125242232521,-6.615877568855122,6.38214126411173,24.601675004766886,0.4133575030624558,2.2479101582571395,3,0.72
0.2520682107567701,0.027201477269833112,0.2866461099070481,0.5596904197135569,-6.929883316021803,-9.773601342430151,-3.2202890479244966,14.546149437700711,0.2986036115435038,4.522902047074412,3,0.72
0.1869057794722112,-0.023247338666248687,0.313505066214392,0.6662245161044145,16.55938559331382,-4.565734801709694,0.7021914799671886,20.431807722046212,0.30579426463028525,2.838738986298136,3,0.72
0.2389318761161894,-0.00783350986111187,0.263230615751539,0.5888582494311778,-1.2756616488742907,-2.8000953550617953,1.4038878582758452,27.10645957015861,0.19312841101339265,4.261229306694656,3,0.72
0.15273869632952913,-0.01568301738342567,0.33770513229619936,0.7577674630724252,0.6678406639488328,-21.880224063238142,7.32580012425389,25.483062652662888,0.40388402152859604,2.8474543590150683,3,0.72
0.1926777279843505,-0.00566006358493415,0.2075080959008589,0.8134913340372628,6.9360972657383755,1.115237710869448,-0.5123710126274404,23.112843706665675,0.23434204905489983,3.8681252612461616,3,0.72
0.21715636502329014,-0.028395369488115083,0.2527738799216032,0.5600083325328276,12.081499802421494,1.1669783932900304,-8.049922140175473,13.860599004796892,0.32349580880768214,3.5718371202707857,3,0.72
0.15425675899357166,-0.09044977040491235,0.20484023334120793,0.8515955096071821,15.648449171825074,0.600960176851899,-3.779181237510714,21.90790262776433,0.21730239334065152,3.7534168740821485,3,0.72
0.2468351197062745,0.008964124867111824,0.2015192607866894,0.58550332156292,31.98157276025398,7.059023432496845,-2.801141959335445,30.091786322347428,0.18227948013560705,4.171626267516469,3,0.72
0.22872369851581534,-0.030882318907180205,0.21507708044089197,0.8026922175004331,15.634972374766953,8.992060537626484,-0.5053432193285888,12.730577366203722,0.1902133677326292,2.3686146802547117,3,0.72
0.224142538454283,-0.039933746603425066,0.34485468575679357,0.8376219692984528,14.700904997364066,4.5987180095833,8.264141800499994,21.216539302951116,0.42792947243636903,3.67598103460796,3,0.72
0.21442700222128241,-0.0477555192314241,0.1774668258928797,0.5370898893723742,7.11888941056516,-7.154076985865454,-0.30390690999836306,24.850017991606002,0.3373881260138164,3.182329114275661,3,0.72
0.2020182567806613,-0.08968416957597397,0.19229561896103914,0.5391347785257949,-0.9592541017311511,4.144439472906408,7.341001593684763,20.911654087047552,0.3071313287617482,5.189856413117379,3,0.72
0.18945868115884165,0.0071637241120966685,0.19264617165946402,0.6824004227315361,14.098909847031234,3.7486937337784063,-0.3598139933076463,29.048230546212604,0.4466976449458653,2.3180138102498673,3,0.72
0.24072454330621945,-0.043133742705246655,0.2344711801458403,0.7668283421982893,16.769175428630554,7.481987907065006,-3.0200651551669253,29.413588386272217,0.4979452511376834,2.440747340624372,3,0.72
0.22879929295745624,-0.01792956103300101,0.22468461008928853,0.6384209138456673,4.06323021392516,5.119808751571954,-1.452235880017463,26.750837927183035,0.36610230448494857,3.3807110033612737,3,0.72
0.1753617889917241,-0.060855080017184815,0.2844272125693121,0.6215777041668795,22.853684081555244,-3.513363019100577,-4.030831140683354,22.122780655119556,0.26251901599636135,4.450878251299313,3,0.72
0.24209523358158394,-0.007304326417986295,0.24163370497842906,0.6083192807616876,21.75690853396746,4.301751889462591,-3.0386706674915924,28.449704286526075,0.18074125125587004,2.9217541126944133,3,0.72
0.2005882116147942,-0.016859458248735103,0.34054242291224235,0.6371075263955938,24.6421352305289,19.238578798852465,-7.806065696247648,29.802195616090728,0.29769993349088786,2.383344906503919,3,0.72
0.18072014352782406,-0.0017803097959757375,0.1385025201288756,0.6072587492943405,3.2132171811371135,-0.5409987951496198,3.0465199328508032,20.555099315968214,0.4449871358622177,4.560520815926866,3,0.72
0.26600152223776063,-0.005306413316083981,0.27778646044899485,0.7074002987457513,12.288675422099482,4.445866641898303,-1.208721988906746,7.667748465552226,0.15989362331880666,3.927593858244699,3,0.72
0.17553256660508768,0.0022214339788565324,0.31766276322767867,0.7446459355221671,3.585093847594197,7.270198333170494,-1.3309951745420723,34.19969512062967,0.36644043451717806,4.608863937567582,3,0.72
0.2617839075992078,-0.04086773002745704,0.34095963999829954,0.7626629747330191,19.635359960043004,3.7647226264883233,1.491745043521205,21.15845147634827,0.30741755439387164,3.3018100010526403,3,0.72
0.22636631357605558,0.010408117331026714,0.29584230144085427,0.5570443432809536,3.3875315414601506,3.7887748471775216,-2.4979992228665813,21.32344742551705,0.23344747320820364,4.615041299068244,3,0.72
0.17231849781324726,0.0005568190582867748,0.21289570118309992,0.5724936848526345,9.948401277395249,1.8491009999975179,-1.2537586507754055,21.37751752401407,0.40763115032377417,5.070890081201169,3,0.72
0.22688914850097114,-0.036929982220086234,0.34448592024341407,0.7890274535976267,11.205352090833525,2.8590201157827693,2.3551475688609,24.007455702003135,0.3538526654149769,4.0328335823077825,3,0.72
0.2450033733763912,-0.01058263517412818,0.2862126985173459,0.5971301078354043,7.040166635222788,7.619688011913065,-7.069935697070943,25.19526282048474,0.4869978126109977,4.216993010860843,3,0.72
0.309471124723883,0.026694357897268758,0.22120687932354238,0.8713242581353364,24.929428286034003,4.6227562269394795,0.7895578870699052,20.309377558377324,0.418721581274518,3.649704342918416,3,0.72
0.12060096472800437,-0.018296030827194,0.20866517388806105,0.7980889109451144,7.501096771304015,0.04783332095712515,2.9798420082392436,22.943169311521174,0.4817142241182705,2.376745519540683,3,0.72
0.21018897298241435,-0.0305925718332185,0.2196986538211657,0.7695824191513082,6.260766141548684,1.0032384491130764,5.942928294398559,26.63355730129114,0.34798051711665345,2.2389230821029296,3,0.72
0.261486051612182,0.013786810309724468,0.17561976750021635,0.6799567857443117,4.12271753804907,3.796590704330925,-1.4985035092003698,23.001213443771714,0.2899562623507874,3.044766170025782,3,0.72
0.18445476765785,-0.045700431274470925,0.23280404455976722,0.5428409060412249,17.18899696142511,-1.96741631261267,-0.6132934715306957,23.5602664801094,0.34823347111983516,3.243872920916814,3,0.72
0.24469686280845498,0.004434884778600188,0.37797422100900824,0.5701754943499076,1.7651491307668534,-1.900286577407232,2.1363667551545262,14.601152973144444,0.33903938344601353,2.5980241356495437,3,0.72
0.21615283620125866,-0.033446851612732725,0.1763158083911987,0.5511664881601889,4.425321594224476,-10.828900743162544,-4.107232963455924,31.73169416104782,0.20263940823010607,2.8408181291668235,3,0.72
0.15918251416690107,-0.03389650181912497,0.25013956964253536,0.540879515057006,8.76120578460262,2.058195125402974,4.301687140073379,20.393182031047054,0.1555298072213962,3.441579576788357,3,0.72
0.20830890046628336,-0.00534945390652017,0.14321734034127148,0.8476741593508887,3.8206678385523487,-6.24314087689209,9.658194415451623,22.70434503205806,0.31372548947559026,4.858244693276072,3,0.72
0.19997149168845338,0.022499785294191704,0.26626237331498576,0.7806292155890829,6.921561511384913,-1.0620167773072728,1.4740357763470628,27.845842197574935,0.2869042230020399,4.030424052083248,3,0.72
0.2626049656295894,-0.056012191719626014,0.18527862908671305,0.7700432929687635,12.433815874901365,6.446495644046271,-4.333094355062972,27.708566027690683,0.47186768684475167,3.08629273205776,3,0.72
0.23938211705045168,-0.053315272496219215,0.26374122561252666,0.8647103130621463,29.416733224289768,17.81051517829252,4.435143115246036,22.115733623677173,0.2506752672401032,2.2452420360379435,3,0.72
0.2520407015781847,-0.02015359206134963,0.21276388426556112,0.6768003535666531,5.111106453704259,2.9379978465221415,-4.936767750745078,15.427463544182652,0.2594785626222027,2.9185339117631752,3,0.72
0.2615964465619033,0.014485787880621142,0.1498319985565081,0.7372833456037243,0.9115786071669323,6.063067189577862,7.219129111633951,22.834724014818423,0.4209421339079191,4.577352363067032,3,0.72
0.23643160632694657,0.0072541182798038575,0.29450479021511383,0.6092649372997112,-4.693156456937325,-1.744158334136554,-6.963597471981972,29.927508180842885,0.30633799322146416,5.053930313111972,3,0.72
0.17945112847078523,-0.0657230764567778,0.17488145907426933,0.7000570836148512,5.379938962937812,2.558745137441706,-1.8362549765246232,16.980518725303938,0.4017292819653592,3.8809248455567644,3,0.72
0.18676507333078624,-0.04144155245234413,0.1694656106954436,0.6502491361969618,1.88553496267168,-4.616257132881576,5.434800094511902,29.824636183977514,0.29618511034550987,4.076082530780307,3,0.72
0.22802890996167413,-0.017291560261066832,0.1892890107044489,0.700902605322786,20.143199172424907,1.1736819676369927,-0.6211430886565208,24.271421396080413,0.20601059657997287,2.3304078489236137,3,0.72
0.19457509778475932,-0.004590717949439991,0.23310294082375246,0.7060563492190709,14.68289314317134,-3.44038322827402,6.11589659285781,12.763263906509442,0.41698728393088846,4.034582154090413,3,0.72
0.26777794668300714,-0.028973353165498743,0.25499516309684167,0.6145497418807877,-3.7752736663948543,-11.967242821356711,1.8346651028770962,24.03858715966388,0.2756830121534958,5.213435165629264,3,0.72
0.2298416929326859,-0.04816149239870322,0.19323205087321543,0.6534848749951668,5.288420620421013,13.616628313695028,-11.059914256553217,19.362442472437237,0.466906057914555,4.41944797127174,3,0.72
0.21266660240520732,0.0555425196138261,0.14156996614693423,0.6930395341563833,9.651695438218225,12.644699656369475,-0.9089840635669963,28.09477038775481,0.23615949926927615,4.239053393955278,3,0.72
0.2531864464027588,-0.010275271366410392,0.3050714342589468,0.7364714718236425,10.279119497937248,2.1608676306994807,-0.5148303385979194,21.345656288716178,0.49800720589885716,2.8242997620405603,3,0.72
0.17459705666470077,-0.07642753826359462,0.23476463970714384,0.6342648554253673,4.030015890317796,-7.002508727914481,4.0414955019728325,26.421147941979275,0.16945369555612927,3.2955104282172707,3,0.72
0.19941349016163634,-0.01802405813492912,0.27961841806208854,0.7860982544955745,4.2364678195493894,-3.8412835062887742,-5.274187844773559,27.435354287349682,0.18799431242718362,3.6049705830192593,3,0.72
0.194387411608987,-0.04766207534018302,0.2312385646108552,0.5261240019742517,7.6628683793842525,3.581998824971646,-1.0765493582799914,20.13244475499621,0.37639287575131464,5.353590750280844,3,0.72
0.21615133274873344,0.046886499171168355,0.15290302763183494,0.8663671515492501,0.9315005563039422,8.152099108866063,0.04017965385414637,34.4185026298592,0.2851495205170302,5.2279317201965405,3,0.72
0.22356312463526562,-0.009716541217890569,0.24946254864587616,0.6772903904840442,9.233387342551033,-7.482869841170845,1.7983749071378936,19.51721501127875,0.45193600807315837,4.3384214284262255,3,0.72
0.19323317739423246,-0.0001767043700791754,0.21939091537178396,0.7631537583202804,13.424381297810083,-4.627321033856717,-4.483813548289725,17.857898238752984,0.1572734839973069,3.279383601573304,3,0.72
0.22137929861295724,-0.01697938837166096,0.2270315185732608,0.6131643428543757,12.779297382236415,1.5776028776569289,1.6196666446043848,23.107381910104905,0.3084766591149902,3.9822307375523898,3,0.72
0.28519079735371566,0.007790672251250973,0.2121561142953321,0.5882605952397876,9.413052828394578,-2.5536885095333477,-1.8057850721281268,20.56162084966745,0.16904574632699193,5.28615346111578,3,0.72
0.17567510596997285,-0.009172506098615073,0.2293170531553405,0.8007572660086812,9.01366950777235,-18.058159990591296,-7.6371116598853,12.89755163667601,0.43214757587150265,4.67072715303275,3,0.72
0.28160467538766404,0.009442242168894732,0.1723055678120713,0.7922537305190288,10.65639318541973,-8.775124070252817,7.671705462302699,22.8151643329722,0.3534270760578518,2.353155499329103,3,0.72
0.22693899399947445,-0.010406371052762788,0.15202678822029947,0.542326632329674,-7.857919519290482,1.2111019344074259,8.180003644325678,20.865309412276936,0.2525548947453501,5.117514740159798,3,0.72
0.21314774098907374,-0.035149283914635926,0.18800432539628822,0.8489487399556599,13.137335862090127,-0.2101360248517766,3.147891315157354,30.434406551807342,0.26617433595319295,2.2732967274157483,3,0.72
0.21627911741474432,0.016694330768894,0.1652648794319876,0.5552221431217955,12.322130066227619,-4.379394239416927,-4.592350037176172,17.438878069492148,0.4486089705172186,2.6693655573533412,3,0.72
0.338837408149107,-0.006337211084076264,0.32424783703736704,0.5617981272677127,-8.777049363405514,-2.78247174677379,-9.277577335022231,24.638437177174225,0.16869067242584979,4.638126539984777,3,0.72
0.24363351551859597,0.001263081659619112,0.1865146020277001,0.7850501229916429,7.182548926160803,-3.255246526681296,-2.803895192392725,25.022168549713967,0.3159950246247292,5.265716319731027,3,0.72
0.19059278711570352,0.005166714277823847,0.258425958107371,0.8332461316969129,-5.929796826811446,11.970751707068024,-0.43913303077456556,26.680101520344795,0.21472367375621626,5.468769920474291,3,0.72
0.19461243032205752,-0.006588668800349896,0.2797400302594399,0.6649576915259165,5.3987677758434565,-7.649032183333102,2.0226867777369693,33.03689451323028,0.2546381905473137,4.774047094570479,3,0.72
0.24323031935902767,-0.055939238894361615,0.24580834807458748,0.8616908227102611,4.061602175379168,-2.457042126848965,2.7608233734396115,26.752185412641644,0.49910017251930616,4.832316971342875,3,0.72
0.20881793579149371,0.025732345224586676,0.16238804359314593,0.8302684759588974,15.365979575820964,1.609927530082443,3.4019870147158326,23.40794038808631,0.3362341485665576,5.063287336190628,3,0.72
0.22953744098101345,0.019902346251421423,0.26993506532591477,0.6181888572812395,15.968835890348895,-4.556244795601938,-4.083590520557059,24.358993876574186,0.21221818827199332,2.9993100945243842,3,0.72
0.1950386695473724,-0.010186237167185454,0.176730833177931,0.8141459744667243,11.127589690198157,14.442464451729844,8.205394201015876,22.54871869761081,0.20268898604432173,5.410430603743887,3,0.72
0.1738951650175426,-0.028673967980684095,0.26462415122022553,0.5838298884955987,10.048767664160641,13.932884366545323,-5.111366562722489,17.3110408163504,0.44526535491763497,3.220573977511497,3,0.72
0.1593768110036144,0.008433994251547606,0.20498807907575345,0.8197476002506188,9.580325874872237,2.1116641915808065,5.05744031862172,15.91745107115656,0.22056565402604494,3.7029457043092586,3,0.72
0.26544298522382076,-0.02801393882662151,0.2954855444549158,0.8795765720367666,0.6572141394732105,-5.977460173860052,-0.7816474111923681,24.922716950805068,0.2511825813587434,5.067414377268668,3,0.72
0.20389687352858674,-0.08192541062500464,0.1726787450496082,0.780356118018894,3.644963285214505,0.5202761233119406,0.2666508389439859,25.602303469842983,0.1572546211463111,5.270395606090507,3,0.72
0.22461749457758218,-0.03170411085483565,0.26390022768429233,0.6007988301695586,-7.092952963383276,-0.7591869646194653,-0.49292338667098273,32.690892385484986,0.4085937467080025,3.4214065452821387,3,0.72
0.24246119591917148,-0.026898483702783842,0.25243100033859456,0.6617199591459186,13.32948612920067,-3.471270087298945,1.1453034245800873,22.754000321258438,0.17403767551774665,2.522585796785442,3,0.72
0.23071806191474975,-0.07300824105960875,0.23767366887245847,0.8406438380024295,11.260039182666747,-1.399000562661257,1.5065517758234572,27.091245956747986,0.19316592522388826,2.896778875317349,3,0.72
0.1715355724383571,-0.00016544815923828782,0.27838002411244966,0.620919676256895,10.96708751189746,-10.018876066568716,-3.639945496721164,26.57259422061038,0.36764338711067035,5.177277708312773,3,0.72
0.25024229614672033,-0.0042987641623271795,0.1551621715944562,0.606153982373893,15.680408764071053,-1.578360073182819,2.651877350435858,20.004308893020358,0.29314412693750197,4.008773325376705,3,0.72
0.17267854564773016,-0.059059944284355764,0.35148508945746604,0.7351316884825227,-3.9146689436022797,2.8923227194474146,-2.023184028124915,18.16407791998064,0.3107703797906716,5.324865638386619,3,0.72
0.2618938874776958,0.051458041932939805,0.3001472251050089,0.7864686722139219,6.443601245471299,-14.228599366959294,8.224859803195862,30.597627541268615,0.15437619240134512,5.055605480482054,3,0.72
0.21989096392184146,-0.01616666461513461,0.2243044827564713,0.8278843182975488,10.026600940821004,-6.875206322078583,-0.044346827422696244,24.53465951444124,0.1743357016434494,2.435253277956784,3,0.72
0.20367377728260616,-0.06154934410266359,0.29191366158922666,0.705189215784202,6.74659904958316,-3.6242659927297063,-0.9027273075742085,28.040954226954444,0.22424099868217567,4.121413118177979,3,0.72
0.2890066388795301,-0.04773875373339942,0.23360292023736165,0.6882797286666197,4.8635844495795935,-9.61662758836333,0.7098979000742145,17.73707275728852,0.3499485786283546,4.65955115897332,3,0.72
0.18327277291230168,-0.015171764085715739,0.1835178389838905,0.5370449209839527,7.440809759616901,3.1801576044053497,4.234874273386091,24.695283240172117,0.21375812948135328,3.7973675070667383,3,0.72
0.24462288217141934,-0.05417680673375369,0.2775194850738448,0.6333555681631551,3.4458184725470087,-1.9478531011107454,-6.469752216408859,31.636101796593508,0.34704474859726053,2.4879975506382093,3,0.72
0.16199198729327136,-0.015876994356595647,0.31015072202428084,0.701922014833209,9.482945058719478,-13.974286454750214,-5.003898037068992,30.05969221226109,0.2030480853136196,4.893532777653718,3,0.72
0.2817802140669532,-0.0028091209246104663,0.3563305011239043,0.6402368338561173,0.8310679641427035,-4.000669878144319,3.846309253415777,16.375830224707244,0.4060321297078442,2.75090564258719,3,0.72
0.23148642866083885,-0.027688227955437378,0.2748910047171093,0.8551814688961679,18.626478199621886,-12.531566546955089,0.7781252929431036,13.800284467675906,0.30679497015370905,5.207593701600649,3,0.72
0.21399680937403034,0.0034163806962479726,0.19822121016615096,0.8150685984591831,19.157256977760277,-19.137447934539413,2.6853797327561546,20.141472117328988,0.46343680470009785,4.472009668436326,3,0.72
0.25524913568785185,-0.004949918705545994,0.27692742219795485,0.6519108931601927,14.08324784092213,3.4203350116621993,4.300475636345683,17.311101336772843,0.3712310567167857,4.794295222075183,3,0.72
0.24272861668073273,-0.05658226412723305,0.15848728061147094,0.6717197049836772,8.495409075950283,-9.33639470483857,0.9311285512894736,27.503740761361385,0.4037583792164887,4.29877823432826,3,0.72
0.16050580062140923,-0.0010822937637769495,0.2837409418998621,0.8778868726977094,12.198538736028933,3.7993165266054993,1.7982677137760381,25.056637910764003,0.2979127776266598,5.275050622390561,3,0.72
0.2272292722648846,-0.05662160291234784,0.27985272376252956,0.5305859130530072,2.277892049890484,-0.6492647312543205,6.366108147551364,23.76294120679333,0.44517269198780884,5.394712289015395,3,0.72
0.2349501861568583,0.0061904732564113385,0.25913139721549716,0.7348892520623852,3.789037717435738,6.808611192832201,-2.2817890766974798,24.811090785531096,0.47042605140048466,2.7882961028752398,3,0.72
0.2211224310498581,0.014760622817828872,0.28274372259866665,0.7163605294753363,1.2482242960377752,2.6849931150259723,-6.187841846623861,28.40349228393896,0.2571303319317806,5.073754028615995,3,0.72
0.2094003988788628,0.019772307244576435,0.1353900046901183,0.7503411300954672,10.999941791254319,7.89467891283274,-5.645783825604121,24.573648884166058,0.48473755263292573,3.2051154940489406,3,0.72
0.23421155683047462,-0.00565980500427825,0.27081589226198455,0.8555523685755431,22.76995619129984,4.591686540983474,-0.4190691556365926,30.00550245731503,0.23674237576562934,4.488298724297841,3,0.72
0.21914569641207832,-0.07387461197244213,0.2444024320153337,0.6241922865872831,1.7257253767056557,17.30594623612532,9.947313792837152,26.710012167819002,0.4837724226327168,5.164355385510543,3,0.72
0.17545730864588774,-0.04344713994304637,0.2203081566673597,0.5764018755197887,1.2585571025760656,-4.941715816037334,0.06603104623857982,22.24044104883934,0.16420126077597516,5.404289341714161,3,0.72
0.20822327660393575,0.013719273875667733,0.2175025702589748,0.7190015998483519,6.957705344039785,3.246667987298057,-3.429645890490897,35.943691654251865,0.16339766638911815,4.740591271500379,3,0.72
0.30115337598896935,-0.022313233943243038,0.23225018132725,0.5974348252024945,13.063188271322606,-4.854786099141184,1.716251561310429,20.885197568070787,0.4387459930457608,5.088073587500413,3,0.72
0.23124241188284722,-0.011841164363009924,0.18820747242525776,0.5793093668108272,0.6510489419937722,10.50078366218736,1.6078206198694007,25.129146125141013,0.29870737487640125,4.204008777692726,3,0.72
0.17528282672416579,-0.06636977505922462,0.21828586596287247,0.5646542128495285,4.484614907073598,0.7337211324495363,-3.5896809768966653,28.203569493629015,0.3448472291364191,3.6538604480784893,3,0.72
0.27648873739251484,0.0031761942820751864,0.23580670685602126,0.6827283691056448,2.593939287190186,14.787252786881403,2.9466672848975857,23.881744076906628,0.43602981158611565,3.951564770173076,3,0.72
0.19788920981699382,-0.003454554488136155,0.121372420796097,0.8234938203151195,17.884706121684623,-2.401745746786973,4.384010062496542,25.444687746008782,0.2750409747779537,4.646589074757697,3,0.72
0.18070892573208858,-0.05382145648786453,0.20977955408274898,0.79098407850447,9.675288473421965,4.522115587719955,-0.6525009432986546,28.080970052725135,0.3311494529727619,5.474123194992623,3,0.72
0.15829493387626065,-0.05670633108147491,0.20392568112817536,0.6410764026140152,0.402931354072499,2.433282359546797,4.47603403395363,15.875419953541265,0.18920288272447952,4.313199751170862,3,0.72
0.18097885571460195,-0.06271918602857317,0.1599183816307191,0.8161863815776746,5.039393000205708,-4.837600809877949,-4.724508463046975,17.45406719102065,0.2793000340339156,4.172163583905699,3,0.72
0.2628374656884276,-0.02153648939734951,0.23729710094172454,0.5656351698070246,7.461134429912435,-11.010055619516727,0.19605216092511096,23.112113821374706,0.1825249661856859,4.9593092737916225,3,0.72
0.23604436538881426,0.016338374693213472,0.3591567170301868,0.6645944267265078,8.01645771539622,16.19804920125736,-0.14442546852195395,32.61232149893258,0.40000567172639223,4.671458326625066,3,0.72
0.18812319175141345,-0.024599528208028576,0.21753917853385757,0.7214528772799302,13.518746316562058,-0.523663242314522,2.0417155014713138,31.020671526019783,0.4097336805583507,4.3357408373445825,3,0.72
0.24489884579917112,0.05590417631782771,0.204983512553072,0.6624417092876674,-4.288306267857012,-2.183453990972158,4.612588163406237,25.827418087909354,0.19302192534252274,3.511282581720616,3,0.72
0.1390118010283381,0.004983878553104986,0.36890099924581665,0.5823847736396031,3.5846229635723814,4.56052524990937,1.3233067329942643,19.52503486595873,0.32938361164631114,2.9140892503208127,3,0.72
0.1946671978128742,-0.03101556674831268,0.2611030106552168,0.5955290653828622,10.039728367470097,-2.094505639998076,2.3649327754621345,23.264917865414006,0.2792282261630443,2.865773967226205,3,0.72
0.15457727467724497,0.017806436527880363,0.16615846386483887,0.6735774209639469,13.532993886587159,6.641665191156245,2.6690920687392126,29.137078196001767,0.1895292677160435,2.691447551964913,3,0.72
0.21825568108836663,-0.0495913899348195,0.2180783928700511,0.6400482360785923,3.0937705595906158,3.574317522861918,-5.684131680565758,16.940438495209087,0.4367389518871636,4.012245149214183,3,0.72
0.1801553251573561,-0.034449288926330555,0.16867680238464536,0.617468687786082,1.4322034555013952,5.202733304240002,-0.6091617066050643,27.94749923501706,0.3306928164203281,2.9033617718077886,3,0.72
0.2473407870837644,0.02238415764214737,0.2531191168893661,0.8736218964861949,-0.07726315069001544,-2.1814006635991903,-2.522998067946888,26.130008765509224,0.346565054431598,4.6459634273266275,3,0.72
0.26775966120542405,0.018118166450949703,0.1968812359533674,0.5823063102578049,4.782107707315797,-5.6537294978247195,-7.927933056416283,19.806623473238783,0.3162723208720356,4.890672135287066,3,0.72
0.24984758495912154,-0.018989145049835034,0.25094424704066837,0.6854009855466608,26.352416941110633,0.17357777072325845,0.29609757421637317,24.717629198373942,0.28600357858032344,3.487400542226797,3,0.72
0.21721942574062394,0.014908271549882706,0.39038909177992576,0.5641010319189863,4.800976915522019,-5.328866691887182,1.9678647160066294,18.66505404832126,0.4966442614111398,4.146412549630508,3,0.72
0.17031683255440305,-0.011143787288415035,0.2801576993075207,0.746280211376873,-1.4770422207067195,1.7580914961998546,3.4647210716079617,21.9672036133466,0.24172236302261452,3.665426305385659,3,0.72
0.23637451491531508,-0.027054572308565797,0.2347239778036512,0.7337570120943839,4.588110685318446,-14.707958723942848,5.91994256383521,21.806578474087868,0.4275578993511986,3.2066963222316622,3,0.72
0.2594148482687853,-0.03285869670604071,0.19228431351308956,0.6671594269063148,20.811107533226448,-7.528068574171424,-1.5812039122783523,22.98946246909493,0.18220076517021944,3.7266953610328866,3,0.72
0.1968550826956017,-0.02226869065801366,0.310225933388119,0.7244758526384174,3.893406023367505,-11.061397637433236,1.8143599745054855,30.671030536463142,0.41616171347848263,3.25523888814004,3,0.72
0.14145848390897287,0.007992274867084172,0.19325916210328542,0.5783320626703035,11.631164785467915,-13.040405872628535,2.5545833085997014,25.20754827849187,0.32737963596362146,3.803734622202599,3,0.72
0.18699671588244252,-0.07219102466526936,0.2704986096000588,0.6951301504128848,2.5147830142888763,-3.0958668234013564,-2.599368767866202,18.99839651151439,0.48396290428214084,5.221617140901843,3,0.72
0.18922933079967466,-0.06265338284048422,0.16922145710212294,0.5379391712160608,6.239676906555936,-0.5610815376338754,-0.020546234178500357,24.817679945476797,0.30764910148305036,3.781378702663088,3,0.72
0.23007121646362172,-0.02809911702568645,0.27200825115106275,0.7743860484899446,7.650622539324754,-9.333518444450462,3.0462141242848104,24.9742233118469,0.3515779677127465,3.616069246889861,3,0.72
0.24623343443054704,-0.01243159341877992,0.127335724143605,0.6216289634553445,8.891904044040047,0.9769024407315144,-2.3057964431621065,24.939497686201126,0.36570276207748564,4.05394661547868,3,0.72
0.21700387584237704,0.02672560942675595,0.3175435223267795,0.8737134592845845,11.205659731463683,11.248369543715773,-0.3768357206023319,25.814465344347305,0.2365282544376906,2.2455966642682035,3,0.72
0.22235963368677206,-0.02749162057392263,0.2178846253563228,0.6895626273443016,0.6142340961260837,0.28962378799315125,-3.528840700422061,27.727248034270566,0.4259824910245773,5.365194347587858,3,0.72
0.20487027340586372,-0.07746170663354388,0.22228133623317808,0.5254438805628496,11.199616488198503,-0.3377901520645265,-3.9973266115543833,19.993238593265275,0.35913214503884616,4.561238226335238,3,0.72
0.26661607098668755,-0.037495657604691826,0.283039426929645,0.6729115365677998,11.94170788975849,-9.452236655928425,2.878988803675763,26.47302344285904,0.31833078916129065,4.485849313900671,3,0.72
0.2807810013088473,0.02614297870006527,0.2684806699772761,0.7539068546485066,15.821938073117234,-2.08902145433633,-0.40311204641192305,24.124641222392768,0.2296390918773952,3.820708543688343,3,0.72
0.2249152522429137,-0.003741740447209329,0.17843364465957415,0.5907466054156306,7.395944769339193,1.890397287946172,0.618592406088975,15.304625918908137,0.16371311800791657,2.878225140530118,3,0.72
0.19950162022355855,-0.03599735638767926,0.18927727278521894,0.5794928009164532,16.928549721144567,-0.32479918823978404,-2.3626682986815313,29.843661356711614,0.33858936573031395,5.272895022684601,3,0.72
0.19344118691432383,-0.025174898564234188,0.1926109322216065,0.7765810462787098,-0.056425695712112756,-0.5855074559989403,-2.917257012650732,28.604682618939233,0.4087196804797322,3.533173109173784,3,0.72
0.24971374057496065,-0.018091675426961534,0.23858578756928916,0.5478834919850932,-4.809016181968358,-5.21636197386552,1.2332873540597535,24.564759841926325,0.49639293166426934,4.684841366352962,3,0.72
0.26840614854151185,-0.054557586962552224,0.20946461659289206,0.5998834842146904,5.055308834513086,8.718184075221073,-4.111469990621944,19.111684323843832,0.19797065604077121,3.4491479197004535,3,0.72
0.22251216349907268,0.007596826411566556,0.19630424887308007,0.8017136810457877,3.1360263481186346,-5.4415172145107755,3.2993821815854893,23.827416281455015,0.16866926976739877,3.5007654399626422,3,0.72
0.15001210937874748,0.019146756341409405,0.15978427863388975,0.8730580016350189,20.221679226474507,-10.832777702254113,-1.1099663344482182,28.896422447011524,0.325826272360352,4.482988146893742,3,0.72
0.2424151232019119,-0.09678115884544859,0.24936022719362136,0.8234381565390642,-2.4107519028920485,2.064926914684149,-2.393504936238756,32.62581661126501,0.20492251069077944,3.903964134383352,3,0.72
0.26930623935800363,0.002318557391702742,0.24149552899352933,0.605324688977538,8.533631613706408,-5.840854136482301,-6.871492194421004,30.746618897693207,0.23492422114830386,2.8194823381852485,3,0.72
0.24292565146352058,-0.03374956798304302,0.15307231161109433,0.558884821538753,9.407074061061083,-6.491523929714157,-6.865214075253634,17.17321609544662,0.44800925037713035,4.961005454996691,3,0.72
0.15622788710014265,-0.0016352389491068944,0.24493722135156776,0.7626200480415626,2.4498634364583154,3.8092320625862572,1.0043909590497997,17.11271864504407,0.17905557795752625,3.62587960598967,3,0.72
0.2531776259353463,-0.05063349121431123,0.29714345981483337,0.8150573961742529,4.283616605624493,7.288740205209522,8.752308862307702,22.158298379001273,0.29650641850820286,3.4679145167612844,3,0.72
0.21737751687454324,-0.02438633530544276,0.2734696345111941,0.7471476700621165,11.383155923966253,-1.0544643040075863,0.10424966174327145,22.517846935362186,0.21488328414755437,2.525449242537909,3,0.72
0.22531557276653838,0.01708689266734029,0.1975349222746865,0.5317470800396974,6.568035721514106,5.520547070268215,-2.673047676268334,19.995225972616865,0.16329967270720355,3.1741664151534428,3,0.72
0.24398372795604759,-0.04544134084133295,0.20333262288217618,0.5719713398929928,6.603620977417167,2.417624397788541,2.329096463658055,31.56335349347161,0.3306545444878008,3.26007242907445,3,0.72
0.22816780625478747,-0.011559177114459777,0.20155197789608986,0.7583467911122411,9.393627804102387,3.0103413172525517,5.132494494622717,20.658061155476783,0.19237194316688078,2.792815598330892,3,0.72
0.2407074405001739,-0.014282348371213366,0.30262640498582766,0.6319473315544498,10.700614671621548,-6.5862364398006905,-4.291919888713938,24.29765741396166,0.3561891666321695,4.363708649727657,3,0.72
0.2366459377524534,-0.01156491194124854,0.2534413521615278,0.5563311580846065,13.316842086860863,-5.699262400631899,8.651480011025518,21.149295389657542,0.484506530370309,2.5511990154873856,3,0.72
0.1780076016938023,-0.03369573405753391,0.3927868106362332,0.596089461122458,14.879797328268715,4.024702529747929,3.6636704035392453,27.210272570368172,0.3153914832716152,4.071245879061324,3,0.72
0.2394066869238985,-0.010592059326079165,0.24230299227289764,0.5284933165707876,11.931639439687192,0.6322592892661315,1.308616739795343,25.51074907701795,0.26891226066117047,3.1772896123326526,3,0.72
0.2744836465763118,-0.017746099992489113,0.147022525014916,0.576276942513141,16.535766236769287,8.069450303122307,-0.7169985058574758,13.764185251350161,0.3704173853974,4.242245477173384,3,0.72
0.1981566202013296,-0.025299705080317886,0.2767566003280969,0.6245130729128193,-0.5408257632701634,9.555973619591304,-2.6633729378175452,29.411278052098886,0.4819960899911421,5.242855093705714,3,0.72
0.22118786336298857,-0.02550146320534682,0.14578697446442748,0.7171140809750816,17.15491659931199,15.429430431781208,3.3560225639424126,25.34308878457631,0.3357229116205874,4.244782125946442,3,0.72
0.16472604591583603,-0.0066235309494208396,0.26754321189516095,0.7537962413145323,14.367220369210418,-16.11161773578751,-3.4432535432199587,25.46722704621563,0.2174122278582315,2.656241421740925,3,0.72
0.18652198247932494,-0.0031715209023959016,0.1489174122410101,0.8240314970424314,-5.539786943562579,-2.4279697196210606,-0.648762250933705,20.181567498500836,0.3486394053711178,4.985304112696287,3,0.72
0.2662677720854564,-0.0403615844988509,0.28126594553469597,0.5455530955367421,-11.62024486978876,11.765291787633158,7.383115653046298,22.287760505502515,0.23476603730272855,3.7724979367002796,3,0.72
0.25496126371453104,-0.0018483416068123294,0.32992792081588845,0.837861396219302,6.518356958690552,0.27445043916894213,-2.4518786198573896,15.096164751492319,0.32595680751872935,4.544177220535268,3,0.72
0.29682916419848976,0.005040110060539869,0.2118554701431227,0.7867212835369015,4.106703526048832,-5.654962227605388,0.0861001771581005,31.137733329958852,0.37010877648643714,5.4110466592065105,3,0.72
0.16082193505663284,-0.06620326169523319,0.25301339191740824,0.6936556969674212,9.690788209200496,-3.1995889415530514,2.2242162763861693,24.951845142948333,0.16728041590831005,4.472310684005667,3,0.72
0.11928485157398241,-0.03669634434620315,0.19451670486493666,0.618770225130074,9.473824124544754,-5.041382138514001,-1.9955125975723973,25.489411063608642,0.21011122159743126,3.3553399877598684,3,0.72
0.245515955240378,-0.015897928653283478,0.27384845015776005,0.5743208001886525,24.706870815125708,5.704439895068642,1.3914916955975778,24.163129315356727,0.4972832452492869,3.048631947942907,3,0.72
0.14339464159519294,-0.06788137985235582,0.21609261299873278,0.77574975977754,8.383767289108444,3.2275589395804927,1.1028235625882754,22.477341256078624,0.19286635314882278,3.3666309521171596,3,0.72
0.20336116465512094,-0.009660709905249146,0.17495045147790578,0.6763732970058354,-0.5826109024453885,-1.2301760391256578,3.1611779273025395,29.38856449247243,0.40415479311451596,3.305357419201712,3,0.72
0.3178600087488596,-0.024099866458083742,0.15759203141757655,0.875713970316058,10.125151838400217,8.097944399320557,-6.9932913306920295,22.862669576597995,0.2640749248528092,4.550039967953761,3,0.72
0.12686593724902556,-0.049922126997943475,0.13804656295835296,0.6348042234717274,10.159099594733267,12.51588776999588,-2.0919094195159915,33.912852744695954,0.4438231647171793,2.544314026265808,3,0.72
0.1935210124429262,0.003158290678973122,0.270750011949573,0.6145655196673935,9.592643559814071,-9.544852659746116,-4.848716367455318,26.35136723433981,0.417818173724703,4.501344278145842,3,0.72
0.16941562605642935,-0.021851130135987423,0.19268249102515508,0.6369207528259049,4.925479113134104,-7.545980427412784,2.339144339938127,29.500754400083622,0.33644961072271373,2.7105936776710142,3,0.72
0.23979014584418934,0.006803902593543042,0.23905567187441323,0.5554912101578726,1.679382524965547,-1.8142129426123423,0.9277099885767793,21.694522826276764,0.3100613320766588,3.7274077706963737,3,0.72
0.26195204047630155,0.010039278136948795,0.1744357507422049,0.7202935269155344,13.45511111427017,-16.21474848062649,-9.547850049587565,23.15333440370017,0.4182507549931479,3.5529669710261462,3,0.72
0.18007939759296634,-0.004497230378601596,0.28454888518000687,0.7647100620001477,12.492295763904952,1.573919065446449,10.833814088474025,26.834008712917377,0.43736578724145936,5.275376413730874,3,0.72
0.2590429922371717,-0.042982227430571084,0.3259698160976907,0.5344556822815582,-4.095547608121267,4.615081611905075,2.80945056081942,11.327034576529739,0.18944396825310883,3.1560152005200566,3,0.72
0.21941054508044158,-0.06943263011457174,0.1810013997909436,0.5971934335120972,9.246717997436342,0.04212158989994834,0.15159075618914894,18.840884179957044,0.1935528972332607,3.8280742995431414,3,0.72
0.1553165826148753,-0.03590802094524536,0.26004886968617846,0.5398034925721696,7.565291409115325,-8.950356580892427,-2.061880149397725,27.05517456772445,0.15033549592179646,2.5497139565678153,3,0.72
0.25351954136734944,-0.04734569829953866,0.32584079358829254,0.6886008682601467,20.46976087935191,0.5381372094304193,-0.937318404840479,21.477860534646535,0.461878754921321,2.7991538182874836,3,0.72
0.23689637224088447,0.006825787973124057,0.1103386055435183,0.8520217817564323,8.030492896430973,-13.110869395516614,6.284904245668529,20.060152184353836,0.20282339952909703,4.598001014366715,3,0.72
0.18800464451138865,-0.05910099833094856,0.305165402396015,0.5715473020291866,8.724192636884592,2.3721779857272063,-0.8839296174048205,20.704669960010236,0.23697232328773019,4.301400475610581,3,0.72
0.2446102196935935,-0.03151207573091105,0.2545654436708361,0.6201065862329077,10.97732190289471,-5.542486807644421,1.3708348763221005,16.374356356624908,0.39551811005487136,2.6681860908409587,3,0.72
0.25617449733763226,0.0172986681174072,0.26470604467349096,0.6223959436920469,23.687482981347806,9.376100278896518,3.705430037591231,20.613255931424217,0.2562160328334031,2.5281425557626944,3,0.72
0.21061608765738676,-0.04523510292889438,0.23087046124269103,0.8516977525894436,8.628851829448884,12.579470327011924,-0.17853482933055922,15.373276221428751,0.23579927918103982,4.70336619426789,3,0.72
0.26024257320656813,0.003680589971160518,0.21027812324772027,0.8325155902067048,-3.3364864326265558,7.122561293195815,6.334204094552122,19.112004695967435,0.48610202291889115,2.3901646106897543,3,0.72
0.28332933584160663,-0.022226029133299352,0.2151152536750202,0.6261728428199009,8.172261932315523,-2.072052952750868,-5.571092799988856,26.030689021168712,0.20597957745081485,3.8462810935260254,3,0.72
0.25706580763800435,-0.023097623730886432,0.30172931238944695,0.5395704946283509,16.43406714886076,7.702747167193028,-3.1841881821145943,22.82040884564816,0.15226075690791985,2.5709892025562118,3,0.72
0.24791211133322597,-0.024153588717682178,0.3121234144233805,0.879431618892134,6.202351380721816,-11.916079252978063,4.689892632887637,18.454340661746564,0.16734200721461576,2.8637211800314732,3,0.72
0.2977436569664013,-0.043671123329417444,0.2403477074140015,0.6508031095206659,22.589710075090732,-15.676547933741208,-2.9095445127308133,28.184678302180664,0.21560758434138846,4.681514310650759,3,0.72
0.3377459077429706,-0.02445732733609622,0.1855290891320711,0.7769528424928678,22.14732996120922,6.75668075177792,-0.9862548084961976,22.120708362111724,0.39423338493439675,5.0808255879693895,3,0.72
0.18196311112948105,-0.0006212874893953557,0.17903257516348925,0.5466316086050633,-0.9785761607350167,-0.7314873752380637,-2.795105202762555,18.259919133786273,0.24217046825320065,5.414841805864102,3,0.72
0.20743423953527218,-0.046326259680177215,0.23304410184412977,0.8198499736013869,4.220277288774906,10.150083084210921,-2.4432376195553815,23.444580653299802,0.2915356816697262,2.7958104493495357,3,0.72
0.285913476013056,-0.047432477233265255,0.21441197653375113,0.6987989779289213,9.969344767902928,8.143013542024592,2.123530785860206,26.63829023604378,0.3067465724771128,5.056669775883459,3,0.72
0.23935865619588448,-0.05724669045006672,0.2630879209709332,0.7564899460656223,-4.947673738610142,-5.714541767272108,-4.270295584585262,20.11811568822142,0.39103246867589503,2.7903446074244407,3,0.72
0.22712059649840965,-0.029123250686039617,0.25439320167785295,0.8177779745729092,23.54963859749614,-9.437180120221635,-0.6338071983139278,22.107783703854043,0.48881347562904576,3.6579723674474494,3,0.72
0.2322311628885415,-0.030791161024214364,0.33667875780374135,0.6126541786227321,15.898484467011812,-2.0839758040906564,-6.339230574203784,26.13171380983619,0.17263410082418562,4.621753497981132,3,0.72
0.2674602635891813,0.035760903676512856,0.37206737849801086,0.8239949009780483,15.25028981098875,9.306255456043232,4.86027858107287,26.84419008732232,0.23121071834587312,4.468864467444531,3,0.72
0.1773958868899325,-0.048160933361137234,0.19632140801313464,0.7664990715033333,4.927387094893415,0.18085527153318273,-3.9925238635273743,25.483432490605193,0.2905195992591475,2.250906953350433,3,0.72
0.20989938720898707,-0.046683911204287554,0.3902830376799308,0.8295474465610675,-3.79417584797946,13.993237301742942,3.586771802433913,25.275856135452795,0.4431322074230787,5.26003806342254,3,0.72
0.2251419904803144,-0.054466713974593975,0.18917756535171282,0.5426592582376796,9.89644616485862,9.131415708939846,-3.547115239579379,27.365445188387447,0.33995942765608883,3.0668188343988696,3,0.72
0.16543379836783736,-0.021937767882343886,0.2706999026083302,0.8049155359184266,8.710243137726131,3.552532214195352,4.255555767164307,26.602598983293426,0.1946944214924282,2.4740248863718213,3,0.72
0.23082402293057946,-0.05796758121994382,0.19643177930231598,0.826451104819841,6.182039713466797,1.2405565088199564,7.202291626364442,23.38453324034117,0.31923866788402455,2.616244381268546,3,0.72
0.2909279800623765,-0.027191966094739544,0.28758469783930635,0.595455771478093,-1.7264347740873536,-5.3172530734480645,-3.2624322032167905,27.646405080594093,0.2113627006607685,4.483497768973393,3,0.72
0.32527519791915094,0.006134145551853383,0.356356053238586,0.5279963511467606,12.119394483984486,-14.631099016570007,2.7072233702231925,23.991351469829745,0.4308708137448103,5.248607138008806,3,0.72
0.26163539041122685,0.0037683209186684767,0.21486418744244207,0.8408487539372829,18.675968913748946,6.581417257832098,-1.0520202230563105,26.851336329478272,0.18568852132049354,4.24994206847936,3,0.72
0.25301270308760015,-0.05580309762977964,0.20826592540909677,0.5503822767177714,-4.087878361700337,-15.40225258872644,0.9875449670150046,19.889114814290778,0.18061321936824193,5.315271177801808,3,0.72
0.22980592788179185,-0.027970426069011123,0.18671435277103876,0.7967739192732307,13.731955903140602,1.8916025079810903,0.6619358474334478,22.741347352545755,0.3426090414860435,3.4673315338212465,3,0.72
0.2246504946305347,-0.0035614942671022345,0.3061842757036499,0.8731508601696532,-2.2780457438726707,9.707225407150128,-4.153895791217316,29.284691552012347,0.4210928859534937,2.966847575559123,3,0.72
0.27899462181171825,0.022110555786613053,0.34841237504570477,0.8713616662716558,11.744376677667894,-4.37371127060441,7.398460956515581,19.124938443015186,0.27718856433941375,5.42124336808454,3,0.72
0.22370365946108506,0.04445067267198875,0.2968670359837186,0.5620953094836106,15.753853817313257,-7.3227937803385545,-0.05160956273469701,15.89199194512071,0.20525123122658553,5.233173185808457,3,0.72
0.27198612110982234,0.0038736451791971695,0.165496714393201,0.68186022447642,14.991658234133924,7.066726455660396,-3.973857648386985,13.885930208497038,0.26531105144817935,2.577807076420495,3,0.72
0.24262492085637968,0.0008196718665400872,0.15720527634436846,0.8059962955679165,4.46958693356727,4.149289819455697,1.6762951954039624,26.236841956384147,0.41229822268846006,4.763793746957239,3,0.72
0.25495465991687477,-0.035738873158071456,0.16937188548064946,0.7625087680231112,2.9244962547761757,-2.7146745649644632,2.878735269583553,21.802671426825594,0.4629583537191868,4.833551265984952,3,0.72
0.25770522195946827,-0.046962646354639606,0.1824526406812596,0.530421724048708,9.74883937690084,1.1810123924964526,-1.5501650189014646,25.60961881465827,0.29680491276698884,4.058256128193923,3,0.72
0.19977468414092725,-0.03901048035863399,0.24977729040409347,0.7441802599827183,9.660299932282117,1.1321541765531158,1.7159430819697492,19.49014723968088,0.22794714919771497,3.0440315174538197,3,0.72
0.22466102172127936,-0.03591815552672337,0.2182137253887731,0.8124077839131585,3.0772919790662785,1.934313002563918,1.5944348712752439,28.060372397982007,0.4138376634997364,3.9922548867556453,3,0.72
0.1789836906591752,-0.03595037707369379,0.3432648880106437,0.8609939159034861,4.855935638559801,1.5160139431444424,-1.298139712300097,23.008497992952254,0.28816813984523965,4.124074348382792,3,0.72
0.2140773753492047,-0.006554260633044547,0.32152226229981407,0.5610614830113523,-0.26309189639093056,3.6163567989788024,-2.909115461045251,17.039698343283156,0.15901523520538097,4.946483265013584,3,0.72
0.24336210532493452,-0.03325169777237016,0.1778260661710518,0.5865579781736636,10.041893477894297,-14.505354303083111,-1.1759452855298431,28.8234918626966,0.18292787926932158,3.510147956050729,3,0.72
0.16548469506899516,0.033810675607808094,0.18417972757274087,0.6585267806168598,11.35774363438233,7.138654904290931,0.37328097154714945,20.84990999890114,0.3785807323271744,2.813823957888041,3,0.72
0.16031634501248154,-0.005625053761823637,0.31486198845472835,0.5454476991005821,15.766271075748818,-12.756676484813845,-1.9600535385368907,26.86016947039738,0.4446514831964161,4.350158038937296,3,0.72
0.24867109175921115,-0.028658040396318977,0.2613525650205929,0.6230956051388549,11.209917786445033,6.807787645260063,-2.5800785523864764,15.641843043257445,0.3607304283671276,2.432162985989995,3,0.72
0.21582406356407868,-0.01967073536953982,0.2654162366177353,0.8662758128338919,1.4919571787155856,1.6310669313154322,1.162542475840168,22.8931238351967,0.25436907078811866,2.6541635507489385,3,0.72
0.19446709624056535,0.0021287475260078383,0.19530605393789371,0.7731009581090499,7.776388491327123,1.4298046963310298,-2.9763543538195267,30.361628637265955,0.30151150190234693,3.18669553363038,3,0.72
0.17895434568383348,-0.053643999096888884,0.2236600368535752,0.849481417848144,20.93388620527672,-11.175007512210152,3.491111883312487,26.548666620225127,0.19445441579139464,2.5769697072088094,3,0.72
0.2663160847236771,-0.024285896844246327,0.23934554218761248,0.5702654569685044,3.849670893686225,5.240248760913069,2.3150677024307944,19.559800102280168,0.39179757834807105,4.693294149531168,3,0.72
0.16504863188990582,0.017157938418303074,0.28503029161516635,0.6757479208586156,8.557669936836184,-12.426999601318027,5.674934318270966,20.122054942814895,0.19685551315709493,4.513374745313229,3,0.72
0.18907796197432167,0.016149707746429067,0.26323366364826906,0.6783961081114347,2.9371130492726296,-9.25174744936535,-1.2468988731754702,27.2534105955868,0.4957992986832328,4.1282664503408615,3,0.72
0.29648327728001056,-0.004510139945976242,0.18350490826859817,0.8284565604354699,17.729103518108687,3.48761010979348,-0.6373249927145955,21.188667363706767,0.15495216550025118,2.8081223305530147,3,0.72
0.19145239944426765,0.02836842070911869,0.13711696360497358,0.7184438163081398,12.38805310132541,5.137339626456286,3.0875408892922405,28.494994936184167,0.41522542030005394,4.436085033143298,3,0.72
0.2266956508656503,0.012166741938944747,0.3036784112032487,0.857016103558224,14.709061417030327,-12.309468560279658,7.572423734739186,27.25238657221287,0.20004745197963153,4.871200857690644,3,0.72
0.2538245759238035,-0.05350526865027026,0.2660910064945172,0.8062899022699632,-11.902392602312108,-5.499573379912784,2.280465689955476,22.951020728812793,0.4142738890195373,4.5054417998809395,3,0.72
0.21146038138486373,-0.0019753036902214055,0.30843221118208297,0.7042476617913931,6.518932374312926,8.559955317359574,-2.579822188999424,23.492878583011894,0.2282939870161278,2.6283559301256054,3,0.72
0.2628736203414327,-0.009858493556649823,0.19473544128884682,0.5645736661063337,23.127793644390582,7.572787911307189,-1.8538391919255734,26.045524948499292,0.2675065137282313,4.323850520963173,3,0.72
0.1969966463216711,0.03849277134159193,0.25668800310435036,0.8051858398453161,5.3844215903255765,3.831037942749155,-1.3059723430524606,22.95338999827684,0.3121140940047229,2.423526396303175,3,0.72
0.19731619817084517,0.025495963034925666,0.13407839812367484,0.7118327155741133,6.759970013472258,-3.1084299482494795,7.497348620952014,25.302046445300764,0.18466147662966195,4.830716206174926,3,0.72
0.20836549723791636,-0.00405328403997119,0.17856813280028716,0.6591370068082452,8.302255817707298,-3.5823844798527427,-3.165785112478291,17.20702165315283,0.18044371046660995,2.5188426486007423,3,0.72
0.2589791795925972,0.04411309672139002,0.2885666204748174,0.8303520489328915,6.736556216081949,-7.163956708863907,-1.7240630249479076,26.88243288368941,0.457633230291978,2.5630450731857346,3,0.72
0.21470534327451354,-0.05705475938837869,0.19794065281665363,0.7569194008675206,18.72669327747867,-7.409593541784042,0.9795686754728915,18.54075474127358,0.3143101061511693,3.387945785698006,3,0.72
0.19812350268400963,-0.009697149023197111,0.2775506302913133,0.7578418453978414,2.011539559572112,7.534122944694329,5.295651734550698,20.134364575518674,0.24986328279796166,4.398616765531401,3,0.72
0.20809995779290205,-0.054332240658715336,0.1591076067606647,0.6238007047202827,9.423946815865573,-7.779456084792196,8.549723739651471,21.537584461562723,0.17224682632367966,3.404697065199085,3,0.72
0.21027744071829685,-0.04167185020889932,0.1402345492653073,0.6398567198008656,-0.867717197052702,-16.61186542808846,5.349502188989777,20.809903706590617,0.19898162640544487,5.028216918919548,3,0.72
0.2685893006929735,-0.047458130185682415,0.15719948112165716,0.8046148739754706,15.352264164921156,5.255921975233594,6.876347095447546,14.010488318320906,0.18595432277421406,4.469230538078715,3,0.72
0.3052094433599511,-0.11104503467561726,0.22800715269799707,0.6807167591448497,0.2587853367094537,-3.3159828310988915,5.4430440367677075,29.17887006071127,0.4899235120883506,3.703824770124659,3,0.72
0.19164384984107216,0.042655897549902275,0.2819446650290275,0.7980532102051048,6.761033979678352,2.4661585981455816,0.7635758082827824,23.98682322433314,0.2737174978238724,4.244970254396287,3,0.72
0.18180912969523733,-0.006994771210480815,0.17274668399108367,0.6677744899736124,12.138156810318838,-15.589593664069392,-3.310884194453677,14.373553719667218,0.1879426280985989,4.987652102497583,3,0.72
0.18878165267126462,-0.02495490565666106,0.27026984572380847,0.5609978899033841,-0.8082960683919911,-10.032098688749636,-2.374439654665952,34.421593433897016,0.24496905042179104,2.3884188016725973,3,0.72
0.2327353284899291,-0.013016366761876428,0.25664409476306016,0.6837527478105616,14.86288752155031,14.948261962302343,-2.1545615790222823,28.445994994624144,0.19753793708491688,3.388530491287013,3,0.72
0.1915103636503794,0.003058863318742607,0.21100875779162337,0.7568987698152039,13.43581811541691,-5.815644970202669,6.072304418538648,26.552776882867246,0.45114362615433623,3.25096541200144,3,0.72
0.2961437866818612,-0.0054174650806916615,0.3465608919121098,0.6362218823120639,10.976097720804754,0.9884917858973341,-1.828234738098872,17.65318715780493,0.4319982169552926,2.6059378638258597,3,0.72
0.16766016451854762,-0.03231137360612467,0.21782943178196296,0.5449509409243475,3.7515151055567513,12.482820522342617,0.42205432879290344,16.078431783961946,0.1647155521781604,3.049072223850346,3,0.72
0.26984460390847853,-0.07438603257682817,0.31860306079872935,0.549322578181792,7.375363458421817,-11.153784146527414,-1.5135826422859144,16.432633509332284,0.16025589356237055,4.27091862239201,3,0.72
0.1925938542920131,-0.051803739470187266,0.282081692788793,0.534095497949002,14.717955761708634,15.377603151411195,1.195649899508308,39.41475571987641,0.4285917904557178,5.394587857484103,3,0.72
0.225776675938844,-0.016152643279945263,0.3198686202824077,0.8423013034971473,10.255237281777532,5.01507282797289,-1.7100882961448314,29.17182959333187,0.301816220462488,4.909353763706808,3,0.72
0.20097397274493414,-0.023162328719474438,0.23417896100434119,0.8563919254000483,6.647323927368197,8.96846662409066,-3.1168608036410217,26.34883132950416,0.4133928007598011,3.7700897408825527,3,0.72
0.25461958568680554,0.02012487058393154,0.2777547337882845,0.5538350843872111,-4.059136475244424,6.6838955906703825,0.2508531711921094,23.379009456795924,0.18604223569836642,5.029774309080818,3,0.72
0.21082836212472428,-0.028468371611217368,0.30804010898569356,0.7258993601865171,15.47834578950716,-18.50922926487161,1.2812478653722803,22.7661719105104,0.331558103809247,4.22598852874343,3,0.72
0.1867684247010638,-0.04178499609071849,0.14754681020653043,0.6175302368672614,17.49069842706192,2.5009788312064223,5.197513020880142,24.379755526661068,0.36382159297795447,4.242137964880479,3,0.72
0.18200008487597819,-0.017869980328895117,0.19617742796321314,0.6364694206480902,9.212346463445337,-15.801736516732493,-13.18327917717647,23.240649211303918,0.3308955214784019,2.3582651965008097,3,0.72
0.22969995233228008,-0.020380497162539712,0.16388225033395754,0.588945084105807,2.4663491170533653,5.212357294236428,-1.3382045412261712,29.01623626662135,0.41489519671423836,3.0566684921006937,3,0.72
0.17371803480899184,-0.0015573905533344395,0.17678701007565292,0.6784368420303093,5.853117721777163,9.062726941667284,-2.9630821818835433,22.019529027928733,0.38619376056165855,2.47787298123506,3,0.72
0.2269414934195642,-0.03258148929272156,0.16391718511327513,0.767114095355621,3.878555769980892,11.896986174841617,4.302522507404545,23.355613348335538,0.15889665578601805,4.847989812549548,3,0.72
0.15494191239871244,-0.09100222086222483,0.3451842275051713,0.7236580757444908,19.93812169040492,-1.485894189472137,-8.995060345354473,31.23023763751556,0.3351258704360236,3.818872769399511,3,0.72
0.2126785028866919,-0.0072968666479444,0.24234644809885048,0.5622915822508956,-1.536972342827804,0.6184214117314039,5.607696656230028,22.962943318045827,0.45008581269714165,4.9517391891072275,3,0.72
0.3045908177325114,0.0024507871767255433,0.2561028865086562,0.6779557169454562,19.002014335516378,4.563419075367003,-1.8107162836997408,25.54868043457595,0.2276684878837843,5.208010105574045,3,0.72
0.2570198318472158,-0.06645234154486791,0.22132821586820378,0.8216747125545899,2.7641867571554046,-7.2654455867417616,4.297348662106512,14.60309285409473,0.27827870873033533,4.9225393240867685,3,0.72
0.2313962225964344,-0.12264138863650162,0.1599990198421283,0.7682163331665378,0.4142042995670243,0.5665676438514502,-2.4223698563391913,30.848740999746163,0.4317067783561772,3.8562891903939858,3,0.72
0.24694588954488628,-0.047343925588232104,0.2738348295350315,0.7245016952602198,15.969429332248847,-9.82763049520263,2.1532912341220074,32.11579081702405,0.3240044342696705,2.922800810062358,3,0.72
0.17728594514533172,-0.016145903437242218,0.23220158405968927,0.663903527742788,0.2513319400130172,-19.25132791576782,6.1167881337264784,24.35320556784172,0.22619615859054,3.63247864747726,3,0.72
0.16861121285170835,-0.019402757844826275,0.20831094446294302,0.5230485738883253,2.4624999018733336,-14.39704209150807,-1.4361140054270085,30.180943834422163,0.4704024485093481,4.980378040569001,3,0.72
0.20309455749749644,-0.031315715889380875,0.24368649959305355,0.7115348622978943,22.452030120715605,7.255487781541417,5.115161912402138,24.984975673908078,0.37455665443709774,5.251020108617655,3,0.72
0.1974726423303447,0.03313395398484997,0.29684454107256164,0.538852319366894,26.11792155947167,6.203663851817044,0.031842730468573555,29.29194719790437,0.1527020564525582,2.4154199006009702,3,0.72
0.1932355318162927,-0.032739763241420944,0.2009490424924512,0.6062662126581998,1.6346922527255963,9.92310598333568,-0.6595058470304755,21.766596037136452,0.2818554510510378,2.620528275979704,3,0.72
0.23399618668580424,-0.04368821695231838,0.31142209834330986,0.80698115597363,10.69715362144879,-8.535675140212675,3.6136195003757487,25.91042305633973,0.37433486692400375,2.6643569178904625,3,0.72
0.25033849867002594,-0.05994373257826524,0.29612910686041877,0.6463193692915816,15.387955240866333,13.218733113388081,5.309403923382901,20.835218606418426,0.2827709182789666,4.128478071353068,3,0.72
0.18320129900095256,-0.02775240391702414,0.29233356858311044,0.6372113888052537,16.06010154366144,-13.495989645040273,-2.0893895056987053,25.98224469111905,0.38618352855824223,3.3359059087581384,3,0.72
0.2641042967514268,-0.012734270188194109,0.2711760295030029,0.5925711512505221,16.896858442428268,-11.521944803611762,5.136949718961734,29.12974718695467,0.2728006763270079,4.3978271520286265,3,0.72
0.2893883729693303,-0.07644540692672519,0.16248019485011306,0.5933411298123815,-0.11214017785402675,-19.277064824844178,-1.5986573622875708,24.204639568381598,0.41558529710489167,5.044462414500394,3,0.72
0.2256330940705655,0.015084126068970753,0.2070407126184417,0.7546726043607318,3.4474823895157725,-0.006234702795503206,-6.291644315306076,29.440426601740946,0.20815029660818207,5.006633819150771,3,0.72
0.2199428071361584,-0.04663388197457713,0.30825248376223735,0.7161579559138853,9.792038133883597,-0.6298257627100043,3.140325252270021,23.773093246155973,0.16056110668927792,2.5408063992192766,3,0.72
0.2555782160920561,-0.027842630744879818,0.2803045830869236,0.6085739754707187,15.084763863993576,2.7716557976967744,-5.478560760488579,22.99416036461946,0.3731642160691506,2.849882105054261,3,0.72
0.18359829914236545,-0.01517499623934501,0.2327173823753975,0.6208667498075895,8.587201059790047,-9.055294381916116,-0.7639576815043814,24.972336436349043,0.3932108122524145,4.498460851348909,3,0.72
0.17643053315925566,-0.029722645846223313,0.27203838225343924,0.8317173819537862,10.918302942320647,0.5732361853873421,-5.457977502211845,29.354364845914606,0.4483635661180979,3.2260108251913118,3,0.72
0.2190957331141553,-0.005637761816956879,0.2598816727841198,0.7607165344607004,15.21804439092855,4.085177530632338,1.4517867127785922,23.530900023085685,0.2736287842256385,3.6946456660409637,3,0.72
0.15730569101356695,-0.01956267434177603,0.15634348045196772,0.694524510129778,27.65996088413792,1.4832807536928334,-8.329565807435861,14.89551456183323,0.4703008611475503,4.894602225568204,3,0.72
0.19252172122540354,-0.048446049036666994,0.20466032047138277,0.7750769964806358,10.498167025677937,3.563447088581126,2.070995286843536,22.214496006121983,0.26743627179704044,5.205951798744639,3,0.72
0.2200263142688868,0.026917319810442288,0.21097038079220315,0.6748753926346228,-0.8724868534625632,2.344213706330862,-10.415417418395721,35.88131373056777,0.4428318952432807,3.1979296056905144,3,0.72
0.1335323608831276,-0.0493914073573328,0.2611439543612992,0.7496186902186355,1.1561313551914099,-3.4182029555265387,-2.3533642829536285,14.58190980733084,0.30374272655093165,4.634084100175301,3,0.72
0.21361302031290577,-0.00117628357296903,0.33997471200728946,0.8129022495422367,11.48654435298041,6.048251737930614,-0.9318857124814173,20.78646808608014,0.4885699718698848,2.8360917086977366,3,0.72
0.14039819248587743,-0.03658801724314676,0.23698441928922584,0.5827995821495265,12.49342166978641,1.2550677103894627,0.4760317019491698,26.68203160115224,0.24481357314413937,3.018062777348398,3,0.72
0.20507156262184478,-0.04091611933594207,0.1367183221319756,0.5988809439044155,4.534762269541156,0.22517770301898155,0.6272049326691833,32.479880128761906,0.48134511129823176,2.539205248425969,3,0.72
0.18351276662612,0.011935636330340716,0.19405460664292995,0.5275617463307912,-4.376642360179153,7.2214230171994025,0.5665789820307607,36.135584854314075,0.3725141886840958,3.768726867395337,3,0.72
0.2498394054124958,-0.07878029413045902,0.1618558031327625,0.6686849049050564,13.960065937953512,-14.908325122000308,-8.694602809714487,18.820395597294507,0.4451622075658517,4.251003291400769,3,0.72
0.17022963768828928,0.0261491726959539,0.18749738770309204,0.5615574470313183,7.09028523241363,-6.5004604144773515,-4.296517917901173,29.65798683727818,0.1593138716033014,4.533787695287539,3,0.72
0.2468644486605983,-0.04647241618722624,0.2601710476039493,0.778665329025681,18.774911066167107,1.290718125978688,-1.1975827564491963,20.28739853127293,0.2173318819197135,4.281534675820716,3,0.72
0.17630220900638477,-0.0018503377632959096,0.36528450390929956,0.8515862180816296,-1.1554008903470958,-9.156385577441393,7.334208619729889,21.461915653106832,0.20586062428968654,3.0414497739860016,3,0.72
0.2342187983191188,-0.062008261606296425,0.3024714610034195,0.7486251466351057,3.424651524606226,-11.859305565905462,0.3672201523458495,24.764414378357465,0.28414920514883013,2.9598641565514887,3,0.72
0.2630642914075004,-0.0033085324972095508,0.2003377928723262,0.583276060134071,19.968156435146298,13.745948030435494,0.7221983076394788,17.46178532919972,0.4789940611513269,2.4175805787726894,3,0.72
0.14820413404973992,0.004794035902591316,0.2391493826459319,0.8334254683302132,19.270194848082216,4.672229630709186,1.1682415202134655,25.755854114727793,0.264347689975285,4.881593453577278,3,0.72
0.25143425738121766,-0.031976765369546224,0.3217128504051368,0.801870098319708,8.76928589044045,-2.836912346070127,-6.638800683618752,29.343551133982224,0.4249120418192307,4.926270410710577,3,0.72
0.26927063496003145,-0.05406234716458572,0.1390776467377121,0.7433022483894587,6.648873028905236,-2.0611950199087294,-0.9837442235806554,30.625806150356677,0.35601828249638867,5.314726689588362,3,0.72
0.15894757086695488,-0.05402474390626463,0.2560644733636728,0.5269271504292152,19.78447997085577,11.111391460666253,2.801738652637167,24.44843196146296,0.47850694798989324,3.3288008934640683,3,0.72
0.27736077280257426,-0.026420629749353216,0.17978228596254647,0.655673015822316,-0.24433879786581691,-2.143657462774693,-7.8752827478121725,26.43613390710375,0.3567123552980077,3.679089922631716,3,0.72
0.18598585646737809,0.008484874947352863,0.29092020682329683,0.8587847449244086,-1.6230359132905772,-0.4403437244989507,-3.0824906103186236,10.845249078694005,0.4180924438072765,2.8441212431389027,3,0.72
0.20295442450858783,-0.024349686206625813,0.24415836084463402,0.789932981763422,13.49990355208287,-11.913395780145743,0.36510237857263883,25.340289267523982,0.17733854785247735,3.15785822900759,3,0.72
0.18842880433890236,-0.018940191018172924,0.23360668247384428,0.7691698779159345,-0.7304889583758456,-19.90925641301561,-3.753102905504584,25.886756806144867,0.2251506341236662,4.83447633644013,3,0.72
0.20279481986240822,-0.017901910121720543,0.21046495073525479,0.7192770689770873,18.805782108516354,2.152780876679893,2.891636200030147,13.632315801206481,0.3538882924743786,4.043632178497987,3,0.72
0.21398748063113585,-0.04170136661284238,0.14289950514691846,0.7401233876683928,14.128984951054804,-1.6468146716010672,-0.5406462248404978,25.232528211238364,0.2876886322538943,5.389313611159547,3,0.72
0.12708071203899132,0.021911427173596478,0.25492502389862176,0.5499902632406776,10.806500358093956,-2.5360927704315057,2.1459306719359996,18.761655582462318,0.19142569690188166,4.158747241887628,3,0.72
0.13995909178476168,-0.06231562916994024,0.20832262924091577,0.7770028560979989,10.13061842723224,7.218274555979346,-0.028126639749114186,23.49308214742594,0.41860308199865237,2.802404093865588,3,0.72
0.18653765910695463,-0.007569232146744544,0.197975314620268,0.8309914178808556,-3.3442895700715773,2.6488946348763407,2.818407027303518,20.480388425016475,0.25184810450921713,2.327323733271873,3,0.72
0.22731590439222923,0.017504567822668436,0.269093397337804,0.8367360348088521,10.793592485370256,0.6000846743912569,0.6343306129888845,29.63171720080122,0.47299267336530226,3.3300485471574808,3,0.72
0.18514992271250685,-0.004023876194192928,0.199499144165265,0.765461282825104,11.422864874305848,-4.423041738381411,3.5690355716637714,23.911851565692285,0.400274223400067,4.73527776254004,3,0.72
0.2031855144884399,-0.003878869729733645,0.2579346742199635,0.6813151037026589,10.338054916705461,-6.323241215603954,-0.4899674724353275,19.27124148492913,0.3277379736709046,5.038838409573227,3,0.72
0.22063694188142913,-0.0021356015776719355,0.3036801116721676,0.5204316128031412,-0.5459744932905792,-13.296078633621422,-1.8351572226689463,17.069144907772685,0.4397941001979414,4.507523179027944,3,0.72
0.29042301224481426,-0.018578878952265367,0.2534065078242672,0.795765237038801,2.3914655536110203,-10.042239397202799,-9.267544524428008,29.16557400774189,0.45139104940531105,5.336738895010749,3,0.72
0.22778275958023808,-0.032567472435775915,0.1659282853125889,0.6044896984044512,19.18455143688969,6.325070971274135,-0.4941116545385227,27.026452793125834,0.39702052743560046,4.950891604588384,3,0.72
0.26336586525270195,-0.014736813749075012,0.23257091841513094,0.5820703797953448,1.3037052984543962,3.121609040200042,-1.3575109626539448,19.65503434718072,0.18308718977533936,3.2882876690789145,3,0.72
0.2463492373010765,-0.022836562834332698,0.33043235855780806,0.709161735800836,14.88455012863669,-15.924531603468997,-3.966079770703708,28.71849542277464,0.2518932765297521,3.7449836047107627,3,0.72
0.26886756554588,0.010179122843355388,0.20926129674816912,0.7537890885781378,-4.093381139067002,11.166335242111531,-4.191332640665003,18.45985849037548,0.37589037019621585,3.6293869294584558,3,0.72
0.301816658160882,-0.03643824832679557,0.26981943454652524,0.8214571286620407,18.913378163189,12.051530357533426,0.3075896979274678,26.83038890405643,0.15320605307833285,4.098050080711655,3,0.72
0.19131542623014122,-0.026651563137192337,0.20903032849239617,0.691301227575724,11.544654506067877,-7.612317841559117,0.8364616239217642,26.555420511094827,0.16998426185395454,3.592622450548097,3,0.72
0.22276966342936821,-0.03538608162168675,0.29402440596211543,0.8182915194452536,5.026708951154765,8.146462335934508,1.7705954262290098,30.152781824339222,0.4940103803279312,2.4733216226552064,3,0.72
0.23676518737827565,-0.061286884524623275,0.1611573895041043,0.6368964739943925,7.935574961270829,-1.6053423669298266,-5.11356737404662,17.54768174532815,0.43781885012289223,4.455527598484004,3,0.72
0.20623459342883887,0.013470447791666184,0.22397661825222626,0.5696377256699539,-2.4074749386808634,0.32367932034687025,-3.2598383174966172,19.91883241585927,0.2515126080574486,3.582490988739763,3,0.72
0.21755574704236705,-0.003243009720088851,0.3231009907934168,0.5227101292865645,-0.6976979507550531,-4.9734773033005855,-2.522514990001094,23.640273873894643,0.46693207185736085,2.2133003745638065,3,0.72
0.19184937657811113,0.006774125914185216,0.2363445748666027,0.560100073456768,7.149383049923159,1.2897653262575985,5.054125165598086,26.19074672571153,0.2871499529685101,4.183763549457237,3,0.72
0.2670616175371945,0.018300261066182485,0.25328481414702286,0.6338418755605323,8.77341333480468,-7.036677418796892,-8.034539098029734,17.76250963997092,0.4338126778967216,2.302776084436178,3,0.72
0.21977079042374023,-0.08703088469560659,0.15351751648687523,0.8740620722687319,4.216288320115778,-1.0129871196827014,-1.0604218647897252,20.814454937659907,0.31812372129160554,2.815973087719832,3,0.72
0.2691696462942442,-0.045305310974496665,0.18618765679222482,0.7982798492516439,22.644357661989652,5.02896714558641,1.7075465333707822,25.27395063445901,0.23162276958586692,3.127122924404949,3,0.72
0.20159636901387246,-0.03900411251029971,0.29319300073439314,0.6899861355022737,-19.2661967146162,6.579301350926254,1.2738430956865945,28.805198374382677,0.22686357560069237,2.600558372705493,3,0.72
0.20959878109717256,-0.04208001767837022,0.15745988838332475,0.68027510418326,-1.6518017382410815,-2.6355091931041885,-5.884538407071977,27.074263529365115,0.34901829676263807,5.40057959762547,3,0.72
0.21857859763943477,-0.05315806931080372,0.25393485682111405,0.5545874178117081,18.950293048714045,2.9969565552897257,-6.082938113457703,24.65034137170542,0.41112813533547843,4.330457241733212,3,0.72
0.270951274657769,-0.06465597569675427,0.2739004699122639,0.5544467614088601,1.1648143314489312,-16.506318319639597,-0.06440791539091226,10.36028621628432,0.3319271320358394,3.1822560612295083,3,0.72
0.2710670405433239,-0.015630747723692114,0.2560515924232054,0.8445427415243618,17.268018979027254,9.006313524501278,-3.433752906362379,25.02424572253652,0.4903167648342297,4.215562152564996,3,0.72
0.14887826395803988,-0.03125403832824457,0.13070550559212077,0.5728516637057885,7.082872545758398,-8.775707048189966,-3.0689090650980066,23.464541670188282,0.2855695388105272,3.0800404293827466,3,0.72
0.23813397743079853,-0.01901073297507002,0.18086514238225496,0.8553738946099452,8.45216210738418,-16.198784590153004,-3.6163593730077137,20.257569883455883,0.3755566276564463,4.741482221947486,3,0.72
0.17917815508009052,-0.05631608702144289,0.18200262441498613,0.8255771973608804,21.950635654621465,11.51787435598331,-0.31590930033033965,22.83329068823411,0.2532751922918208,2.863729783670201,3,0.72
0.3143635683915298,0.011781219503748625,0.24455897858082903,0.5925826681428111,22.786733991735012,-5.352324691411015,-6.073069095569761,23.27026310791998,0.29561778285255524,5.467282296126347,3,0.72
0.16983931959805665,-0.04083837313638901,0.18754058998549483,0.5800607077113473,14.95356133083379,-3.7943008169530983,-2.5723248419266267,23.21648186284522,0.4293254190514627,3.506753901505693,3,0.72
0.2578088179583691,-0.039528013958589195,0.28512628931229367,0.7535936963022197,-8.209538836716458,8.134129455303018,-5.510729252865138,24.8579471223474,0.39260182428433266,3.3255213393076586,3,0.72
0.21282315894356335,-0.015611837606782837,0.2590152062753883,0.7870980417645141,12.665685840990381,-9.411840336305689,0.6698024504348308,20.705547847565043,0.2272238049536876,3.7721666787671646,3,0.72
0.19538046118678964,-0.004084503639042138,0.18332743051417913,0.6257297186547698,-4.055700635803067,8.157772385390983,5.20316773805388,24.464766708298516,0.21499411184858036,2.933134763478571,3,0.72
0.2570764811221568,0.003123175870680072,0.23866346446736406,0.80666454619026,9.198707465059922,-1.1205094296377933,4.093924978377589,23.514420054434865,0.23218524682850478,3.7243466804723013,3,0.72
0.19209017417553323,-0.11042749498009521,0.2205073951995689,0.6526244623972771,20.98336636328187,-1.643262100278457,-1.9798939926815238,20.80321056067346,0.40003898524765225,5.462176834431107,3,0.72
0.18330782663026174,-0.025657679256950224,0.34689408482298123,0.8293193814482577,-5.759248523391264,-0.8281093321294597,1.2925349907901131,24.414891550857817,0.27797462992128275,2.3122369905412263,3,0.72
0.20365341398741138,0.05353979823188129,0.2647012033710465,0.7796524692526157,12.846438018623791,-27.359247833229674,-0.4397594955619796,23.114103490015363,0.3218453583602599,4.776518080233725,3,0.72
0.22655268774294712,0.0007773817632311351,0.3060328246569344,0.8591437443956442,-0.948219501188639,7.432715268758821,-5.642210274983549,20.83256186102135,0.37610313567481235,5.324992743653429,3,0.72
0.2088598730506971,-0.11233179032253096,0.19734405320303627,0.6557694974343723,2.0438634537949314,-0.07961830420416678,0.04809872475432151,24.628012722830093,0.3410988619078672,4.073597120909443,3,0.72
0.19327773248645483,-0.05432861491217032,0.337718727344675,0.7547903253489767,14.047382106303022,9.831019955604479,-2.045022115733115,20.250643599726477,0.4772488854917627,3.0589361248532603,3,0.72
0.1657553920775571,-0.05581513538998788,0.2890722469175847,0.7542059678006009,1.66142674203296,6.554886678293008,2.611261366811597,23.611751151473463,0.4899355142823463,3.9581393011677104,3,0.72
0.2596834976800701,0.05073989957288012,0.22242920113558157,0.6038694995140044,6.103557969328548,17.93139555539935,0.6341773061653173,29.066296682763642,0.4438941134628187,5.189547391628501,3,0.72
0.208805194532258,-0.007010799118342452,0.27340264890860927,0.8523271450844196,-0.1654292537974804,-8.745676353895975,2.4991004490665905,28.785182448038494,0.3807006417973283,2.2729715264117707,3,0.72
0.25157867460398303,0.008934136817605038,0.1864138548591795,0.6062650603007478,14.988274372318443,1.2338958074112145,-1.2026318366765214,30.471534207933495,0.22202058131596347,3.9870477523807963,3,0.72
0.2289774336073776,-0.040582192753647814,0.27819030025925073,0.5553885348579902,5.6835592409581235,-0.8815270466414137,3.9549961925215316,21.95692254198133,0.40362718617818594,4.794090951678025,3,0.72
0.1961347700572619,-0.02730346336478075,0.2591932519904082,0.7076023963196069,-0.45656100078706174,-0.1096002107075012,-1.632002321081682,29.59147966126829,0.33322813893752423,5.385612594783586,3,0.72
0.17392670234573432,0.030775688195919092,0.24831148689153118,0.7782453331484119,-3.6079854283192603,-5.229055597375596,-5.198952839505941,33.11167151506028,0.3840145014403523,4.51104434675471,3,0.72
0.2674537147582244,0.00072226281337575,0.26203540570548345,0.6930402955265097,15.268512731296292,11.809097334682445,5.894716466435328,24.962212342877898,0.45107517200428937,2.9882386768845186,3,0.72
0.22089891163585118,-0.00773489958257597,0.22065269409445976,0.8549253056050046,19.38834131654683,3.035557138451762,0.7569787569216411,24.914540699068848,0.3731345374396653,2.6157779651056163,3,0.72
0.1849837095032842,-0.054789520245063866,0.28221448033186275,0.7574371433530872,11.602825584634196,-3.2285654807230926,5.003432912028268,30.352983966431484,0.21083578188208082,5.097925268020694,3,0.72
0.25863802679291337,-0.003948919018580941,0.2700480596550279,0.8585046987885285,5.8395991714503115,-9.049909077701196,3.165366795584013,22.19317348107471,0.2633020107897358,4.511163676652904,3,0.72
0.2181939354046579,-0.022600313761205502,0.1397971200730614,0.7284214458377417,-9.849863143619995,-6.7195388397602365,2.596971959682107,28.095482401436612,0.2958733489238283,3.167404497033076,3,0.72
0.14378755155993866,-0.07375426491668131,0.22514552311182515,0.8214801996294823,27.106844932149425,9.579772392083793,7.335446353664417,26.64065213873504,0.21974197992498237,3.112906711384812,3,0.72
0.2776478982251546,-0.05094794364864606,0.2400920424978282,0.850767818675759,13.772985469838328,7.646940134773386,-5.509869420972396,25.306912341670127,0.432911006783672,2.7981875603254274,3,0.72
0.13943611710361964,0.0014243129875230742,0.2399670947118734,0.6808687883056288,15.778295800735897,-14.26559777343079,-1.314606352479228,14.39410086676185,0.21569025153590937,2.6016523019615097,3,0.72
0.2326465045102817,0.0022000667451701587,0.2385970129576929,0.7603402267443915,8.663018572024354,8.723057310720984,-1.8902671033897878,29.84516657184573,0.4817404239257532,2.7115680337675503,3,0.72
0.18785389226232052,-0.0019509041073829288,0.2572288875367949,0.592450377861655,11.386737880611593,6.2960585466482435,-0.4340375808870437,19.18173713100994,0.4798558307439542,4.624431775135405,3,0.72
0.0992366776611183,-0.08152484152989505,0.26345762268650386,0.7117416149946141,13.40494993700862,13.20544076499011,-4.100245429271004,20.748283963403814,0.35668250704687626,2.473101878272294,3,0.72
0.27113090020808417,0.028733747823720044,0.2576535713179806,0.5514927830107914,13.212828165947535,-4.113667404974013,7.20400356798594,18.600909445280664,0.49907313905782447,4.747336087796505,3,0.72
0.22352946376625324,0.021079371947495058,0.12986499464284187,0.6176052852610111,-5.792743108737971,-10.317950919467073,-0.9383488179572439,22.443232375141456,0.16215950162051604,2.3285033283503007,3,0.72
0.2367750292658965,0.00011432883430255447,0.13756669820345657,0.5465305495868832,16.29129476559264,-2.594285546403985,2.6007995387399654,26.977181969046228,0.49576802307106893,4.645428382756985,3,0.72
0.24028151558542,-0.055066766407447926,0.2227401095566291,0.6986789730378804,15.903440065200488,2.7186111601973186,2.0670872346555935,24.90066441751195,0.24338495205955468,4.751085498102269,3,0.72
0.20815409787364292,0.0018572390269112546,0.233454545989178,0.5435427114661692,11.40584345036042,-5.873731593182243,-0.8453236402786258,21.383583579693656,0.4297208293354926,4.482771065804121,3,0.72
0.1895501178967091,0.011598201468998332,0.3059857789036764,0.7519655779747054,-4.471907594246915,13.714821560000233,3.226501851430795,23.329179012839752,0.40712826156809667,4.004656855898711,3,0.72
0.22383522104329373,-0.011210541658056813,0.27017809556532113,0.6103111902283163,10.455905843239712,-2.212293204997898,-11.529078125330008,21.790514933826493,0.4507867251853058,5.204261035084884,3,0.72
0.18529236103176158,-0.04565043646278759,0.3771632823255944,0.7534284595232857,14.320588522303172,-8.950397141566233,-5.479536019659828,20.418691119940675,0.3968344187852238,5.285120049320245,3,0.72
0.2545348519619762,-0.0494512626418525,0.17482336993297073,0.6831729936432726,8.298343711756862,-6.750636205086354,3.8110869326751713,26.979276003856462,0.20326163977110978,4.482580986447502,3,0.72
0.18778521632229284,-0.01787449492596488,0.2525964823160409,0.5332832354230922,0.18203694410305005,8.319658905124854,7.659502196907857,24.78161592127959,0.38951905253611196,4.327601798435625,3,0.72
0.13742363506263056,-0.013504424848498234,0.1755520890731918,0.8576443089470929,11.561439946922125,-7.648290089675288,-1.5142030592124287,22.38539250505681,0.20115929770919289,5.232840435210695,3,0.72
0.23170226628540566,-0.0729196200417484,0.24033591412151234,0.763581951300163,22.686640506021426,7.394640890246185,4.0247640278183106,27.076097106061116,0.3535064064723029,5.00525159834609,3,0.72
0.18198942017371925,-0.050337240517177875,0.21425436924054062,0.6476535940956978,15.025168405538238,0.9859486053467842,0.17511073105923697,25.169376684114813,0.32602503218029943,5.1162908194244245,3,0.72
0.2554331631747641,-0.049858957080855415,0.19527855462657812,0.538957937335143,5.790389799039632,14.294728472833553,1.7627554412741984,20.159983285662697,0.288239272779098,2.566139736791848,3,0.72
0.2226236302187913,0.011344330581064096,0.2566896685855867,0.6138483462873929,2.572436103191679,-5.286486300918561,-4.166872900063784,30.394069036712693,0.15515743821353203,2.5678025517796517,3,0.72
0.23725495098069266,0.008254369321529158,0.17599686933086667,0.6672888319196547,4.895327736632629,3.5339769628718933,7.339965123292939,26.74187209549647,0.2972723651504358,3.1495701759630745,3,0.72
0.1845575740175983,-0.0689338062735235,0.2674524502380592,0.6063913242161271,8.335776668326488,-7.1810222269152355,2.7301208034647235,26.714895932907375,0.28452816171423895,4.1038291781570315,3,0.72
0.22638902567157543,-0.006683558325894031,0.16514483620867776,0.7628720954733852,3.9972364598860537,-13.115679894858769,7.731647383257675,27.968697267972882,0.23512144855888528,4.810999380999554,3,0.72
0.2262740088072548,-0.01678862864914671,0.28414674464666345,0.7354204694476223,3.6720345949400466,-8.612108197732757,1.7511172224033886,34.271645346650686,0.4859862833018713,4.013096245132022,3,0.72
0.15291818082144892,0.02409481572346012,0.20332835298710683,0.7495294178858971,-5.921009617946087,-3.194681183294903,-4.900848787412935,39.10371145830099,0.2688582986320794,3.923968319355958,3,0.72
0.28410219841081175,-0.031164608875011865,0.29202804956083783,0.8785648031362394,13.878221526279397,-1.553738909832206,-1.9355585992406947,27.969392586276577,0.22506527813123184,4.535472199495663,3,0.72
0.2641949258280176,0.006977317044216537,0.35080533429316696,0.8192365074900685,15.155786912130493,-10.530257625775805,-5.391389060757293,24.29163089092759,0.4733124968558131,5.3598794568835775,3,0.72
0.17760094180841415,-0.020282629104061554,0.1797469936096998,0.8207288723309997,24.501455341583576,4.472206905750175,3.2663770364294202,24.618565474450225,0.4206422324630802,4.175541714045492,3,0.72
0.2667495508490631,-0.06358309672514924,0.25271468439051903,0.8278825658273193,2.681359891311023,-2.2833482995615983,6.460730591029505,22.39941188015651,0.3818884565963885,2.2264424423202684,3,0.72
0.2267626603272021,-0.04123032908594329,0.23247601387546124,0.5989740875410812,3.8486172950056385,-3.9996359331380305,-4.747122601480102,24.34613228240823,0.29248535481381643,4.971554643286223,3,0.72
0.18085567128138658,-0.007742589100934097,0.27575248473691916,0.7107230883336695,-5.230160166885485,11.860794391291885,3.8053960435927796,35.51570277272375,0.24747829134764124,2.474692108201861,3,0.72
0.20499763062715654,-0.09398680358840905,0.33615360119635485,0.6173486476859523,8.38865535869777,-9.295021171396757,0.801421751503614,19.11081487547671,0.4983014078993243,2.3067948214735856,3,0.72
0.19763980368055772,0.047793634349698896,0.32633990037083904,0.8709880756031321,12.907153546049791,-1.2562285081105915,4.70653632185174,18.468745731342892,0.349473792992587,3.1248031968882897,3,0.72
0.21727673657330213,-0.0219362099093635,0.1876855228607709,0.8110533760973042,4.939180891900383,-12.384067362673028,0.9668495026703676,34.87933251392809,0.15159737095789075,5.46004889346932,3,0.72
0.23105180066760445,0.048071322117074,0.2601520847705694,0.675756328314044,-12.345892794886648,7.553930225169912,4.246227489674931,15.94636859434063,0.32273377267185244,2.7094855561761833,3,0.72
0.17645740302081475,-0.005892443165333303,0.2832686614742276,0.5907460799377315,15.85121396075613,-2.089583494606671,3.435022984571655,24.106042188139135,0.22277030142286625,4.159852047526629,3,0.72
0.23381048846339628,-0.008687493397784646,0.23369187092897717,0.8500393476923467,2.894246030851888,15.708711248069145,-5.67222297107325,21.09996070654478,0.34200536758143335,4.500049060435103,3,0.72
0.19146960494400173,-0.07612821503151175,0.14757175961250069,0.531126336972882,8.03398521445265,-0.2846507107034007,2.8409701534287803,28.22267882496725,0.23239773995063123,3.982177877044389,3,0.72
0.2375808199865487,-0.01652665756396405,0.33846863358829654,0.5364380123864191,-4.283780012294502,11.669755957345902,-8.148831513686398,24.77378610612535,0.4741604572900703,3.6644508748222853,3,0.72
0.27910498202493966,0.000603458456798614,0.16134073717165293,0.6388607937117743,5.85614062338895,13.948772020502025,-3.053036415391006,25.455992012559957,0.43847015611354145,3.791087067624317,3,0.72
0.2077154912696798,-0.0123655995724834,0.37166123983854626,0.7974731657713002,-1.114355745426403,1.9696082214527295,-2.7721718067606704,21.6869529571801,0.29478229913090415,5.095693336566221,3,0.72
0.20980399213405704,0.02280859346883023,0.16947117770309267,0.5896287139800807,-1.1273012266302906,4.374649926769086,-1.8289735660241284,34.1061918985899,0.32136252492644324,4.323641733194359,3,0.72
0.2047986214243062,-0.022847009997638,0.17759630113982106,0.5334681212279991,2.7980782787272735,-1.8667034546391095,1.0021177251183904,19.96275106215244,0.41547496335818634,5.229470989141509,3,0.72
0.32645965388195436,-0.037687310035102894,0.21398519498422972,0.6423247162428537,17.930068215093243,-2.068235748285459,-6.310637703216937,28.33030319390104,0.43509301417418067,4.501776381989414,3,0.72
0.18444086676136148,-0.021329194397757517,0.24892441142323027,0.8282678620236186,3.553141214137428,-4.2078206528457,7.164881605447751,30.191116865004176,0.2134632586161607,2.6986152139515314,3,0.72
0.22388465059230298,-0.048898717221098426,0.23845830367096008,0.7433286217990183,20.558969540816822,-6.097592746635078,-0.899899865409657,24.62714044257424,0.15198767188729811,4.974856142146059,3,0.72
0.22515250911503026,-0.03311890511430947,0.20292999954681656,0.8593892030633216,10.19396961488188,1.0311107302726168,3.1876346098928217,25.45069156735703,0.38134840980699997,3.707240170741687,3,0.72
0.22611622610509122,0.03908696876654663,0.23340369202668487,0.6448224848864653,15.524031589899153,-11.074001118504206,-3.6294009408972308,27.437197532012302,0.2619408129617727,4.992215755609209,3,0.72
0.2401939192660609,-0.03246093785762319,0.28890950655811387,0.5566172008919013,20.02252417877641,6.908135911606762,-4.927620332547494,25.150752017366006,0.4042375846416042,3.287010438867865,3,0.72
0.20849166773326475,0.007554120368042497,0.32464132442892657,0.582951756914189,9.292723857099551,-6.760626850518717,-1.4383129329019153,22.54787818289435,0.4031030620957067,4.533859719258872,3,0.72
0.22985384037418474,-0.013851726467864851,0.15792712378630924,0.8153813429340449,9.127832733945334,10.379206401773068,4.008095677151872,24.91689924020363,0.26123644914383604,4.473969234667575,3,0.72
0.34183675810338304,-0.030013834927789324,0.1434995819180832,0.6562533033113028,0.952371820457004,-1.709656667844543,0.1721216068398149,7.607205483819264,0.33063930207480763,2.901052845846547,3,0.72
0.1509856756659509,-0.0024419939476485776,0.15147852830727343,0.6885037561669638,3.830993056994772,-6.989199035529251,1.6444472079354409,26.88910687132269,0.2645297492138601,2.562794667128667,3,0.72
0.14622872068937504,-0.03156004553516417,0.2078323687675861,0.7250248947097583,-4.622562712710657,14.210795857436196,-0.05970813097490932,22.068499973754555,0.21426236793351056,5.448321497346974,3,0.72
0.24684580515512694,-0.03039147894259222,0.30123896430996017,0.7631017787079512,23.11388210027773,-2.458281366208661,4.879051865295617,21.348381241809935,0.4072776802752509,3.6372507880926186,3,0.72
0.2676177217637101,0.019326320073884202,0.20589208102250656,0.6658941374295836,14.293669270633774,10.76251059315326,3.740687666717497,30.325803985907505,0.423202054437542,4.724049517336212,3,0.72
0.15789113176620562,0.009021907740353337,0.2863898689704578,0.8617152350706634,16.09795911302059,4.625366929265267,1.5601064993485698,22.90778419374821,0.32334160724380784,3.266721223692582,3,0.72
0.25962305523374696,-0.031623067155013326,0.2524140172021208,0.8264280863464,5.340570677531222,10.38561720716025,4.930023394606475,21.064765952482496,0.2710744166109773,3.2165413177282614,3,0.72
0.24277503993228042,-0.016647688877718884,0.22618540513006238,0.7867259495670778,12.633629698865178,1.1014073826870443,2.787140572678846,28.82231759819208,0.38781889578715223,5.484382788486855,3,0.72
0.23188963804604334,0.002882771099617827,0.17834794419556477,0.5408257727771688,5.5835061546653515,0.7955505560132918,0.6474059862307143,24.759259547067344,0.19204705379644957,4.67963723079229,3,0.72
0.19968787591630868,-0.03755647577754908,0.17835157919322434,0.6763826228938337,11.102771324329227,9.23436917249923,-2.663135606775969,26.11792775377898,0.3638659321253726,5.309249446910872,3,0.72
0.23150506230483034,-0.019306463007595656,0.3210477980974661,0.5513591493177191,16.227327125978,-8.505475480394052,-1.5513452404690387,25.579704426509316,0.3587243894668478,5.140049485370232,3,0.72
0.2614195022279589,-0.03952691148055829,0.1686827204502835,0.8020286703982913,24.32702797460907,-7.072662755457072,3.0365381019285445,31.157614323412,0.15268961804096204,3.1080108624088223,3,0.72
0.23010385943582518,0.016264015617971733,0.2271463304784925,0.6645161174448109,-1.463854882488521,-0.41142364455332614,12.672959950250444,23.48955848994165,0.20292019698704494,4.067019715190924,3,0.72
0.2031948620299268,-0.05347674928811939,0.16461335674126473,0.852059375151416,-3.071855418676046,2.784213852891896,-0.2627549286828928,26.982919201971946,0.3926477664490622,3.388454651378733,3,0.72
0.28435104478882967,0.03475470595655643,0.1707934047772756,0.5747766416023781,14.547016785817252,5.6086293691101075,-3.1313472004134186,28.11387982607551,0.42435449882963805,3.0490940894345786,3,0.72
0.19361066717075118,-0.0010371730111006228,0.23027426142930252,0.6812269187044123,18.32794488066503,8.460902575800127,4.304805839066126,16.592423875304362,0.44444220960947856,2.743253598582591,3,0.72
0.2031488488118159,0.03723399094388431,0.1941423945701744,0.6515413255551034,17.0065563483038,11.685899103177155,3.780360599389073,28.26630844664503,0.37917256663627874,3.6006159567947886,3,0.72
0.2276497947759689,-0.021099569420135935,0.3595562134478445,0.5553254273607785,14.531324747412777,3.0068495305842484,2.178604232251286,17.90963203501466,0.2857642809359786,4.856673505690314,3,0.72
0.19393527134293703,-0.02102787167358982,0.210407723136098,0.6488412965199356,15.983021748815244,-9.70091487388757,-4.743858873752111,24.692284254296904,0.22285066386424043,4.324874074399956,3,0.72
0.22212557712228181,-0.009408016415137244,0.15053112843825334,0.5518976290699599,-16.272808137285036,-1.15889348787319,5.078227850145271,18.974809703397824,0.43518226050648867,4.153739364069196,3,0.72
0.19927926379373537,-0.047531210566966485,0.24762607231924413,0.7313955770106066,14.728229939456842,3.661358404696729,0.37528425292341433,27.822319965535662,0.216174361007741,5.424344116709838,3,0.72
0.2693913292839698,0.0006227030488918685,0.22704218774121174,0.5386410467830348,3.491379907477061,2.4300094651507136,3.9295408005759844,23.366201306014567,0.1605597079854027,2.2056637825959253,3,0.72
0.20172948012446515,-0.011791235375516244,0.24037385684971188,0.7653263068412607,13.684218547870774,10.585427414383995,-0.9007326710206882,22.194327697664683,0.47399381885681313,5.117540718201119,3,0.72
0.22857938472228853,-0.0129791728429565,0.3440391399013496,0.5812314945899905,17.687264553599405,10.843863512094202,-0.10303242282107573,23.844099170316113,0.48261213213136234,3.4059995842941473,3,0.72
0.23399203031061322,0.015437779629108566,0.3674118926055032,0.6841339246113401,13.925940110165964,8.341182471740582,2.3552564190540153,21.5662484380447,0.3500103423638769,2.2826130690409205,3,0.72
0.24703350330082743,-0.029788762751717927,0.2918118868379358,0.592103099332041,5.376911958674084,10.080703341755637,-7.957796735881649,18.529231085550375,0.29213282861380074,2.676006422941865,3,0.72
0.20091433190361271,-0.04424715236426349,0.22945985284327094,0.8549638990066946,8.704440582127456,3.997879476513948,-1.7106948993376956,25.235634106095002,0.33325020389912974,4.276588369755048,3,0.72
0.16178528040007303,0.031224804797355166,0.2443377664464194,0.8103242846406541,-6.529538809371722,-0.3382040084838999,-6.466551157360938,30.761472004112406,0.3359284522749233,3.130038237584834,3,0.72
0.26486204847507583,-0.002606107515482233,0.16448844859809436,0.7509951147147758,-3.241215462832926,-12.656745516746708,2.4452213803564593,18.48320885018522,0.37854778791926247,3.1897800652179495,3,0.72
0.2571652313941247,-0.05662339790078118,0.1509612836693178,0.8569715505927035,11.437752729737099,7.957174919201628,-0.9323514821847083,28.83819772617265,0.3808575491409589,3.183263830684583,3,0.72
0.14297938375855726,-0.03780162703469275,0.3012411941766875,0.8143843249722329,-2.176859965219654,-11.800265329595236,-2.54519964309466,25.447331211501982,0.265558717782084,3.1129986751093623,3,0.72
0.1930299504420628,0.006533808333657035,0.13583889773797797,0.6026161117732529,6.212650788155537,8.036595991125553,-3.934041974692898,26.474124471151196,0.36992776585421344,5.369806174959329,3,0.72
0.22378448667260245,-0.042478628795680734,0.13232590073839798,0.7155253726516354,13.479486146554542,-2.1706475306819777,-0.7719431062032662,24.854198671213723,0.4082733623946313,4.781465001529966,3,0.72
0.29774226826656996,-0.013855825644465485,0.15714972231927535,0.8236241774421005,2.7010450639371015,-0.9171483619853846,3.3156321951232686,22.075784311183337,0.4726000757448202,2.9345944771763506,3,0.72
0.2519152522208754,-0.034665227215154026,0.29370523499790024,0.6866775405486927,5.586088754536428,2.4154881279810074,-4.146411206310867,26.482880104461156,0.4813155231339298,5.239031051265727,3,0.72
0.16340955509672736,-0.04516207826761509,0.16241454349522205,0.7103589670227324,12.356671106513346,1.3662346306666546,-1.5998788602399079,23.289399181009685,0.42369739728096856,4.104621097742882,3,0.72
0.13602854402606956,-0.03041295471494489,0.3091243135708974,0.5391336456460256,5.090539679460447,-7.4676589895377,-3.858754206084119,30.72966988016871,0.4157548372962212,2.852426526593899,3,0.72
0.1505327290166022,-0.03672448550813381,0.2183329246811916,0.8622314009574124,3.9383856589674098,-3.6932271780766928,4.2895262656557875,19.768967583420057,0.30845854463597494,2.6588643861840504,3,0.72
0.18006908239612573,0.04186381021022614,0.20500319452483984,0.6427014822795213,-4.289759791991532,-16.547743877182985,1.3906070467900264,28.764110590689302,0.47689712551830754,4.930395736250574,3,0.72
0.20308610196053362,-0.02876188615346294,0.190825907113095,0.5536907734270243,11.726465233483703,-4.038151602615458,-9.710593350585931,29.860953137455297,0.46722087064998075,4.967621304541495,3,0.72
0.2724026687820933,-0.020620768761434,0.2385526174514552,0.5943879119026361,15.813880559066863,7.971938598849425,1.121629270290225,24.01888466853893,0.4938297185247392,2.7255663240794563,3,0.72
0.20416358613124105,-0.02370504857860079,0.1542508843329369,0.8663149652468851,30.778156149316956,-10.006656681565776,-3.081995309295139,15.746674989930973,0.3104865880548208,4.472176066201245,3,0.72
0.15209748251683908,-0.09901587599993271,0.23326462456477737,0.7573373419303707,4.13444427099372,7.942940411369441,-6.460511253915128,32.038886079526264,0.20352500990247097,4.659213716131653,3,0.72
0.12441601571348396,-0.025010665247331136,0.21144250015306953,0.6733587102071599,8.217882923795882,4.570054959892596,-2.9702777681521484,24.759145394681997,0.3748586971442752,4.192923775112478,3,0.72
0.22929735369557136,-0.054320802617693675,0.16060254278367891,0.5922601790849564,4.679567666338135,-4.462814467161193,4.339748473921053,23.43605756604516,0.4492538245751052,3.913880823863667,3,0.72
0.2240035186359597,-0.02967715792109461,0.24915578805441574,0.6946733977268889,12.923430964045728,-4.8534762652026755,-1.839991145119576,21.086931259072344,0.42946933829912726,5.180042101187224,3,0.72
0.20373686081292613,0.0018004229817429017,0.19857131179212123,0.7965523943229174,24.004240789423587,-3.1980896592326564,-5.491311760065422,19.135048062032027,0.44937606495640403,5.05590913511081,3,0.72
0.27048892395856156,-0.02833286689807507,0.15958773263539083,0.8332179983203085,-12.948612792291591,8.682123472395073,5.340177255776584,25.768121323707984,0.2778710297418288,4.910107463495072,3,0.72
0.21477181746364576,-0.03130988008459515,0.2787262071206028,0.6359336299852215,-1.8716015215497759,-1.896640145937285,-3.7935613764077303,23.017973821458675,0.34406827151734287,2.636455670014256,3,0.72
0.22687998235321108,-0.02408295338289217,0.2169301743454929,0.8228645012830826,-5.650204692625177,14.228965499132011,-3.923491458816632,29.24650434964645,0.23927660720418098,2.8773458935099674,3,0.72
0.23573840942205693,-0.0035663960779166726,0.23883917905142155,0.6455636806468897,7.566023727911309,0.00513755963173826,-5.451184656886623,22.512798335233207,0.4039271070810839,4.617523635876264,3,0.72
0.21590880323269515,0.012342506057545517,0.2598881581588124,0.8380764807669401,-6.322049527284358,-16.34423619435588,-0.4367830449112382,13.86892257768188,0.25019219715143964,3.6784608495482143,3,0.72
0.2097865251535616,-0.10146863667089981,0.21070703669538818,0.7358079360640544,13.267169910637254,9.653919712828543,4.244391803211193,23.09291721378999,0.3622231288753124,2.5795703198737234,3,0.72
0.22109005799464537,-0.013215022854098734,0.20792937130056233,0.648135776883974,-10.24281747791736,-4.8007995676740185,6.407355729406693,31.12218706415581,0.21100596821704015,3.2589542674540053,3,0.72
0.22325180881092652,0.027163547355181377,0.19933811361919107,0.7169344204993526,15.683694905447023,-3.1553133705816734,0.12429216751411849,20.344068635157477,0.3346559086237779,4.923594556765629,3,0.72
0.22499469591798227,-0.0861192104041405,0.2686066620685541,0.8738520265923053,12.683110314997304,-4.45393742724707,-3.551502788374425,19.49435151344153,0.24521489898348567,3.997472666620223,3,0.72
0.21353557909380408,0.0019401427896120135,0.17077280175904666,0.8169529417863264,5.91346668713794,2.772827279527279,-0.2600586898422912,22.43161518204304,0.3201927253001609,3.8702004481945744,3,0.72
0.23616727187072026,0.0360484541194622,0.28119675030229263,0.6727974284665144,12.035155887098568,-16.18681970361543,-8.415721597742248,21.869908920683407,0.34236065428375223,4.210620710669228,3,0.72
0.2606257819522,-0.015650169903976604,0.20118509804253082,0.5451028902239033,1.778389642288209,4.101951868807809,0.683069901714493,18.37996702818012,0.26726630823823805,3.9865843706396356,3,0.72
0.26492566849232485,-0.029095334684786422,0.21801368452751968,0.8011091223765179,7.984966572306273,-2.072205270873865,-2.46758261273707,31.89692947568202,0.4598242527422356,4.1483983579145125,3,0.72
0.25962681361861856,-0.009903969639555645,0.13520508416269852,0.6344340384358486,-0.5230712658060757,3.1666081868538134,-2.0718878861777505,21.101532413377633,0.32043922330216923,4.669123292948979,3,0.72
0.24814983369057267,-0.06724776760933351,0.20561430381966042,0.8355715513196569,9.199140764004728,-3.3720383587021625,3.658678597321581,25.31149681223829,0.4037979590138421,2.220545240517626,3,0.72
0.23629180034456604,-0.025967510934431264,0.22635868313252525,0.8081819491376332,17.929661423340647,2.156716194046868,-0.4171932412628202,37.49231952562711,0.41615027593037435,2.579280149313851,3,0.72
0.1926085274263749,-0.04720052544741017,0.307201195534663,0.5540700215471177,4.202280289005516,-3.797129205372379,3.373208523579137,17.449525317184897,0.2237464146138038,4.555068424709546,3,0.72
0.259596433120571,-0.058233318930296624,0.2808780228239024,0.7021298957272919,20.576651727475085,17.552274170991783,-2.279146014793364,23.642340421648914,0.39866555828391737,3.337876414394194,3,0.72
0.19261025360181247,-0.014113171852331524,0.26591739239141193,0.5237362106982091,12.381132018474126,2.5235005057502797,1.675314435293845,27.131624897907344,0.21531474912479193,5.430915454833357,3,0.72
0.24067404282455382,-0.03692278717636302,0.248919906003924,0.6537496080561196,8.687779335553255,13.007877394907275,1.8996947890941367,25.21755650951669,0.3354087158028749,3.9687081222606517,3,0.72
0.22074304146505921,-0.026137529071611224,0.2894368854798608,0.5659209853109102,21.837073176555784,-11.889300668931734,-5.793593749584336,16.84531552975273,0.2965667049531677,3.0993917655511614,3,0.72
0.28196873647874293,-0.03201007894992932,0.21254682086862348,0.7593890759270236,-0.419654664712926,6.249334393250345,-5.92963482676001,20.25918371589691,0.3071872551608641,4.118828766235486,3,0.72
0.3016895560384445,0.01622357901636692,0.29961195192753654,0.7768716833546978,16.54509230437288,-6.717846252548586,6.17784309113349,15.448802880938722,0.40763703237195026,4.989648342473546,3,0.72
0.21359554364871625,-0.031903728927479974,0.19709825254429525,0.8055785300040785,-6.267728276031091,-4.397773826967794,-1.976110690525384,19.061189315041876,0.182128972995862,3.000519131792746,3,0.72
0.20471225748559962,0.023459964394535505,0.1362348404754698,0.6798565588254057,3.686076551574999,-11.311918405239556,3.6058735150849883,27.972682942284525,0.18127821217219892,3.8914493928048612,3,0.72
0.23590503647773953,-0.01000398294546296,0.2102625965199303,0.6010396775370379,2.6892199368411074,1.1562058182744033,0.2509595794603834,36.59301028112266,0.43633715018572716,3.771150287894972,3,0.72
0.21019675523646383,-0.013253458847298706,0.19871711050481755,0.7538678258744922,0.13219317865571334,4.023861514001208,3.8203843029191176,30.04679864589844,0.24269434931190081,4.441444222206481,3,0.72
0.22251664445056854,0.0017646106548428048,0.279230902108375,0.7571239412717814,30.520994203601067,-8.051441614278888,3.9190841333001165,12.442843669071834,0.1635706489657835,4.211427340222851,3,0.72
0.21071153524399272,0.027499085024498788,0.26849327266391754,0.7086631754892889,15.765665345881747,3.9697879417236552,4.362011240436442,26.29847893406838,0.499940961556667,5.050787397185148,3,0.72
0.2453068029935916,0.0127513862014542,0.14281513633760237,0.8273500532008191,5.023341054597292,-4.571471620009666,3.099345208470562,31.250928496551477,0.19135789699015074,5.131629353326289,3,0.72
0.19930001809630762,-0.010544990792130797,0.15263415313162768,0.6171105468151239,-2.090376624509659,1.0599580704467306,-4.0735880238826505,21.92806344016861,0.39204785837790346,3.4734075305603236,3,0.72
0.23891192957262908,-0.0031862086552896067,0.29189077892771775,0.584293753612654,26.146431365923604,2.4218642528901015,3.0436762932749035,11.497218523787366,0.43783213785807373,3.2159661811346623,3,0.72
0.15252241133185715,-0.027921016525991202,0.1602200981087698,0.7902933906436698,8.721696611574068,8.431327225844523,0.9626680231324959,25.609382634728725,0.1696996079770939,3.1628156357869264,3,0.72
0.2437764053632233,0.027461022131239545,0.20770951350248357,0.5512169318416783,21.478989285926048,2.2659922762889044,-4.735617155171945,27.439741817933253,0.48504685132637093,4.10082259319898,3,0.72
0.22285780394350016,-0.008722785704380792,0.34251346501230073,0.8573542030866405,-1.2304815399080287,-3.000037280007432,1.553635081508143,26.519967545300116,0.29475992074054247,2.905862231173122,3,0.72
0.158639776032855,-0.003110632023640973,0.19449481306652106,0.5389301406088055,6.715798715628368,-2.3279880184716526,-3.840342980375905,24.086203845214182,0.402088653394603,3.110544864274299,3,0.72
0.19470772783223483,-0.04466815545741788,0.27133852588508234,0.8490224631454482,6.97769387966127,-1.3673444319078654,0.9410983596871391,24.761569373058304,0.23398679714142712,3.5151173628758796,3,0.72
0.26916860662831116,0.02907486997917585,0.2183243645406729,0.805409620306158,17.69310806731467,-1.3576322514790007,-2.3845314576671197,25.720609957021956,0.2964562215970623,2.803815033322167,3,0.72
0.24592060059392562,-0.025680021360505227,0.26018950530282703,0.8238424322418767,4.420291711147588,3.1091981481152313,-6.320351972949049,23.804586697021914,0.2468492047427438,2.4864389377945546,3,0.72
0.16299553771713207,-0.020942715911828554,0.2457695770558216,0.6296740281227495,-3.400094195613727,-12.76461146067018,-0.47533946446850006,31.38020527567634,0.1710747061597095,3.9088685929652627,3,0.72
0.2256968780078801,-0.0413038420146707,0.20416267451835057,0.6176077745292041,-4.911874931610448,15.537147475814136,1.1170526182465699,26.882630289534802,0.33420359643996517,4.764963443399749,3,0.72
0.26916755766820516,-0.006294938630380442,0.25052261510827667,0.6220549915735392,-7.082579659863841,-1.8980530097888464,-4.719880769469235,22.61416833478529,0.27663653271754873,4.70048595017623,3,0.72
0.2380054253666729,-0.008212498001332029,0.3123212985571567,0.8560580628507934,5.8942161192128655,1.5830306090368282,6.817974308103596,22.502394564044728,0.25070672784264647,3.21709330150453,3,0.72
0.22404042746094854,-0.05474742720072037,0.13749243052335408,0.641517858988521,16.701393369261275,-1.0011446616163628,-4.09484079203856,21.635176403863912,0.20473694118471372,3.335186503704594,3,0.72
0.1688528573598165,-0.00966128139350902,0.21016430046512552,0.8566904924595244,8.863059617275958,6.152930385533057,-2.757066906229351,18.912101841576117,0.4376413160838728,2.245353270704023,3,0.72
0.13981139474252974,0.006747624039996972,0.21882005243216662,0.8274266707007982,15.132223806307314,1.4572788581547462,1.3254636455972486,31.321013068310652,0.18448104204058144,2.721467567855161,3,0.72
0.14855395945220648,-0.019656636413360462,0.22410929584098907,0.6220724996598272,-4.66728531096321,-18.40283451766794,-1.1707482547092811,27.784501815160098,0.34943007534515963,2.8572503817538895,3,0.72
0.15947909464009513,-0.09969076100645365,0.18568801025932485,0.7168518131284074,-9.405487646567714,0.7945312018198041,-0.7615579276417999,23.02287115036113,0.3036707922110041,3.0313543467972752,3,0.72
0.27873856914497563,0.00526951123233101,0.22139895211252053,0.6647575602821523,11.802629709497502,14.322665293416119,-7.786276016237563,24.55998236776169,0.1809825191842015,4.861680641225953,3,0.72
0.1971556935752261,0.019617415193267176,0.21150580310201123,0.7251803658419816,2.4283668360638258,-3.3956572331305415,2.96574172641456,26.91801661130265,0.377976311972026,3.507215900279376,3,0.72
0.2009046257492272,0.012658739290516061,0.20796681691077087,0.6535119595916897,12.217582144575106,12.05401766010317,2.0949801821647096,21.398112157292044,0.3537279401024457,2.4092430700739635,3,0.72
0.10807074526853924,-0.0011155239420560827,0.31186583171309357,0.7123908095552568,6.090072601717612,-12.939239453137764,-7.095610597288129,27.2536222588136,0.36335705053269973,5.473274907171355,3,0.72
0.18281545336232402,-0.056028812063916064,0.23300609790861748,0.6848946840525725,-3.2552648020592443,8.54300145509898,-2.723659577826259,21.760509848737165,0.43468780713466704,3.4923922654664423,3,0.72
0.2486281616361187,-0.0672556260492141,0.21647114585244448,0.791247870600144,1.0300821685832808,-0.6949379135498662,3.8337094653104664,21.814078749354195,0.16716038597634547,3.8559762090089302,3,0.72
0.19041366943211868,-0.048254480363893834,0.33339852557026745,0.7172072063299755,5.964805741590758,7.746155467584388,2.1341089337114694,26.683786970190912,0.2685909505094824,5.400354222167805,3,0.72
0.21177959301522403,-0.040439469496596187,0.22616247986770616,0.5607449360554367,9.241696650952527,-1.6297949940799228,1.5344399156074993,17.57885962350023,0.19069958774936907,2.8019016738063622,3,0.72
0.21052988633958186,-0.031828025583800906,0.14988645540848078,0.5958674227070979,-4.283759075195928,2.912772226815489,-1.3094973049999963,20.93830169080763,0.3504630753125574,3.88766324652875,3,0.72
0.1721779488586033,-0.051779284264220043,0.2793581266482156,0.7280617958413844,18.872535603399697,-3.6895330352970257,7.8830692203160275,23.233695258636935,0.479798109754617,3.214718791862147,3,0.72
0.2652204347385488,-0.009434011478548134,0.2906183273604171,0.8771879732493123,15.002083220233757,-2.522513150940346,-4.938180603055477,22.59798694252651,0.37156498927625703,2.8315409213326803,3,0.72
0.2091355897336161,-0.007356765753877946,0.23698052754309673,0.6410506131216674,15.774694346095233,3.0289987264186022,-3.150365123701676,36.11426209960526,0.2560824722055426,4.356434385852017,3,0.72
0.2276794890249131,-0.006278939995493029,0.14463469991555927,0.8124694093941418,-3.862308489002066,8.187356731021541,0.28777616023638286,41.21962880007543,0.40219377633707154,5.096681665144756,3,0.72
0.26736928027821316,-0.0022396000301332687,0.1888826407524385,0.6201373343810072,9.025636197016428,4.573391663006592,3.4278167757287377,27.493707534744164,0.46725512847428097,4.35536146991935,3,0.72
0.22827065998577126,-0.06348582176932516,0.25318999923750696,0.5383128904415249,12.473037889393328,6.300284305881107,7.674010414192124,35.76986717415861,0.24658419482399027,4.855599666021479,3,0.72
0.14733467723629606,0.014611054097295632,0.16458880813184545,0.5885933633589365,6.238850437568972,-2.506117246550161,-2.370374449320733,22.156494609919665,0.29608304887022463,3.2232538402978133,3,0.72
0.2487341591127259,0.02485418022525541,0.17882164552756707,0.600891547427144,-0.3439385950962741,-0.9386610738407231,0.7750005502064716,22.466505141438258,0.1890449618880713,2.4261014087421007,3,0.72
0.15677566641545196,-0.08095034102696798,0.20577717273313953,0.5551343376286236,11.561324931572937,1.2278198086142886,0.7745955183081888,17.275911395627233,0.29908247178569347,3.1813671864985387,3,0.72
0.22380683983520755,-0.020115796858127925,0.25861861861795243,0.7125673597269006,2.8040337385091023,-10.988288616329074,-3.8426061314171367,23.26337602557535,0.4542839626103202,3.045624742302386,3,0.72
0.24883320964991257,-0.06318385900969359,0.23793820424997586,0.8678557444237549,0.39740413469313385,-18.67134412690376,-3.5400552385206483,34.93185795237141,0.29686538288390285,3.323886748368837,3,0.72
0.22510984103782108,0.017979422850854552,0.15523615682241734,0.6875328314709392,10.221954252561797,5.54818533002001,-3.8693177272175516,16.24211383979153,0.4069178496048801,3.144760318084902,3,0.72
0.2521288426911405,-0.013539885922745198,0.36981393015493025,0.7934703083846981,8.703188243047858,0.4186714161652143,1.6813160201866133,27.028706185549616,0.37278039983649036,2.995921360293921,3,0.72
0.17176392430940876,0.0076152372387197735,0.3258750221274489,0.5857632469513804,-6.04340082140093,-0.9681202480842492,-3.3079846918395805,18.16145323832223,0.3971832154699687,3.841043245493874,3,0.72
0.25180463598900993,-0.027552052795017924,0.17188063276798823,0.5822528178138893,-7.890716435151251,1.202322776167789,0.7259771782499146,29.676729758770662,0.4589596096097286,4.492322154013547,3,0.72
0.1704915801931046,-0.023225100518696265,0.3085179384996366,0.6090440484856006,1.1721329151649051,-0.6005828275643866,8.840588022145022,19.58749883266931,0.3471613145635688,3.5413394975078147,3,0.72
0.16398738480920863,-0.04437222172830996,0.23656280045438335,0.7494722700289751,23.41499260134686,5.320862373346311,4.003407547724715,20.6334312925205,0.2608599837982315,3.581786797186379,3,0.72
0.1700366000510419,0.0004232749043072276,0.22123702420795252,0.6413955100219727,10.21757893600806,-3.803795363143475,2.1522161365569974,27.114151704882673,0.4753587301389547,2.5912121044245318,3,0.72
0.16586323033881242,-0.005411772203987924,0.17219717494718648,0.6292655828293436,7.880971154346765,-6.252812647258679,2.9223844182589414,15.775836726496411,0.30975616349705887,3.0047151955733433,3,0.72
0.23052061362770496,-0.03236785633880434,0.20772877487963587,0.5945850832251267,15.730160248513831,1.4772847428048992,0.6585012038837936,21.44028879992497,0.27106312292893,2.3297307597723456,3,0.72
0.20296323528083793,0.006642259934224935,0.1628373838254228,0.7238247389188475,-0.36671524527979216,-6.07178013271186,1.4449772246548374,22.266377141989135,0.3638299187970072,3.8786371516995892,3,0.72
0.20340811814812668,-0.06703922399000228,0.18886296446769557,0.7527453662543839,-4.563860979950524,6.6562920209110565,0.9546331762927949,18.069025952666177,0.20925200972402946,3.7917033691005644,3,0.72
0.2568913514467545,-0.011651396139990272,0.21218711288862246,0.7537052389546747,-0.6617379555519118,5.150280381939005,-0.5987965414471196,18.62180330826708,0.19941694868470236,4.882638458334148,3,0.72
0.22685173630984734,-0.028482378383172823,0.13843076548751715,0.5868261318404729,7.651926858458724,7.939064270234874,0.1663539711783439,32.078530349692144,0.3082977299627388,3.7497313557801046,3,0.72
0.27412889974254584,-0.04387360446854027,0.22902081635297056,0.5919836630938999,15.211334492332774,-4.821648158081335,-1.3644097802016866,24.99541179890528,0.26408645772570183,3.029289494044546,3,0.72
0.2599676901451955,0.04892812608086411,0.24647350699743156,0.8506068970260402,-7.122043177450934,3.2876007690076645,5.823543192080974,21.223906053556945,0.4020039053371004,4.669770825565619,3,0.72
0.2317629654458337,-0.014895054684902485,0.23864980131511296,0.868379010646931,10.67238048642659,3.5678683895605547,-4.235533884551917,30.942180580199082,0.3418439473144121,2.3819230219606906,3,0.72
0.18245475316675613,-0.026082538701217236,0.24136336303631367,0.8285131393191909,21.581465892789574,13.200560638822028,-5.78694823055891,25.614357428822885,0.23515605532014597,5.333822281079937,3,0.72
0.20152482078008765,-0.012439577466695075,0.3128157527065065,0.5928452774811304,11.446538491493978,-9.55747729116419,-1.0139433661442059,27.70412276250772,0.19252801048166013,2.6101878308619155,3,0.72
0.2219796086935304,0.0024079073938772337,0.27744373792319194,0.8535949120968526,-11.055284791768454,-4.463439908257259,1.414458622486204,24.302546298438354,0.4873401649101202,4.759484633272942,3,0.72
0.2616149884718815,-0.020058840176759376,0.3512288419645099,0.6193981297702063,4.38244430224367,11.436521545345581,5.864221056351766,20.979919475936107,0.29886152370945795,4.556270478923835,3,0.72
0.24717244723380183,-0.02096085934420686,0.182276393917431,0.5980813857962639,0.3886916320269753,0.04864985641037074,-3.0050245762812278,29.65817702659197,0.1748631277388568,2.8261966402616086,3,0.72
0.264862943313753,-0.001969394071056823,0.321564512447638,0.5853881758629503,7.7526713421354,-6.503209844800363,-1.839478830135783,24.664097506534134,0.19826191271837965,5.276560889912737,3,0.72
0.2487126973711882,-0.042934284150286085,0.1589931144695202,0.7237236281140851,7.2849993714600005,-19.160820559120587,0.0405374281353186,30.876008249176977,0.49833012400846644,4.397251552597781,3,0.72
0.2199037897861289,-0.06389762951187991,0.18158568411245596,0.8593481793039853,0.2720731638909353,3.7413649806560314,6.102423938962124,20.9716029533004,0.4780923195771427,3.351073880569449,3,0.72
0.20217748764001775,-0.005431365984113189,0.16909140024975444,0.6071244165986844,26.191710517517212,-6.023975449101127,-1.5385003296917723,19.212839200272597,0.3766973956689647,4.311213667666268,3,0.72
0.21132407640838377,0.015567814536354165,0.21818528750130162,0.7268934083714556,19.597873225382234,4.242563624201096,0.9793190812417274,32.947873016188616,0.35749020998638326,4.748730949714568,3,0.72
0.18385095223145587,-0.03103397557703026,0.23775344818218436,0.7260854492279505,10.46800585495572,7.734996435210652,2.9550225461654116,26.399652254419642,0.238562848192989,3.751432487316534,3,0.72
0.2181042052678098,-0.0033713370498012728,0.13272998744940168,0.7970821968618227,7.770487551605141,14.607679440285109,-3.5787413736455713,30.58053485998311,0.40734387088556845,2.482922722226183,3,0.72
0.23169515956487682,-0.026984290679421232,0.2028109480200806,0.5441135470033432,14.71644823876057,-0.04837871004080099,-3.6785524447996734,21.05223862243457,0.1734289493037631,2.558513808332872,3,0.72
0.2090641319177006,-0.0023735444774664743,0.33061803380838384,0.8669426354338954,2.6102329004214937,-7.83867622026427,-2.1812025270937854,14.6841074278153,0.4325915229983124,2.9902050822525705,3,0.72
0.19414954384493752,-0.0014662694890886369,0.24642726679063973,0.6383373951899943,2.2510844562677432,8.744041624683637,0.9407831169326416,22.763498868426215,0.2939343254149609,4.08375142892737,3,0.72
0.29709169609665126,0.036263518252680024,0.18141080021827605,0.5801919936081192,-12.365219307673787,-9.347683173591466,1.9224256509684705,21.816451626705852,0.30086181660229294,3.2100175047109865,3,0.72
0.21609387206056016,0.008179863479255579,0.2336842662266831,0.8644559260331595,15.392414442679549,-9.981374919884804,-2.327533700848663,33.991684896651854,0.3216150993384582,3.706062290557184,3,0.72
0.17266252318376007,-0.01786945057174218,0.2174261775215281,0.5725485675067403,9.061233473529818,-17.15224111256721,-0.7628475791991303,16.860449352830923,0.3749146367000293,2.3853652739138282,3,0.72
0.2550424239070078,-0.04205056087228852,0.34297429333944807,0.8034631343427765,-1.183197546585303,-5.418706526013308,1.121653160044529,22.37712989218001,0.3550616306725234,5.340511980249973,3,0.72
0.16642719049863966,0.017223328593354872,0.1789276333336268,0.6107281680857427,0.9118925437418923,-8.351405010935595,4.399019795036204,14.578528552093747,0.22573685704603041,4.301311356258701,3,0.72
0.29165014412515217,-0.007924373892331879,0.20196634679422548,0.6929846444882575,9.522043207967002,-7.001450816883616,5.999271724882885,25.504944673869698,0.484277333426532,3.215325443185686,3,0.72
0.20010515928984288,0.030528381869079777,0.1859270988497656,0.7220228305128458,19.00457102272385,20.353714813898723,-0.006403775334905912,26.38584164147808,0.3868542624156147,2.3540490456349,3,0.72
0.1963487799458389,-0.010660355654448317,0.23558176425057312,0.6937492269602081,-7.15108347305258,12.182545022050565,3.5809969553597667,23.74280994937803,0.4815530411106931,3.671367508902139,3,0.72
0.17894564594868884,-0.018847910579624177,0.3315788224311919,0.7667019641834802,1.8965922778146567,15.921151345560679,-2.9313748697326445,29.46795938356091,0.3142469270456525,3.091511131270568,3,0.72
0.17245363879642392,0.04232394806966383,0.23194379736607404,0.7079035391605006,12.315983741349676,1.515548495840193,4.58764381465337,24.63810411049694,0.20879844421514673,3.1006884014000216,3,0.72
0.24209391974274833,-0.05303129726546835,0.26206292535319203,0.6212036667007499,9.908359295511485,1.1083906922200006,3.4277853055447762,18.08826522850633,0.36649272426522395,3.35509591418837,3,0.72
0.16582849045991027,0.004893294761399776,0.22673505404190056,0.7696986869532634,15.578293501456702,8.984180062427637,5.097286532026205,26.592922287146763,0.2618898937903952,2.34306066744141,3,0.72
0.18211019802729247,-0.04039361767230884,0.16605178578376278,0.7655387426647275,13.90783025096848,0.09984457072179856,0.9763938827066369,15.165919540271204,0.18951248033784923,2.985861148331541,3,0.72
0.261043607056235,0.03810424449039003,0.2434064835410121,0.7676087283796028,-15.474320626933746,8.713038848438964,-5.159088036976919,28.743692112943663,0.268764485588908,2.7369050444586973,3,0.72
0.1286562774792594,-0.007260774141473504,0.2116206827319328,0.6090734308575113,-4.940433768256343,-0.7276372627126821,-0.43579945046404667,30.68860065657333,0.36833376751086366,2.8861965367807567,3,0.72
0.2913953957117375,-0.0636968725248524,0.2186622372773523,0.7118587356718589,10.315724599369688,3.8785295286613084,0.34906629079343215,20.73742582366268,0.3942276540924039,3.9849199440441305,3,0.72
0.19918318502949992,0.0060239766811023485,0.26065543878336733,0.5239817884368129,13.867760259056219,7.93863938146746,1.0565854926003388,38.07811122185997,0.4002877520675938,2.388744517577967,3,0.72
0.20205362352764714,-0.005034844408889438,0.2694080008829478,0.6279099060180637,0.47565978111336804,14.069749948807665,3.593113460923938,16.560053497618952,0.180300266589752,4.806269287332511,3,0.72
0.162097787466812,-0.016344044869523563,0.18492559658253035,0.6659029341162422,15.444520090708853,-3.411890838301184,7.288605522409802,28.149461794666216,0.19463168969068195,4.55397347106321,3,0.72
0.13766032706110312,-0.045654448136593306,0.2520179823927748,0.6643247389219465,13.328280688525176,5.731648710355086,-2.455968847261114,30.400375768221075,0.29257896721650717,4.577524364107834,3,0.72
0.2672604755015275,-0.015804237535696996,0.16798409462670566,0.6440579258979724,14.024292256866982,-1.8594786534893204,-0.7985716827390984,25.757119121727694,0.18113469822612283,2.203656486560535,3,0.72
0.2973111655430564,-0.07217611932357244,0.21251296357329486,0.8290378256388079,16.460549581545223,3.6739223836486183,-0.7918080972946742,29.48987074551475,0.31715210702049057,5.4268046756857276,3,0.72
0.2404685545951653,-0.0036722591098022374,0.13340051691901567,0.706044006640409,2.4314523384455686,-3.623357757693586,-7.200973151301566,26.325908400119896,0.2424755251535639,2.5490945733903736,3,0.72
0.2472816606418653,-0.04255259312384285,0.23103102951364135,0.8749198514616792,10.313524993194516,-1.1741087069731324,-2.6393283117061572,23.53416821376025,0.424720764256763,4.798455748745469,3,0.72
0.24031478894238895,-0.03425601106317039,0.22441273315612442,0.5476760206581717,8.57381358612587,4.590737434078516,0.9493907775557937,9.00783861836491,0.3846575970148135,5.043497751297066,3,0.72
0.26711390109142163,0.005459192325499167,0.25454093962723245,0.6174495202234095,5.839349610217349,-3.092972321109135,-1.308679851396717,18.365141762899764,0.2213710688153569,3.546450200778435,3,0.72
0.2723488940875406,-0.01600210334857981,0.20934923896573165,0.5266387335121254,7.793142645270297,13.795229160948818,-1.2915888526169517,15.017484766771465,0.25239873078214076,4.509837549177334,3,0.72
0.16030357669038467,0.025783249902271186,0.27834187425801116,0.7426980130944012,13.828788835474057,-0.9589879301420426,4.247932995826577,24.34903760317548,0.18379244471261955,4.590061547284387,3,0.72
0.22627021173849177,-0.06888885392813818,0.3197498997892469,0.6083243343453505,1.3406767492174305,-4.5405034119347665,-4.551535944056979,24.86219691015534,0.24387091408532682,3.9505224703386856,3,0.72
0.24493327112702148,-0.06757808351697017,0.1771439251253067,0.6519595551814374,5.394491524084374,-4.0367612532181925,2.6782469145598875,20.099885694539378,0.3418384623795522,5.005324004422589,3,0.72
0.28275954660430364,-0.021797053267644313,0.3449039829595771,0.8078158241508715,1.930910503784455,-11.80093487383708,2.6596225766603085,20.071417966293307,0.24475489227863406,3.4903633658816897,3,0.72
0.19702572029899312,0.012593304084462024,0.33057502370540537,0.8205238256489551,5.279278824818663,-6.637622457036999,6.513699790524314,20.899995590068354,0.47429807579764827,2.536636168931793,3,0.72
0.18668598724736535,0.014419820902162369,0.19649661307802668,0.86486094831997,14.958734011785587,3.4632656007422544,2.6399253854669604,22.375898789569284,0.16137497054645897,4.61996201360869,3,0.72
0.2901654204315186,-0.04144562596315021,0.3084618784371643,0.759242672060948,21.63615252729638,4.357284054619221,2.7452897228486233,27.28964567583424,0.4487295845775138,3.244127987659154,3,0.72
0.27031214555022215,-0.038012368102687676,0.2033316903602222,0.6305641070761426,-0.3386359183167773,-7.691110851831331,2.0763710292800064,17.415532002878635,0.2351679098214399,5.285179312828968,3,0.72
0.24267060942688806,-0.08178548582662931,0.2542308871962634,0.7948323735960536,24.892824323175972,-15.037794070333769,-1.270253298481033,14.982664110314143,0.36530615954219225,5.411800759109818,3,0.72
0.17631274074954706,0.04520526889886943,0.31457572265445,0.8243029540353608,0.3670339965892744,-10.44009889289823,-2.4675178914893143,25.111501094367576,0.25627994923659947,2.7039926693409577,3,0.72
0.13962109296998687,-0.021169506653060447,0.23116436869888005,0.6536966456378035,12.226053943337671,-5.847420290431215,4.951609751456421,14.763839112838015,0.381456080886805,2.316963987124741,3,0.72
0.23960289938017712,0.04460773840611118,0.15286502453380346,0.5755929320619997,16.263730370437315,4.21970184689455,-2.013020579794585,15.680316423539393,0.3653475507732931,2.8189786943576816,3,0.72
0.2362737548895729,-0.03951586122837126,0.15880940583595116,0.6385044859432806,17.26945540384741,-7.368439395208128,6.7339698619292285,26.040944829511172,0.35675083068172814,4.000599819096124,3,0.72
0.18224691962424122,-0.06859833838453427,0.2041234977182128,0.7615201011143505,17.08790690292838,8.866776795340327,-1.0792187059735958,21.236454711190017,0.27992911618293626,4.927439756562629,3,0.72
0.21783856746485578,-0.010860008573667958,0.21728721130881853,0.7790079192077803,12.390081023131446,-5.479976092863482,4.566466734673426,22.88888272854868,0.4546107307607964,5.103448596916063,3,0.72
0.27805773585887306,-0.01343431640068342,0.16258879973122498,0.7981232925059469,0.8145079434477838,-7.77537022459859,-3.2723140417653895,18.12626191507986,0.4749075816921947,3.6306895587958543,3,0.72
0.16829240826290942,-0.040184160697515965,0.34355830615865696,0.6887184513523655,3.8692769491039556,0.24505126758791293,4.270772014791622,18.637691469431992,0.4883553446337704,4.076857576616368,3,0.72
0.2076188152570189,-0.05927224173972277,0.16981219257631153,0.6142847861464814,-2.6034557682804618,-6.924111987747462,5.196031101534914,33.32259219387532,0.3430933413687369,2.5192265533926,3,0.72
0.24492599476500712,-0.04538159359236515,0.16372037548340407,0.6352179894240505,15.291988925812792,1.243395910891122,-2.9013654612829813,24.323072803443598,0.3598428339682461,3.8003549186824532,3,0.72
0.21004794983309438,0.0022058774663425845,0.2546169232287144,0.6985070690559535,11.267453535512871,19.55442376422671,10.418243644964338,20.48165484041504,0.16361477427962545,2.8127569949240026,3,0.72
0.19888767378818473,-0.058572009977298195,0.31831530843155115,0.618024091442077,26.55797873325767,2.294365644146285,-5.557900644453853,26.01256569447788,0.3983085953380782,4.3574999292291245,3,0.72
0.22750796848185062,-0.001866825356124674,0.2450139500055287,0.6346888830070941,7.354273701484601,10.528306549029162,-6.260894720879502,26.632491189738936,0.37769779150284166,2.31764278926342,3,0.72
0.19285495421923543,-0.004969979952047553,0.24327698918967033,0.8414731557238055,17.543738959957416,-7.451305972880213,2.7892942353877728,21.03712555075838,0.38720969692172125,4.695473174640827,3,0.72
0.2605201496116063,-0.02484103247604336,0.35915909389121525,0.5684281680982434,7.075802574595528,-8.874449459244259,-3.8292131335956796,19.051789245851026,0.2567334109806613,2.281526398073485,3,0.72
0.1925152479909935,-0.02103597502334838,0.22967755763841735,0.8584862398358346,16.51689899589973,-1.9595199815070234,-0.8166057701909545,17.38629488432243,0.1531181830445127,3.1376629679265164,3,0.72
0.2551426672984137,-0.022694400408089788,0.33267834511757755,0.5809221526102328,-4.8367494260974375,5.429261066848107,-3.5683887709114024,25.86151775349798,0.20305819528634086,4.430546125681786,3,0.72
0.23084785984950282,0.034317699852938116,0.17815714881936548,0.874473221299064,8.701404274805009,0.663684279143423,2.822644493474203,23.685158628249283,0.28473699857562906,4.604104860303337,3,0.72
0.2544263683486998,-0.0030747408440295713,0.28012535159591434,0.7368678259999301,8.27311615061728,-10.824111303629381,-8.140259794635897,24.941386334381008,0.29843474657105284,5.078183005604998,3,0.72
0.29514317595783834,-0.01506521915190883,0.332191225183323,0.6769359039001759,14.399358597589242,9.509079059673612,-0.49573664044527627,30.288961437715976,0.428713367761818,4.098100716515619,3,0.72
0.27998583575612523,-0.019450815715581847,0.1876440681264474,0.8453683295605623,6.553272867762603,-13.353409116018748,-7.082743432285404,14.382022092465284,0.16742460399437784,2.7730055166201764,3,0.72
0.23431355056665898,-0.05174173679260188,0.16744009057456033,0.792689135070967,-1.6967600283208455,5.424058039234791,-2.0754106921440414,24.842432478271014,0.23648399304243228,2.7078167270941,3,0.72
0.18029698825527546,-0.056420486834471775,0.3839041382255196,0.7115276474027782,9.764853672140017,-1.7892225906465564,4.471701390781987,22.55564598311614,0.29864115373103745,2.2715600440932664,3,0.72
0.275396674149299,-0.06720494829325745,0.11890850883380903,0.7188859521500909,15.707944139744527,-9.66156285463899,-5.691996926849028,28.793180107114004,0.18406042139336115,3.157001365549533,3,0.72
0.16216661418683828,0.07758063402176489,0.2382792323236533,0.8340326091177003,11.46667655480703,3.1508953320463875,1.622422430275814,29.457097732367025,0.2331309091120279,5.183860993920576,3,0.72
0.22276243017464978,-0.033002625332483576,0.23940011055666552,0.6715290770145065,5.108323650824273,-0.006147518552394049,0.02991163483822235,28.644444213214094,0.4581426165851542,2.542361087294406,3,0.72
0.2558773411594023,-0.08000737601069545,0.2859960455961611,0.5338344187117011,3.667192190338935,11.129825024580184,2.5206748763257423,24.84434698820075,0.20625005528484175,3.5288856154207586,3,0.72
0.20656301203293922,-0.08322451542248382,0.15168574375065355,0.6937521681557213,12.375667833304203,14.577461111494703,-6.098203481572147,25.78603065601913,0.4289544513456861,4.148363423307697,3,0.72
0.20365282638867152,-0.014382057857945024,0.35862604895196926,0.7835333238644219,25.60567066851984,-5.6563395550579285,-2.633174286662527,22.557351489248536,0.3337962934925649,3.7482027064647614,3,0.72
0.2678542607179637,-0.020027968957738812,0.2617385874676258,0.5593432838963597,4.976314491804546,-2.4708879484856143,-2.366592100762304,25.84890064416238,0.4953857739934471,4.362347217745679,3,0.72
0.19696727101126696,-0.00792854503135226,0.2645743847630061,0.701381574276714,18.85369671698202,-13.62619252358766,-4.214667305226916,23.997952753072497,0.43736799533455595,2.545616693932119,3,0.72
0.17914000918068906,-0.046698475514550336,0.24356831873366697,0.7630417179902793,20.353185933527577,10.049232562702404,-0.6465564670015826,31.35717915559294,0.44697783783476197,4.909694813201586,3,0.72
0.23541919963324742,-0.0708164989837315,0.17835013340946065,0.5351528781424917,2.300412808166053,6.540415418276035,0.9453795291641367,25.438313353008535,0.28276896852816846,4.239858419973368,3,0.72
0.2055799895129951,0.0034641331307139513,0.22785154691836193,0.7256260154152918,6.032607807847016,7.80671194053815,2.479718352687938,25.73474036488438,0.2160181282057466,4.201267854060638,3,0.72
0.24535940496926018,0.019912292428945922,0.22822780573601223,0.8108032721487619,21.562965175129406,9.897564355583292,-3.133545709605932,23.039128850653977,0.2614891596862142,3.8029341113996358,3,0.72
0.19856884462661267,0.033981379283755164,0.3041102378872475,0.5793379485872991,-2.72101585114131,9.81485540283025,-3.4144614097714663,21.693952496018724,0.38674711484777,4.168958311613221,3,0.72
0.19249908489754633,-0.0177904078476572,0.27706607797381405,0.5421260683878232,1.604065866756759,-13.288668040610869,-0.716741326257864,17.35941662123157,0.34079816731535173,3.6957281553117367,3,0.72
0.14955574379504932,-0.0609609955472894,0.2224077790743515,0.7796660632957311,22.07981541837692,0.5849415895578661,0.6461172882797271,24.966032868023607,0.4931223968721493,2.9068009314655043,3,0.72
0.19193971439531363,-0.0370391583813243,0.26299638720064816,0.5362964972624584,2.8948095596288645,8.442872207041356,-5.8498255938352,21.623866347859614,0.23288305789409697,4.30646113229424,3,0.72
0.19903308031120764,-0.01988837053497411,0.25887300090974524,0.7378953888271976,11.86907441356118,-3.6742213796402114,-5.281903716440714,24.64651171351587,0.2682960245734099,3.681942511432437,3,0.72
0.21667372930037815,-0.0261736427907256,0.23453982042892516,0.5317404363895895,15.112392012823502,-4.056604237476212,-1.455798022347188,28.428046330192327,0.2807291756715179,4.1909679757069505,3,0.72
0.2112755702479216,-0.02820157593757428,0.2749131527753116,0.8240665763165492,2.5713888542904852,2.758076518860685,-2.286774084910361,24.737435698985873,0.22913615960986836,2.5549425899636318,3,0.72
0.23335942676819554,-0.010899342466725876,0.189505312936518,0.5649730652421235,4.8420538079704665,-1.6101579493199674,1.9979881257219676,31.809712162141764,0.24310366347973805,3.4637818357426045,3,0.72
0.22445338298771786,0.014798366502589439,0.25146117385326927,0.6602613003352137,12.320837734476447,-3.392624012809627,-3.902816257684772,25.781727037397772,0.3533141404379157,4.4398406963982335,3,0.72
0.2329605731495552,-0.03793285142792147,0.24469479790259982,0.7467285737043026,23.93860108231853,16.88070697637819,1.9919217941036056,24.645228265461796,0.19095037606196036,5.276958644073116,3,0.72
0.24073103185060254,-0.04876363543401113,0.25409082652372855,0.5311871485624179,-1.9660145549705987,8.869661537720592,1.984589294363891,25.43797978549457,0.3809449794009788,2.2592902548805482,3,0.72
0.24151755578503858,-0.102897772252261,0.27110091262891156,0.5652514799309574,6.847577124134472,4.564040889897638,0.16333494914291585,30.407420634392786,0.2806760077299062,3.4449216852576967,3,0.72
0.23676496987358112,-0.02645136713484686,0.2502448253883367,0.8381022747809752,20.834168149141256,11.112528733567913,4.121869856760842,20.644333550145873,0.18707085714701982,4.331603524291831,3,0.72
0.20823393348440988,-0.04973116895437032,0.23134542260349916,0.7363697819744559,12.42107843003432,2.7335794979501085,-1.4801674990577298,26.58994694694811,0.20518232317441704,4.458380562358176,3,0.72
0.23801876678969355,-0.049371997451859204,0.2336205783710837,0.8762708718935648,7.710800542175584,-5.134755985523556,4.981596021021222,22.71695305527392,0.4564174911345946,2.259127224767466,3,0.72
0.13204094185679946,-0.04006058784655506,0.27672296768891924,0.5791254208266993,14.078380323185542,5.218619218315726,-2.8180288542180567,31.010282619273905,0.27943779786024137,2.5733381554326122,3,0.72
0.24979715963659221,-0.031038797916098385,0.28105149282974873,0.5791667748482027,-0.3219878068413582,16.40572828022854,-3.201343110952791,22.363579698836517,0.2615421235133779,3.41389584248052,3,0.72
0.2575047242148589,-0.07951741335659081,0.18760335858323401,0.8240666678886689,3.3866523559653405,5.95633760132768,-6.208850024879492,20.38363392195574,0.46592005003353243,2.6188227392520065,3,0.72
0.21562729015662271,-0.014664890531542425,0.33792768485357666,0.6461040155613226,4.870469270922124,7.410343140560214,-0.9542083833840569,31.848400239276767,0.2507556409532824,5.466573254440688,3,0.72
0.24561060848830257,-0.04311320407188424,0.21511162799940084,0.6690860740978212,16.92384344629626,7.16816445642605,-2.3569074313821274,23.535726639514888,0.30944282283989816,2.794540192760689,3,0.72
0.28507127552700934,-0.0005829991427173976,0.2610976981481544,0.6308959616897123,8.061648936411162,-2.286624048343889,-7.522598741184756,26.552595502672162,0.20775260918817112,4.474103110759758,3,0.72
0.21687144470158212,-0.02939394270277415,0.20469764671948176,0.8566457383447246,19.16740953823485,-1.499972694543016,2.0748039772475453,29.604372304471816,0.3789330759689804,3.4944748572938016,3,0.72
0.18280457022685742,-0.0026235967726460467,0.15574357402176542,0.65112352362681,0.6709245077113453,4.8354572942123095,-0.02167060059193358,21.659371227993073,0.28254384002433364,3.0846773405102192,3,0.72
0.2023115169100109,-0.03485439657072481,0.17177458784495664,0.8566608533196927,5.075990854736144,7.703000090090348,-5.021221237721221,21.322134956583078,0.43052879446802383,4.814510836419633,3,0.72
0.24651386772783013,0.022277263134644464,0.13561354133920217,0.7766653253345772,1.3194778001970118,-0.05593011876281629,0.6688169241754036,13.789045431891344,0.4908941039550714,5.24509595834912,3,0.72
0.2750631848572119,-0.009809416952790815,0.2771069069102525,0.7976422689762963,11.10241288931407,9.070251267252798,9.922726773755501,14.43104914371436,0.4311267688227447,5.199757752605386,3,0.72
0.2715536559818118,-0.0007257802961109089,0.22653417086600106,0.5972714287176127,4.639013721708533,-2.567372327635824,-0.8133597801599324,22.6772457508798,0.21014447344851656,5.347028240525507,3,0.72
0.2450585674249433,0.016046242342073507,0.22078726126633266,0.6787106909354051,14.151161346542622,5.186561701755066,3.3641071933228295,23.139990156946368,0.414017294333921,5.397183654826499,3,0.72
0.244284579711399,-0.05756474691897376,0.27262762444930094,0.8567910660448704,-1.1821106640932193,-0.5581088598712731,-3.38427434227935,24.34769918851754,0.43906252584491967,3.7518473833959938,3,0.72
0.24036498817434948,0.0053212423861871486,0.19707450116066405,0.7158435598464321,9.632778641218371,-2.769363861129223,2.7952055025378373,32.20922279116285,0.26606825580477,2.684830565915793,3,0.72
0.22897757812823807,-0.04709704837013014,0.12348787857999191,0.8454005858356142,3.9073060532060886,-13.403285030218326,8.295612569445659,21.07925595535987,0.28009615688442324,3.564956740012778,3,0.72
0.20734813106928351,0.01288585617413818,0.21084962001976598,0.6305306778088661,4.96152011256531,-4.168821239061121,-3.3220716024672328,29.000405267694287,0.43712630520406515,2.705677418296416,3,0.72
0.23229513844988053,-0.006646027072409032,0.23012432750446543,0.5401158810085485,4.5993981138473705,-12.501916038995764,-1.8588106443688475,20.55652622619385,0.18688956140250645,2.452937921959243,3,0.72
0.18640934455647584,-0.002615143421028969,0.2149473552683822,0.862198172699405,13.886918955781233,5.804857093924173,3.7405366559657316,21.158216826050815,0.18250379090306212,4.62966155083516,3,0.72
0.20917205663231705,-0.05475484908498347,0.24433236301926523,0.785638339756592,15.589525465980213,1.746999235885589,3.8871441947433953,32.14652112699801,0.40642628571502115,2.2207187284033045,3,0.72
0.22609992044570862,-0.010331962022333744,0.1514860825262422,0.7620424057089565,11.91648405629471,-3.135111735632799,-1.2114680871475985,29.28398730920606,0.30271667991289464,3.3518923477005593,3,0.72
0.16992866140589447,0.0045957426404666345,0.19915558912056225,0.8472063036471462,4.482362286101946,-17.780786826115524,-0.48415234468175333,22.63909914219361,0.4288966046570274,5.198561175414539,3,0.72
0.23826263609426593,0.005762386286345903,0.257664527134257,0.5428207504193233,-0.6594655421096185,1.471985096394687,8.859006690551427,19.86832679593556,0.191016047863778,2.3678493054083782,3,0.72
0.26119878599108265,-0.022869421955890274,0.28356887241809614,0.5642075127625985,2.2209395716104865,1.1515017335283095,0.8178945752633685,24.84721453501119,0.2668726583424736,4.313492333460508,3,0.72
0.276006545442158,-0.03464919636756658,0.2587834029888904,0.7167285775303088,7.41794142945755,2.876346125074348,2.061272429015618,27.00811260258985,0.48915495670526543,4.564844391691256,3,0.72
0.19862198896152053,-0.040778630359645185,0.24702659937521815,0.6484728641455653,2.34781345639339,-3.8060221293664087,-6.93671345318098,33.01171212834741,0.4258784500614652,2.529129356600689,3,0.72
0.18018573637752666,0.0130542247124158,0.2355933224420758,0.7216117648565201,16.680920718076578,-6.878752558757076,4.1549849554612965,23.268797617053128,0.45697805179858797,2.2399679289008763,3,0.72
0.23348579069447545,-0.009000002830475931,0.22706621674713612,0.8633125724499134,7.713296295413468,-3.101488857430808,-0.26845141718399607,25.009187311536717,0.26648721941117715,2.6660047575416996,3,0.72
0.22024607500529397,-0.00037567507611670214,0.2845282631085894,0.8163599036784931,12.206696671334907,-2.40422924634822,4.374372454407886,18.381232352081263,0.42044036730868084,4.63284654608846,3,0.72
0.20811979784604265,-0.04317151572715627,0.31043314891990004,0.8272939032776105,3.291072063270061,14.090682697168347,0.5723229625579811,25.54667121147312,0.34579387327101024,4.686679268337832,3,0.72
0.21840425185010182,-0.0224537877654973,0.18277437789834855,0.6855362860170839,-0.44740536129706143,-9.925346051252294,-0.056238493345537696,28.797444592644112,0.44981384257991275,3.8190360563753547,3,0.72
0.20572000509723404,0.0049967780639369914,0.22240564151451425,0.7149590064997221,11.60490757351261,6.538536054098463,12.838114765441526,27.121862310417818,0.2254260019495224,3.630049179421005,3,0.72
0.26880016533499723,-0.09507192963729837,0.3024937503688572,0.8745701017394145,-4.872456004696577,3.040385498573535,4.964757851090681,23.057966138363984,0.19989390453100325,4.069220985852443,3,0.72
0.15359643834851433,-0.0502586119290095,0.3201744994060873,0.6466653515585493,14.081721139074315,-7.606794333212735,-3.0828651883572364,29.518868760044136,0.2921218079910817,3.0333060761996506,3,0.72
0.22916575380416984,0.005834992833829027,0.2755066315696073,0.8371638695281457,17.496504814836687,4.618669100800733,0.5086808800738113,25.671364420342137,0.40330565603531554,4.354201421544492,3,0.72
0.2228583842299315,-0.04462487506650452,0.22369646658237077,0.7962871275387187,-1.733011776098408,11.575539799795099,2.433540373163388,22.22770510331014,0.44126405497439547,3.0143086525737908,3,0.72
0.17333640001785053,-0.04139302345616387,0.23939799155949815,0.7057965589890548,4.3335506835532325,6.933217806445466,3.325839757088719,20.478502633480492,0.44986808128185507,2.887646870225024,3,0.72
0.1273179218328304,-0.02039585560886912,0.206316361176003,0.8537211222046134,17.988955801217315,-4.103138189381936,2.984867918089515,18.914617203098295,0.3748955970931628,4.513753489349099,3,0.72
0.19807256003004542,0.024556199746227744,0.1565870273398115,0.5238110878694077,17.530129995026897,6.074929846960705,4.62559194812125,33.81302179312641,0.4714281527055362,2.2220783023431916,3,0.72
0.2637652670433307,-0.012461648159866447,0.21416971969342347,0.6635118540888801,-8.015139192113356,15.033490447333385,-2.8866945536513495,27.120447390874784,0.16100609535749177,2.7329535139875274,3,0.72
0.30046418051462853,-0.009311155477548884,0.16581695353048492,0.7352545534207947,11.116454149925342,-0.11510292474765105,-6.6818092328763266,31.698365432573837,0.32121661609473634,3.1953797566129127,3,0.72
0.18167777589622183,-0.009373382214233596,0.3340503618232977,0.7813292441237552,10.489796308686518,1.372466884362871,0.40688908209168817,26.333001394347257,0.21660620242725337,4.160366592602598,3,0.72
0.2633548494592812,-0.06497042308638612,0.19681350579304957,0.629301002028367,-0.08450752120748106,-7.846831240213871,-0.7240578831383956,25.027754319364796,0.33291305850222774,2.5864826440369386,3,0.72
0.21270319490974463,-0.01555925038417533,0.2755970750612131,0.7407616680233076,20.719133893827177,5.544529919483565,-5.565989807046782,21.906025408060877,0.3696435359361561,5.463294584320441,3,0.72
0.25543688237325674,-0.00778638996208744,0.28951775753466397,0.5719614016612444,-15.192283945991118,-0.5664430989785102,-5.139495517950945,20.392362165579456,0.26640408217810185,3.087583617860399,3,0.72
0.1667767530246288,-0.016835522876949446,0.13244721407045212,0.7016015644825402,15.605384966856665,-0.23485023625995846,5.657726260426716,23.502295530828054,0.28939252915352515,3.0122437899927927,3,0.72
0.19105027056597337,-0.05488224847133433,0.1602420065865019,0.5867665034868009,-3.660936446528094,12.08991279570442,-8.02092097241575,34.025545057908154,0.24377563272651817,4.294017616473617,3,0.72
0.2433599103344788,-0.029680151469923206,0.23865735155171158,0.7637663580723649,3.4564247752377906,-4.777964404104121,8.646781009033733,22.80076116637918,0.28834538228788087,2.4118113837330117,3,0.72
0.2629784859368836,0.0015514252851414716,0.2005890124047244,0.777449982967799,9.00211788385947,-5.459848103407644,-7.619379572317979,23.522812307031593,0.180804420711423,3.7907990117941557,3,0.72
0.21146443424703984,-0.017013314108589698,0.2144316121119867,0.6615835801560361,1.7733953762909866,-2.6645554884231775,-0.9284533264137086,21.44563182029365,0.38347241552891925,3.1517013800654294,3,0.72
0.20183901294498666,0.015530053840139845,0.13990829371638744,0.7049928682044818,5.954697429365634,-7.032723346250993,7.214014106155775,21.714675311317038,0.2900774122561458,4.39593881888852,3,0.72
0.08656165587478279,0.0027796914301490595,0.14563247829995318,0.8591961740856213,20.600013158470343,-11.988727660151534,8.976683804800668,31.597236966150476,0.45358167470642874,4.62991134859988,3,0.72
0.21087731094913637,-0.015497434070389665,0.2872573709372914,0.55350639512796,3.3642926442750483,22.125017940498527,-1.2481083676561597,25.768763804885676,0.2720495987552058,2.6965558207689453,3,0.72
0.2606867043365204,-0.02386172442344791,0.25147076327045,0.8219213282916353,7.156665712777453,0.04410496872410476,-1.762351479532939,22.24173339684481,0.39531010121688037,2.663395928393864,3,0.72
0.21713754105972694,-0.002035110563791284,0.321080193759684,0.7534799913493839,22.81632266055069,2.5449916250274174,-0.4995693644466001,28.15689603002373,0.1919835712970426,5.265622881852835,3,0.72
0.21534633337694145,-0.10641346022359346,0.20339913139941415,0.744949995195428,5.81752297591615,3.2082952404021237,3.201012396998968,24.56502213938632,0.16591547668588383,2.8420737823588427,3,0.72
0.27259739421026263,-0.05397002656506765,0.19254338711019728,0.5734036623668552,15.107056009714197,-7.294265713687431,1.4411945584139139,22.166612206249233,0.32168080917365227,3.676987849449257,3,0.72
0.2360752142831171,-0.04447709591405573,0.21926505919780892,0.70357928531203,6.943173749145057,9.264058001905513,-1.4334876851398013,22.81950066168824,0.24837336663972848,4.0596816232544946,3,0.72
0.13923792710139504,-0.040310014362167905,0.149232007284173,0.5387999979320582,1.6711736757253792,4.036165547351453,1.1316009429242795,25.010436203141634,0.42530581277643176,2.4360881050615375,3,0.72
0.23877873287981238,-0.03499167927070333,0.15477908819040676,0.7990080065262355,-1.1294680939210249,7.897515406859239,3.4107199017170746,25.807042147390607,0.4228433331761988,2.4175577213569626,3,0.72
0.23422390891473416,-0.025361180001413897,0.28117063278139864,0.8176037112589926,11.382677793592887,1.2113360165007736,-5.27022479667697,21.73011364519715,0.3355852952007605,2.678043098842738,3,0.72
0.17084595439388547,-0.021727565147766685,0.24584863536740534,0.6752082182854162,10.396959350442883,4.847723085948387,-0.7935714089398179,23.30019137693471,0.48379228803641194,4.1177888154779945,3,0.72
0.16766595873868095,-0.04164439554613521,0.26457568261676595,0.8121095228305637,10.550351254168508,-3.1289897770323414,-2.0862863277339225,18.246020223403654,0.2839472186458083,5.441021502259999,3,0.72
0.22536825903295285,0.03517121604479913,0.2284180036934567,0.851774248660551,4.691873548549374,-4.091821086325035,1.8528131951437095,27.82647986465336,0.332105860774324,4.22405760666359,3,0.72
0.17139165474637386,0.005181258558788936,0.2712756046080238,0.7468489340576205,0.8956332916872869,7.066983897241285,-0.8056468349700989,17.92375889019164,0.23692061234432585,3.735048664652668,3,0.72
0.20492887831958362,-0.007164501516191288,0.22042094011737998,0.665481595475781,3.7210978331416324,3.4394296220930825,-3.5310819685134462,23.19061580302671,0.3062243717630737,4.692421026874802,3,0.72
0.2729506625823952,0.02489875097065704,0.24447908754626277,0.531625662689159,13.191500108375006,0.6608131793932726,2.31557889482026,29.35367845202204,0.25243957106793413,4.861312548101933,3,0.72
0.2577678360801626,-0.02453679848130625,0.2349020658359119,0.6694667057905279,19.343614948243875,-5.391059532623235,-7.033776547758428,17.773293523214498,0.3133267074911303,2.4764541947640457,3,0.72
0.2657036544413367,0.0017512048540485985,0.24282083107154934,0.8548779388291823,8.576690266582732,9.107930718643036,-0.36973613292958607,27.56874390426761,0.165117741451666,5.303774972176453,3,0.72
0.2545239899423374,-0.05205808895870999,0.27701437871063395,0.8614427940071122,8.756157072420521,5.2871999204802425,5.70096031839638,20.809357771583425,0.3060402636060975,4.688379077982621,3,0.72
0.1935956067931031,-0.013318675810613023,0.2919962068018658,0.8459354778974955,7.987645325158473,12.147401981239224,-3.64560432290105,32.53587682341063,0.2176581084758889,3.7990741332535185,3,0.72
0.20704752009663213,-0.060744795304483276,0.20753982019297945,0.571311077072958,33.614302706973206,-11.729422098350632,-4.3302065796445195,26.139448175381364,0.25512272712037243,2.7012682693044674,3,0.72
0.21107715091222856,0.0132569618428706,0.24968838413286631,0.6015585610006364,-0.20168398278105748,-1.9252390905468197,-4.542116336792188,17.86056456203264,0.4269805896126737,3.3271095794396537,3,0.72
0.17025825649276138,-0.04043846896450256,0.2661548631174172,0.7852848458947294,20.229926741375237,-16.00291280683438,-0.2590462003743996,24.480508587478777,0.2740990559146619,2.323437123839254,3,0.72
0.2010297339269056,-0.01907229092926888,0.23408025492386605,0.8127034844830718,22.60690725431916,-7.534386908963235,7.22115393815689,38.075340778388295,0.29991859794140086,2.6006705530809504,3,0.72
0.3004579770769651,-0.05565662176883018,0.24977011200845733,0.8271547079776891,15.576929392166216,1.3157794929202045,-0.043485715260374924,24.59919915216161,0.44666398989228295,3.1786582887005865,3,0.72
0.23396537147156884,-0.01489339074446154,0.22144979194448658,0.8565491116516294,10.917922657512422,0.5679150472168443,3.8017355329394835,21.00525605271303,0.3714092100864863,3.077683527249075,3,0.72
0.21482154357876354,0.01208810134561138,0.3433883830423044,0.7627818854463225,12.008645029943002,3.188057738689189,-3.838404189514645,28.468464836433853,0.4795287029138652,2.5388023135572757,3,0.72
0.1948852734136095,-0.024657915119138705,0.2714419988219799,0.5905694903365232,3.6204087591737633,5.793897109861809,-2.5709245209283393,23.851954201607615,0.34366385334412763,5.228794456153045,3,0.72
0.28017877428885357,-0.0637416848880498,0.15379235687355083,0.6066277243243029,20.48510518354596,3.431882137037859,-2.704440994229772,20.867316886489863,0.15211441686417415,5.297367722217219,3,0.72
0.2691068868254431,-0.007602348683283204,0.2387664031679965,0.7537310122103079,1.6814503933453215,-5.148479178800135,-2.1350715667370768,28.456613596741903,0.23465443038927108,4.515876391122028,3,0.72
0.19226113744451329,-0.02859921758417619,0.2917388681003277,0.624224895939401,1.476937547283204,-3.141066886177162,0.14442822359577365,27.692862102181618,0.1511464632752675,2.200498927992405,3,0.72
0.22151398989563575,-0.02505883106979363,0.30320107955442377,0.8120249534844581,19.93448346563646,-5.037072300236161,3.429175876867171,29.65281016309117,0.4496295744559454,5.0663125836343434,3,0.72
0.27514935643564004,-0.0024918013297903947,0.2035331995639779,0.6647144931647401,0.46009693173334476,-5.7142846796822475,1.5798508335447161,16.802989418270208,0.38361412171821246,3.9339252495534183,3,0.72
0.2364151509361007,-0.009173853872751154,0.1439052965962982,0.75788939529952,20.922851191754035,11.616284441032729,0.08711058318924357,24.656286253992004,0.20361349017610023,5.304829482140946,3,0.72
0.25549154297507476,-0.03817326139938159,0.30734911778932905,0.5905357726991057,9.876717593568232,-9.843537885424967,-1.6566613755457573,22.75162845072481,0.4718206643624342,5.4503119688080375,3,0.72
0.23666126284755273,-0.04400282794898211,0.2003635496645129,0.5903311239964084,0.1431075558948356,3.9438998546342745,-2.407238947547736,26.351691193036416,0.3278637532173845,4.700918792429677,3,0.72
0.1986770617952826,0.007475375999427762,0.24614799378472985,0.5302387230891241,11.874782601421728,-18.46092728642907,-4.9895318006388765,19.10233460166566,0.356142535198015,5.043619744537382,3,0.72
0.3021154344264792,-0.03247348154136526,0.1904224505743613,0.5494711586867067,6.63318136328074,-3.336842732258829,2.2855149240358434,18.972583533445402,0.3070054294692429,5.2044391816554505,3,0.72
0.2388989439545828,-0.05968449208829174,0.34315791524463146,0.7360504720710985,15.652322577264023,-12.658258297300618,1.384366679344777,26.75042431732299,0.2912890255036665,2.372031813482785,3,0.72
0.28938300795456395,-0.05537712175792808,0.1471825088666251,0.7136816735368228,8.189780402501405,-3.9113378064590023,-2.32124301999037,22.98882140701034,0.4028837095396106,4.70577192323709,3,0.72
0.17188453117606156,-0.020280711592857735,0.25611583834422946,0.7059784222564369,3.5962686355330007,-13.323644126080628,5.41573798150072,23.20366930340529,0.4632678220454596,4.84413661213611,3,0.72
0.2375946564108279,-0.030335311622363796,0.31912445664125744,0.598539098714498,14.854549966351847,-12.213694465200302,7.216964780258808,29.037312348375682,0.3371110431014116,4.525583120410752,3,0.72
0.1990220101362676,-0.006100728702645513,0.20044437933943282,0.6710808466243974,5.19525157222197,3.605455310362692,2.321208875812774,19.83619266537095,0.4915275299916678,3.6761849003234306,3,0.72
0.16926950272060426,-0.04317304179689478,0.26501764224908253,0.7366084300959106,27.105647175431457,-2.1785301790087446,-4.5527273262102,21.80631576139795,0.35642077875964195,3.9427408537054838,3,0.72
0.22645276582108784,-0.005641543885820556,0.21048615603193327,0.7566984020473305,17.351340552161105,-3.136318568313531,-5.600733987031903,14.52063688243429,0.38038465972571933,3.0461832220229605,3,0.72
0.2054710812126912,-0.043160217927972644,0.18108392667334783,0.6135877803208211,0.5338783565014955,-1.125103129991325,4.439440153221837,23.29330288827309,0.4221193398135211,4.119612816354658,3,0.72
0.1835782389395563,-0.012223697719729037,0.12795475376679358,0.6021619597370433,0.30628701698014105,22.507875413249806,-1.9197159302871034,23.648391761637775,0.39385685075517,2.241861632981527,3,0.72
0.19732581833269777,0.003334686812211874,0.25738318917584,0.5638425182603863,6.86128124182612,7.934683926477213,-0.23885074086175528,27.979469381437763,0.45176408722584926,5.3407962132302,3,0.72
0.26748659509875167,-0.06172425759779543,0.2883777752571298,0.8702432559079138,-1.6665479952047075,5.536613413510077,-7.135205725817376,32.526095084348135,0.24052840141876242,4.750194277676705,3,0.72
0.26923568977664375,-0.0035545597037597125,0.26103899543950293,0.5404820788239045,0.623352342924667,0.7530441147467491,3.468454056578163,21.98318457610141,0.46273456029919346,4.732085150694365,3,0.72
0.2644010670004159,-0.075963059759327,0.3090556443992418,0.730589328843953,10.677339350872046,-5.566914535580078,0.9075103557495131,17.357873444630744,0.2873779700832605,4.068607545540752,3,0.72
0.18769702827334422,-0.05245935231331554,0.2663617081226175,0.681674844264598,4.298829705836214,-9.794317917405602,-5.703214424921068,21.881701392876003,0.3737395097261199,2.301818217497395,3,0.72
0.23979422083817326,-0.05618662025093171,0.14582141123068543,0.709808798483097,0.9359966998699232,6.665753011182237,3.01878053714369,20.374295549973088,0.28580382218529776,2.501989452283375,3,0.72
0.21652086977599663,-0.034083277375566934,0.32989984385547544,0.6343908062012794,14.981799122559643,2.2491380656078968,0.7305705487165529,22.113071591589886,0.4005590539324384,4.820299957639833,3,0.72
0.1970694137954689,-0.06757968946501118,0.22856930512128715,0.8254788810425844,5.886150898902,11.236468496249099,-7.813951961867168,23.111770838154996,0.1763530929656555,3.733839686678805,3,0.72
0.2749659268375287,-0.047302011298878954,0.15680067505003906,0.5547965187367041,5.3654345244727,9.546067140743173,6.451447836646345,15.3377029466993,0.3007916401568927,2.6915579192044836,3,0.72
0.20148315714505166,-0.022731767797162756,0.14391173462763912,0.726442795374068,-8.138154321857161,-7.725303854458222,-5.3597066253072585,18.832991892839114,0.20069703690839918,3.7860969094452868,3,0.72
0.1991993143281223,-0.03336581807723316,0.29139518096004735,0.7434363384733441,9.151261970709276,-8.604438567901209,3.1493634456880666,31.899881326121882,0.3914664905114098,2.4286593922811814,3,0.72
0.2133451796846607,0.020690253334406623,0.17166378300126872,0.6365501537985698,-1.4549775035586627,13.20415181078315,0.6011257049736758,28.89590515464566,0.18732428655416394,4.688692452763268,3,0.72
0.2198296494304494,0.01975225458672664,0.19385207142853966,0.6553565692424395,7.418159990289091,4.320570583862852,3.8160156865597723,26.065495145235694,0.16081301238377715,3.4627875329560496,3,0.72
0.21681378424060327,-0.007991856889408597,0.17691119192513502,0.5739811050808242,14.745526750729073,-2.075306416661155,3.0924417743513795,27.941887621628133,0.434369920986421,2.4068603216849267,3,0.72
0.24177998730817263,0.0015136517536969256,0.19887865803092553,0.6545543605492438,-1.2062965100819856,-7.863483124793713,-1.7483957885287615,33.09762104325656,0.3567693424100396,2.583538062334636,3,0.72
0.3278634908603997,-0.013948825957190901,0.23580252212005662,0.634857479313084,2.79222104133767,-3.580263882740402,3.93026884375991,27.070328828863673,0.24203858390653882,3.2944122350695086,3,0.72
0.3075733232846396,-0.0249121936365869,0.20713797974455844,0.7249570274905154,14.304768307033704,-3.8907330071820025,-3.624802376159501,27.884776103867928,0.1977350102690212,5.460560703713162,3,0.72
0.28292131884311306,-0.031161046163134844,0.2836758793904877,0.6821272989295296,17.279874109028192,-1.053492005244976,6.427344191090282,29.816857777885353,0.39452593817263176,3.9407608088044936,3,0.72
0.22901066129234152,-0.05197486086443388,0.19734685240664265,0.8199311083042921,-3.9555648006313167,-1.0748815753433436,-2.3842137666125063,23.659891190978993,0.4549538181981445,2.258266287212307,3,0.72
0.25445326070699226,0.004626349412664044,0.22940730307165058,0.6012150335977078,1.4073688287255663,-1.381302960113376,-7.557269477928859,27.578929200415523,0.460105131520381,4.668633940674259,3,0.72
0.21257427664227585,-0.05332082542758629,0.26265180344895633,0.7682955843659672,-1.239085313689861,-3.954281461340619,3.6913708935838283,23.804524814627626,0.2368044040811852,2.3065462004176966,3,0.72
0.26286564200506896,-0.05369382710325696,0.302870604606313,0.5271309054494294,8.741514153163996,-10.582591744665633,1.510607579961722,25.30384099821981,0.34474501541146774,3.8654593932068484,3,0.72
0.25801627673523475,-0.03199902926730137,0.28528377298957236,0.6612384262007488,-0.13410946322556505,1.8545579535334973,-3.8073487812369735,22.600874120557197,0.23085374144079668,5.030031297367632,3,0.72
0.16231019674045627,0.0031177028118360983,0.20119994145395992,0.7428088805606645,-2.0478304056671313,-8.515953401734247,-4.679663977620365,29.53463494391682,0.2179570990376461,4.383208359859431,3,0.72
0.2516119560983265,-0.04160508657100963,0.25048491069316386,0.5857239925260023,20.411121647656213,5.874390293975262,-5.586016809796978,29.094407278555597,0.4188487780955362,4.888368753079179,3,0.72
0.30459422875681846,-0.042537124035879094,0.1994404170132726,0.8363541368051246,7.590414192083541,-4.639526313817046,-4.540247956633907,22.641379551209177,0.3332922311479797,2.862664882040788,3,0.72
0.19201510476504247,-0.01584404741374158,0.2519016137928518,0.5728828668451911,17.250843888378107,7.505158345231855,2.42913279523894,25.39820075203901,0.4676380959737485,2.437675190645506,3,0.72
0.2196091926977005,-0.037426917123805206,0.1938991221247089,0.7006461517158931,11.632579006933188,8.021356015988431,-9.570962331256807,25.40349562055677,0.3899628640764682,2.406260815203323,3,0.72
0.14625608918034094,-0.03382158681124027,0.12010190466963896,0.637428985932138,9.121986539869809,11.80838121127756,1.2541531999390156,24.956144266201193,0.2783525598826968,3.447977366947274,3,0.72
0.15360187179938087,-0.025738464678627827,0.22473040302352063,0.8500889460254346,-1.8001091767717305,1.9321736901855953,0.26673274345892156,30.43456840839446,0.44195301320230207,4.638712555048421,3,0.72
0.23527521818444666,-0.045763827387424315,0.28900010446077357,0.809557092031464,-1.6805641053425635,2.2106554897060287,0.4688755047057105,25.051882745073126,0.4927900823973559,2.842571925625423,3,0.72
0.2858942011295176,0.017189215520669748,0.36489409717306565,0.6705666557225096,7.296754275026348,15.081174822567844,0.05204044916501867,22.449430045727425,0.46584767537629745,4.1500773269523545,3,0.72
0.20991483444133158,0.08103523491645481,0.16067398984825598,0.6574997023210474,4.7103537151356,6.727719362131895,-3.1951321948690534,16.58539079617236,0.46180781313049557,4.579241978584843,3,0.72
0.2435373940898678,-0.023936106616191735,0.26157838513036086,0.7303355588642977,13.757277674239731,-13.370724716353186,-0.7534494141255746,31.479153368661905,0.4707901147580992,2.4380874366140017,3,0.72
0.2509349441120055,0.004662933864205531,0.21166579359441434,0.5426495314305364,3.7132437415479878,7.0915671802356774,4.810173874499553,22.92855400137583,0.37285760316390615,5.348033312970852,3,0.72
0.2639571475805164,0.03602594764188134,0.32395420590321633,0.8460981810106417,-7.699171482873904,-8.598916538452944,1.9857808840242586,14.50398307780273,0.20151368943228415,2.8001691764028362,3,0.72
0.2464338452279357,0.03828431990295465,0.29627842148778655,0.593502167982863,6.614698893961038,5.985872188867925,-0.6130625038966435,29.34579067940907,0.20594145730832364,5.216062715410677,3,0.72
0.21750700099819092,0.0008807835199446702,0.18312359825628294,0.7370187204122519,17.42961162689006,-15.791400609272724,2.356317267056449,27.90774387961908,0.15185698232701025,3.576509506232093,3,0.72
0.22040951288905003,-0.01210691605813902,0.18353582152580777,0.5223552905552576,25.57402496108793,-3.251625750174122,0.21300696107989225,11.093785151774219,0.4627684434490644,5.499399215722771,3,0.72
0.24605470827277648,-0.015967562484869188,0.22505886949817877,0.6487242277666736,-0.37418427798642107,5.937322729652761,-1.908954890188735,22.12285981627525,0.25453559921435076,4.336028875906477,3,0.72
0.25429119751057755,-0.022405968573974068,0.1901728348130296,0.6216182925981131,-0.4219099810910478,-1.4603524851964362,-2.988683099162476,18.979419286196112,0.24287421012448346,3.4627940419699823,3,0.72
0.1662266712412988,-0.033038652454915926,0.23614241756633636,0.6452814930219469,3.1642539711380495,-10.35957629209702,3.011120245799727,26.883046554072948,0.3433269981417342,3.95539743235174,3,0.72
0.2160460939787654,0.019825133854962294,0.1507543118948149,0.7125429411387151,7.479455586149838,8.126592074254802,1.375756798226088,27.815568951809993,0.3336098797368503,3.423131951529016,3,0.72
0.253939269750562,0.031106401428670796,0.13245937155590132,0.7814172266005148,8.968248241818083,14.014219106712067,0.5602328566207688,15.400380137478699,0.19308016489911659,3.140974458777282,3,0.72
0.2915927031583003,-0.04439342777728983,0.22065362608404318,0.5501160710127916,10.32944211245694,5.411123802282681,0.9249472312983664,26.95531081003675,0.4878330342530752,3.6483920125343614,3,0.72
0.2841914124533898,0.02715080632908608,0.2802723046294109,0.8081766858397658,-7.8406748459920745,5.966547149192989,-4.259539602127761,17.581865433167184,0.2633403606750547,3.4966359160328,3,0.72
0.22813351429048084,-0.039435156662447526,0.12783887188044626,0.7162378630906295,4.299853701509507,13.538730982550138,4.788608555617907,30.602240190259074,0.4384318135643105,4.547420631753008,3,0.72
0.23453952205505277,0.027951767455352963,0.1216094206572127,0.53199197576007,13.4490439808335,2.325181689273953,0.5356485067417044,27.57780520566086,0.18294781289141773,5.099592213240105,3,0.72
0.18628897925210755,0.005197418299717517,0.1793524562742445,0.8083261314258364,21.73098402547449,4.0348408177142705,0.45037464505678604,17.93616640776928,0.2564272685858858,4.497634619426002,3,0.72
0.30868760864727246,0.001982316003550491,0.1595026970436732,0.8115178152066742,11.452555699090649,-5.095686534848901,5.675058869997539,18.57599244355178,0.20084962142090343,3.900078099708634,3,0.72
0.21267165095497148,0.01813165478965104,0.2903972779473054,0.7461097345770454,7.307263420343805,-7.797419407460513,-0.02479675227765653,35.41172951652426,0.3939742470801936,4.844659609789534,3,0.72
0.22674963599782114,0.01147360773738643,0.31446223818869745,0.7104642375485608,8.518167287064099,-2.3430575506982727,-0.614748748817805,23.282143252889014,0.34542304349424513,2.3515886884086608,3,0.72
0.2546265242228575,-0.0271685985430338,0.20283465958609065,0.6667499686545344,17.32351822186451,-6.82785751132446,-1.933110642885868,36.571546801014904,0.18527556729030661,2.427243346016291,3,0.72
0.31520224455128576,-0.013534169115490255,0.25166157028889413,0.8059951451859648,15.649817390633597,4.111487961077537,-1.7481657917010252,28.857341258741332,0.2421441020706654,4.02369229323205,3,0.72
0.18031094851679133,-0.05988168804849606,0.30595155844534044,0.7481979340914726,-7.232836606359296,3.087839383433315,-1.5786043614664496,28.403232956965827,0.18735332852055714,3.1705246914321457,3,0.72
0.26560948241686394,-0.04894924439094704,0.23802524185099183,0.7809191627900836,-7.434484179175021,-13.786661827639268,-1.544127850040571,18.425922552274912,0.4673888110583161,2.6575714762970364,3,0.72
0.2541814331415072,-0.03391546447125458,0.32701200016493015,0.8148474318814851,5.837289746807788,10.79920953853336,0.6459076918408438,28.352083900627257,0.43625511036135556,2.9044157256244816,3,0.72
0.24690576335691636,-0.04298749669165103,0.2482937248991845,0.6130166884931478,11.91786966385364,-6.78010157546791,5.863015990260901,27.042899661736104,0.3787855835993174,2.935878203124515,3,0.72
0.16718526333691172,-0.01988901047016989,0.24239837575752368,0.7198895957532568,9.221180014378032,-1.2274149391559785,1.445892813647176,19.228218083295296,0.34361552231930387,5.002733575222733,3,0.72
0.1749842445509114,-0.049426273251009054,0.18920757652122433,0.8352503485356236,11.54839815233014,4.1853464281623864,-2.1148885391707513,23.951633391758396,0.1963628208043613,3.7067968383790406,3,0.72
0.20520877225341813,-0.037371466240629654,0.1978420418122746,0.5536850292531673,10.290612286303162,-5.585800640053276,-2.771677947139916,14.550661985899602,0.4824906736809649,2.8601414935126215,3,0.72
0.21592794245689448,-0.04240884139195362,0.22410018205459284,0.6074266841656419,5.408007527317921,7.08455864439064,-0.05267906364002099,27.75839788695539,0.4043582626087425,5.001755636085424,3,0.72
0.26730490919158756,-0.016990147291456408,0.19694199393293324,0.7781338568093963,9.68191014399481,-5.244618635659389,-0.27018774991208516,27.42830550347721,0.29558775514916535,3.983784846216394,3,0.72
0.1851204123956393,0.020688795843927587,0.22847341159573165,0.7775124212616467,8.35516884715108,-14.62689673502559,-1.0835271771390356,15.78389041731168,0.27058868734571856,3.417836292642864,3,0.72
0.2895776009526433,0.0018411052800035958,0.3474034058878961,0.7642454310039148,9.691499507674695,12.839326141246568,0.5852028023792134,23.33176597073237,0.17401908906218044,2.5800661414383983,3,0.72
0.17778958453169635,0.005488682804789122,0.39527737266454754,0.7854907979062556,14.385879079312735,-6.960882875627907,0.4406196252156013,29.53125383986737,0.3972317535132861,2.3218946940391016,3,0.72
0.1759173788230422,-0.034760051512061546,0.14488813568871647,0.6561086319856851,12.556676064466998,6.386198879333828,-6.214541804404246,30.662110357591775,0.2979101492877949,4.335509177014243,3,0.72
0.23567602112749333,-0.031732414219561286,0.19787293128413552,0.6757205808594664,21.094469802089606,10.582706941877928,2.89515495969356,24.15624819894499,0.33589778568078354,5.035485475740009,3,0.72
0.22644704534536841,-0.07183937070799869,0.2978350281209933,0.7653021649884094,4.061650759371435,-6.682923708131242,-2.860200026116802,26.53798879908931,0.3360890668397313,4.144278510508552,3,0.72
0.19944234201880445,-0.04297773401046952,0.14072689588249543,0.5686122486197631,9.659214461908848,-4.272938712643187,-1.1375779402056692,31.591732916023087,0.2878683143907411,4.169347128502568,3,0.72
0.1974534262621282,0.06851921911757394,0.19229737508957456,0.8444687237790588,8.096347884505613,5.452134412541464,0.6681686408064781,9.819708968088355,0.4064027419662428,2.2566655169564434,3,0.72
0.19599727673729983,-0.04019322928282981,0.2090573566020579,0.655029517848444,31.11709093051756,-2.31830899529562,2.247871691888179,16.277090854006328,0.3021144714217878,3.1183264539529705,3,0.72
0.2378175229902273,-0.02258977461407651,0.2406828497119798,0.8293106362728779,5.949067623889034,-6.127198519759415,-5.987646081192786,17.370890362651757,0.4046117157552802,2.2145516765738664,3,0.72
0.24211567280328575,-0.006303404651696111,0.2802680525879303,0.6599769568885036,9.81613446586203,-0.21474575057175965,-0.6592606551094596,27.825214042651602,0.31163892060631854,3.859307459688922,3,0.72
0.2020784659937701,-0.010340647043770189,0.19569356716603625,0.7891734947923199,21.84557621478052,-3.887708119753811,-1.2567493652295074,27.820067443827835,0.2294504889027587,4.345721361407744,3,0.72
0.2412765094947136,0.016327278414937998,0.3450167845089044,0.7263009631000285,9.340268363997605,-4.4703227091554085,0.7010155857794732,31.125631293035504,0.18348455477662837,2.9680067344301477,3,0.72
0.2641420057973817,-0.05789692277349909,0.26174052071897863,0.6732002620488625,22.278592861954863,-3.2612023010853304,-0.8091225408616487,22.172318282698395,0.3743954207833328,5.313766336843782,3,0.72
0.25564911334032653,-0.011575304649751657,0.24082294450498326,0.6799180075128319,7.568589700064442,2.6755842689972495,0.2639134494680613,13.11426140578448,0.4786240774369014,5.447046920899545,3,0.72
0.2343048389959361,0.0010572039871968933,0.2517023721816687,0.6404486452452647,6.249816253776385,-18.67983143059168,6.650833088448124,30.426273811482957,0.4580394668748665,3.572088534674174,3,0.72
0.2613881369350819,0.0069335964707353225,0.16600036564936763,0.6092502354731695,5.459067179588968,1.607773172202735,6.562880357630766,22.425850581246948,0.49799013353339194,4.93830725575184,3,0.72
0.22124014473218623,-0.04187826141096726,0.16827467167923904,0.575704370854638,11.123761742082412,13.419630843863105,0.00940970906224127,25.047848063642924,0.3766257953824171,5.450352499740362,3,0.72
0.2080107755957925,-0.009440765876224501,0.20666557728731388,0.8669559402732518,17.686697274108113,6.242102440134156,-1.7020015016581418,28.24777630089454,0.29931662606553017,5.004353083308784,3,0.72
0.22447328323941776,-0.02605207336231171,0.1458439491612712,0.7047573850872989,3.3092932453681962,-13.007586266799013,2.291198516912851,15.82022773682087,0.37152552761077834,4.56259499715118,3,0.72
0.20044240904432398,0.05184717929349614,0.23603436898368524,0.7584330204078151,2.882552781406404,-4.111946877914448,-0.8361635579402458,30.137591485770137,0.19495064563362163,2.659070305213188,3,0.72
0.2576352560228576,-0.004559316920619706,0.2113988793091415,0.8607270438481026,21.477248027269553,2.000496426218648,-4.963422167793437,18.677325091367056,0.3230211552443859,4.711961933417925,3,0.72
0.27024722644902316,-0.008528644494148016,0.17902702082718436,0.5478380289539546,4.197606516885294,5.680820339753451,1.9980902520452661,26.87271534801385,0.4312264090638288,4.069769308485598,3,0.72
0.2676103855052791,-0.004888241237967732,0.19617545921923996,0.6309651451247408,6.5591391959139,-4.242522091509123,-1.7869721745945875,28.3132306276188,0.4019929469170457,5.179252530651571,3,0.72
0.14098122038221783,-0.012002362672069035,0.13698397488719355,0.718068903265378,4.794397735369344,-9.233581925282463,1.0385251451556443,24.587298569416646,0.4326161186473727,2.3815718586075825,3,0.72
0.23756445819966404,-0.010722785247913478,0.24525681802186092,0.5400973450832356,3.1696404347013907,3.977001029244423,-2.993168368744659,22.098003386645235,0.4381541395263393,3.7857493155751016,3,0.72
0.23590189553636717,-0.039812615192440795,0.18937722135816615,0.6453272394313928,20.57739553867497,-1.1402891007752018,1.0580840262436269,21.57976020011317,0.40195232352287313,3.9126556442022675,3,0.72
0.09792407993987458,-0.061272727654691925,0.3631817102333922,0.7955627815098281,6.508022430451497,3.156197041657772,9.167086863043128,25.95915362439708,0.18401731927382095,3.4645064364675733,3,0.72
0.20759669708764236,-0.01120477799610794,0.3571660591582986,0.6979330091379679,5.484573918007458,-17.800086551714596,-0.0611908070214376,20.811735185199396,0.28543958403147346,4.45005807686975,3,0.72
0.19424631496417014,-0.05770881584463758,0.20427160361965319,0.6665840800066369,-0.23644876023778316,-10.828650203427333,1.201209064044894,30.998695728808876,0.41385654131348115,5.040190025667174,3,0.72
0.2606410220750815,-0.029506304620858754,0.310289485402932,0.8230156157707353,9.516065811570368,-4.099310383491547,-0.17157337509911424,22.701485440184157,0.2928823521438731,4.499106861731339,3,0.72
0.21347847306660722,0.017838949726877083,0.23571283272448357,0.7597537816618627,3.5846772143273906,-3.8536631096657428,-4.3797719881163495,19.11682966353304,0.1964879472492517,3.83402696403126,3,0.72
0.2540435954157414,-0.03768813807515824,0.23483855276237373,0.5269963817048768,8.32821250326885,2.7414834157905985,-0.9921529369678143,22.037861448352864,0.40967693537182104,3.5429985615346693,3,0.72
0.27397651763707664,-0.03691765597300378,0.2568499021255587,0.8075108942780594,6.600526520187973,0.8036366104970526,-6.446610508543626,27.912081857668195,0.22160635073153861,2.454337094074935,3,0.72
0.2652810318940418,-0.01335292579261911,0.3249125523869292,0.5480374723897999,3.119310623639689,4.5942970219615695,4.45998705907429,26.00492322548502,0.35226820017572597,4.181239678450757,3,0.72
0.2805890105097432,-0.04022523449555654,0.272447096531763,0.6179920469727391,31.873871559681703,-0.31556382945560757,3.413381684141062,24.99308218424028,0.47560577757918443,3.8777778162335084,3,0.72
0.2685828333128266,-0.009029493376127188,0.1798197255939138,0.8079089926677533,5.343271971627008,-7.7438109947874585,6.051049212848366,22.168472712306595,0.22116179702404132,3.9608141027470465,3,0.72
0.23144372612186426,0.026866597037195395,0.22601940466529047,0.8368880775343268,9.302500656517662,11.356727870164482,2.85952173831451,17.688883299378645,0.18818339761425035,4.451690370130409,3,0.72
0.2146579759802037,0.01238680869141592,0.13710384048846447,0.799316898868714,19.927603308083413,5.369369935079318,-0.520392183526056,26.733225145413297,0.23443544641826036,3.397114619485368,3,0.72
0.24874259428280768,-0.033943448639976864,0.24186778191250166,0.8102801813254837,28.834883436124848,-3.7849118874908583,7.428213880797594,28.441178609179666,0.33227216669576465,4.7854204798505116,3,0.72
0.20158263430088155,0.00030539305657374324,0.2162762460227336,0.8304356924506472,6.820214903648873,-2.984778075214309,-1.026946544539906,30.66504880142905,0.26887086947152705,3.220624221627248,3,0.72
0.18319230782398618,-0.032440154124347934,0.21932663907990657,0.8174494841919684,3.4622036631248063,-1.6831893188171685,-1.2641773844681197,26.36844375974866,0.3352605183188725,2.2650001890047013,3,0.72
0.2357973100101699,-0.02759041427582507,0.281387671787801,0.8085681751910211,18.01926552196869,18.014664025105144,-3.532793614978093,24.45614313702075,0.18866731122429878,5.3804140237755975,3,0.72
0.2725872926760278,-0.020211824523296586,0.2120360215960585,0.6075895868547745,9.491285959406781,-6.480020859534517,-1.193090272777803,26.211011345471565,0.3747365333761439,3.9601329762604043,3,0.72
0.2267974396548578,0.05784574632648436,0.20924558021826045,0.8626241713486054,15.755941588611314,0.9055196396553756,-1.2243227515249988,34.966730542283656,0.3901987605870384,4.558351191669661,3,0.72
0.18641381111676442,0.006053376645308282,0.2379659885498203,0.7706926789019484,6.931973480645452,-2.277419332414507,1.1633829705172019,18.586255176191663,0.1826947108209047,4.767687317565086,3,0.72
0.26265697033098373,-0.029124809879823722,0.16117681060558744,0.813053766225221,23.879989230747228,-8.027077503644623,4.26503581611743,24.609286369442774,0.31288118621858296,4.097655119154938,3,0.72
0.2580029807696646,0.029033819016294374,0.19820735078706153,0.5545388789835561,14.112406253032852,-2.0736504911824527,1.099075466579241,23.576323013747793,0.23895230007100252,2.927191999985366,3,0.72
0.2037313368119536,-0.003987719879969993,0.19058108283574215,0.6998394858281014,3.170692624693616,-9.029383276363179,-2.3024389878827702,17.420013364570373,0.35414308049362836,5.264047580192836,3,0.72
0.2307946853147566,-0.04944851047221336,0.19717146587277937,0.5211659531870081,15.319114014435518,-7.810392289683599,-7.840934954450275,32.87031693203593,0.2105258382562173,2.8459058653206846,3,0.72
0.23261339656310975,-0.015596283874286826,0.25644785323788183,0.7681057984102053,-3.484513568018329,5.525612347384869,2.1827752082076306,28.78196576198401,0.1838642055605311,4.342400035200466,3,0.72
0.17962964295214173,0.01581709340304641,0.20488517295900063,0.5328561872824381,7.062056900701342,-9.951898686084476,-0.21185423243858992,28.496182133735996,0.19525075739095885,2.2371926282952694,3,0.72
0.17100729679083343,0.005071285046059023,0.26402591206467996,0.6593741315422821,8.504863356069755,11.454949647560936,2.4930671319683215,17.838548159453822,0.37047805319760374,3.703453455219204,3,0.72
0.1610477422573523,-0.008803482414945697,0.20677160870484754,0.5963299339530524,9.750354282680028,-5.07746966274064,-0.8166096828147342,33.93017687295814,0.4369603833277237,2.4183811244392217,3,0.72
0.25292414549895503,0.023032123902077064,0.22849960027938004,0.5539286211604922,10.85815366798676,-6.543328541239612,-1.9564089333075296,28.31603618768165,0.1973569182077815,2.3957901422526837,3,0.72
0.2672561627904001,-0.06174634156522825,0.2545006330160555,0.8299107083273347,2.3930417959361368,-6.041417001411437,-2.8615632837518463,18.263333489814823,0.48138526402843695,3.0036375806039732,3,0.72
0.20426966937422453,-0.016311372417530265,0.17469429782242207,0.6494456955693257,8.759849781082314,9.293902828800762,-5.887173524987962,27.30267422608118,0.2775140858086427,3.6112438544282712,3,0.72
0.3154505180720132,-0.005595469514075963,0.26954973298147605,0.7344508785378343,6.042735754372215,2.3716573054085175,1.0112157351150322,21.828561789475852,0.16221120601467606,4.806225865649046,3,0.72
0.14211862543718226,-0.025849642890809744,0.18454760793309238,0.6106092915956439,12.75982049393484,9.087537537670729,3.7184828122115574,20.539074206401963,0.2631861789979957,3.6294873285797653,3,0.72
0.18981050693305038,0.008339969072978914,0.2498980323823799,0.5616582875304716,-3.9851713019325246,2.3798510362693635,-1.3600249876139225,28.286423885192292,0.47075868271329335,2.7120167312523886,3,0.72
0.18417556515497072,-0.02943183966022473,0.19554171933576223,0.6110658327692362,17.43054201776512,-0.4518262111206362,5.02217569063988,19.133945021106285,0.45462423167177735,4.291556012085419,3,0.72
0.26391922602866424,-0.033625742351225466,0.341030326987694,0.8460632075543346,2.2742964240296306,3.260062033176175,4.48238892567594,14.129903658759305,0.31258027695370305,4.660028342112433,3,0.72
0.13801263059846464,-0.017316285578230835,0.1848314655350522,0.7606904712326893,8.055391319314158,7.881395429029976,-7.451736542038061,22.77531391600444,0.32751544703084623,2.8589979912560923,3,0.72
0.21605487689241232,-0.03314023154597748,0.2189795371062762,0.758473319838564,17.735086990658054,-4.577211771639816,1.5307413749510363,21.83985720378681,0.31535453981199957,2.8582253706104797,3,0.72
0.3146595961136235,-0.011822858616840853,0.2918260360694309,0.8043339525944746,2.7638490914197993,-1.090137508429375,0.33697771648813996,20.333053895882866,0.19627833891103363,2.800240971986895,3,0.72
0.2565970841703948,-0.047737587485741306,0.2740295431503438,0.7739250979092778,4.579043485375928,4.163455919011964,-2.770285237167629,25.266701547625125,0.3129311595526716,2.9541362618434035,3,0.72
0.19803067471808744,0.014884519603376656,0.2193253721027144,0.671271917944566,-2.1802019366849734,-1.807417403636165,-0.4877753650828418,34.44454505415892,0.16893994425220604,4.602816211868003,3,0.72
0.2520857466224117,-0.021023946255999265,0.19796814684091296,0.5479287432319708,14.697829607545714,2.95113830609154,1.218673418603001,23.05373715972002,0.4930338445654625,3.171524955589705,3,0.72
0.3406386488099373,-0.014211365929177896,0.3182554054594362,0.8237356962840464,24.441795175947956,-4.99870353041372,-2.7782520568338067,22.366918789820453,0.35106798607148926,3.8417464938570456,3,0.72
0.3068924113880481,-0.035973720833121975,0.11847732579866416,0.7766224953043217,11.562251852147872,-2.9066874405325858,2.7141869475861067,20.71293373566842,0.22605142012354892,4.872301643601671,3,0.72
0.1449041615414387,-0.038954373583568375,0.20156543098907218,0.7296818195826793,9.450280749787138,-18.070177551564143,-5.325272737117859,24.55370870142663,0.18048389607795706,5.478143780352396,3,0.72
0.16661288562990012,0.01954237024718389,0.23282201580275672,0.6841260875141886,19.106882330005455,1.0162841217156429,1.3079844703596015,21.330707339784347,0.38696825317021744,4.787253684429451,3,0.72
0.21959450109379572,-0.029898933266166994,0.19714268661070172,0.6662467759772119,13.852176744225872,14.51113023656369,3.2826961612273617,28.71745169443856,0.23496208000182886,4.561250293600119,3,0.72
0.17506962038159715,0.012060708956905062,0.20540566756622478,0.5503221452897936,4.393346431495928,-3.6947993974430933,3.5516313160605772,36.553032808169604,0.4102185011653431,4.938852536858531,3,0.72
0.22463412454219112,-0.09830163092607531,0.21557927924554143,0.6806332527966702,25.414081476141384,5.861661680205799,5.527041583791237,15.177077848379582,0.3838015116543714,4.2712713520878065,3,0.72
0.21433951078139746,-0.06723844743197854,0.19322775751232063,0.840785125995887,5.891839030479087,-1.161130609046884,4.83739039171379,17.623605666791306,0.4023052530601272,3.592431130384497,3,0.72
0.22469988204491065,-0.025233628594757467,0.2963645650766471,0.6296865396329617,17.117550819763526,-1.5851667359696588,0.3997436079703254,24.179344058848535,0.42400009110797665,5.0222818944695415,3,0.72
0.28924370584545417,-0.02120905636136738,0.22503901994995734,0.5647826328858112,-8.09042568122592,-10.485441153645835,-0.5604108342420366,31.736760523522193,0.2607520868062503,4.235513314842537,3,0.72
0.2806830382992833,-0.010977115391765688,0.14991911813593387,0.5211030852867449,6.665444132142302,2.4449337584916484,-1.6813497609485828,22.599141755364084,0.2586343524539879,4.222674896296139,3,0.72
0.252089786485975,-0.04318754971591372,0.19884237123227955,0.7726955972464306,12.257051311695461,9.194888252151232,-0.7986430629875146,17.038223175515803,0.41096516341284417,3.522567129345892,3,0.72
0.18874620541271303,-0.040898958295623664,0.19212753503335678,0.8771089183929224,14.796939654917018,1.497434066236334,-1.6930876317266683,34.879695966450186,0.3295207307237333,4.428644952428918,3,0.72
0.2408118217198339,-0.014606299120988642,0.25000407003661773,0.7066980794414157,10.778346102158869,18.17898429693589,1.308127439633794,30.297294838345028,0.3788028377334952,4.86703406880101,3,0.72
0.2680379604760698,-9.802679271176187e-05,0.2480826017561114,0.8294277603931386,3.537209232839057,7.452146954458968,3.106567577034466,28.38153083843857,0.3348293781069203,3.085891153597285,3,0.72
0.1637343064214961,-0.013582745394706879,0.332548061969947,0.5877409093321493,2.123872438082943,11.64963426305623,-3.8693684558474977,21.876565762760865,0.3116080917741477,3.078893921106069,3,0.72
0.16277761098184995,-0.01377546827232557,0.15135541602733277,0.6598021809697949,6.627086902451317,-3.6424532327709334,-6.27997405317178,17.75553773405838,0.470081880522083,2.676642117174571,3,0.72
0.19892561345512574,-0.04854292105601713,0.26367164636140905,0.7590820148749344,2.463653057017712,-3.799253476989166,3.3211642849686878,30.90851798047976,0.1700944079118054,4.94564817814763,3,0.72
0.2215101152360488,-0.0009072700780960903,0.31818728092634674,0.5536282238797052,1.7740650968367557,-9.770978381034425,1.700419946364183,22.734152495103547,0.38342481445766396,2.5994747187872362,3,0.72
0.19148576828753394,-0.09438681821954037,0.20090460641628258,0.7138208202827867,11.869208149831005,-3.475223907994044,3.9375145600898946,27.638994413323832,0.17492728650692768,4.474087084443237,3,0.72
0.22502105473695244,0.03836281304013682,0.2994416884950644,0.6152858660514746,2.5082319149034467,5.135107541477891,0.19405250415341002,23.03978957670281,0.17317342793238127,5.485590842059741,3,0.72
0.23420906158126314,-0.007551179171744431,0.23139666092577044,0.7128665144278972,15.904027209020331,5.6139203301243175,-2.9806607966556853,23.216077968076604,0.45446594976262544,3.858856416860547,3,0.72
0.19970770271919305,-0.02971552813605026,0.17245626634534006,0.6801966997376616,18.18168600712235,-8.039861237098691,-5.041665845841625,28.486412157978847,0.46406375606852146,3.5629709382591175,3,0.72
0.22683994822497963,-0.007683735613217809,0.12241912549887632,0.6821214671438371,2.6363554159972766,5.240151569972127,-0.513546139494845,30.09759586389343,0.48384437244637923,4.873335576932075,3,0.72
0.2355504010249404,-0.03505938738614049,0.24134051586339875,0.649906707646333,-2.943679060172565,3.847124760529369,1.0823455798986414,22.57689984279077,0.20370321255017584,3.1741889642511953,3,0.72
0.23690508257327703,-0.004070588769096002,0.1897598519538589,0.591120150070336,-1.5254588665482505,13.60404623035672,3.942221188244428,30.071053690557367,0.4430250712891215,5.223935875621974,3,0.72
0.1916419521216415,-0.05820358632905981,0.26292124509603154,0.8579131863771485,4.4931379119211385,10.120118151741377,1.1149009685842697,24.18378232622836,0.4091573493549806,4.3859626117330635,3,0.72
0.25263997617182743,-0.013860987912452619,0.24603101903083777,0.6000989253353434,14.480521010042857,-7.3324124784259785,6.121026784516055,24.842887424146273,0.40239108662444945,4.337417981098602,3,0.72
0.16721780876539827,-0.032095209960324556,0.21158449526101192,0.5822623194867691,5.062441605877887,13.926652152278928,3.2024399227593405,18.054098854054853,0.46103273472160267,4.582400197689889,3,0.72
0.11875391298398252,-0.002726361002917635,0.2547376452999911,0.8529300897729606,7.040988570814271,-4.027502101955054,4.603946113615189,26.41251723175268,0.3454538748187024,4.009929423733741,3,0.72
0.2007954761652411,0.010438006458431352,0.15504451676951864,0.82772929515547,19.30827047526355,7.65239365145666,0.6492570121907771,27.920805301630946,0.47731611521958006,3.434482744496986,3,0.72
0.17002743089844496,-0.02380735424952849,0.27939981961997284,0.6274201085848063,14.326508665687552,11.129486609461239,1.8908735585327163,23.170220198354,0.40072315567148487,5.494308282050127,3,0.72
0.2609883300354703,0.014710544376270413,0.30983796937423347,0.5610667803746505,12.199432551326556,-5.2803330377609266,-0.8249498456183871,13.266203913033698,0.26539854929096807,5.329429776997548,3,0.72
0.15079801216623628,-0.05434377641264812,0.2481945337161064,0.8031405997122704,17.14039505043811,-1.7841319587725302,1.0893101381180337,16.281071357930873,0.38959972208256527,3.5115886810113053,3,0.72
0.14980631218511042,-0.05274222632135697,0.21209085869169558,0.5367967400119844,5.130563332998877,14.96893908778326,0.3372698644876898,26.47858880271394,0.3173439056025905,4.582073478957945,3,0.72
0.29279381134986315,-0.04327134858031411,0.17732927962984774,0.6345315377512168,-2.727238155405878,10.01480976358316,-6.167755356118184,27.379431212057877,0.18179445214186885,3.4420163640356263,3,0.72
0.23140424435994061,-0.014831694471736292,0.2262342623764264,0.5361367779990028,13.643861297319907,14.775173449696783,-0.08864624672821392,20.21576828600328,0.17634843029887695,4.97868133830327,3,0.72
0.1988566444349641,-0.015786472905490102,0.18006189640540504,0.6906730872078037,17.379071352779036,-8.47655514271586,-0.9734568954548002,20.142212717908638,0.3138690060184509,4.611972503974327,3,0.72
0.22254353005840194,-0.0073524583023332184,0.17448559426137347,0.5944597189840098,-1.6707103522765916,12.607966011144915,1.8700020758734233,31.223409847592954,0.18648981668748302,3.356152621851132,3,0.72
0.19188285722459805,-0.0338661114002167,0.1694096895810196,0.715482379846029,14.498603285128148,-5.408395986344469,7.370440828960013,14.727972282969464,0.465729126142031,3.814608115459707,3,0.72
0.26910148190561467,-0.04677106878617891,0.20720199260227867,0.6723898122207438,0.9611602829957064,-4.369462446322167,1.5556634350743046,15.724740949031155,0.38999736659940143,5.432667389850698,3,0.72
0.1943529667555087,-0.03847218087392208,0.26841522843981946,0.6207176178740758,-0.6220759959641082,-7.647159566395654,-0.10226164400922959,10.21086956944778,0.4153697987696878,3.0834195622337823,3,0.72
0.2515311900543944,-0.06826618701014088,0.2799695941304137,0.8064351074706305,-0.09496853788468052,6.701586980291899,-4.527736131387632,22.611557902114185,0.16860895355291722,4.131226671812771,3,0.72
0.1720646082624417,-0.036755290713215025,0.27496786944833246,0.5894100339144775,12.819545466814073,-3.5108496051987053,-3.7520837042612314,24.867439171601294,0.34231106576750836,3.216822576515915,3,0.72
0.20747908847157043,-0.014730003672261079,0.1973694656452036,0.5841703056848312,5.508524348362519,3.542827263470828,0.36801215615368843,17.104122129503327,0.49459133837125335,3.234202014523112,3,0.72
0.2171970515849981,-0.004957747350429444,0.19256405392945594,0.545907848328867,15.410551092171822,4.094562869956948,1.8885936387074493,29.04720503697582,0.2378490884377882,3.9545002673745637,3,0.72
0.25368157783194634,-0.011603058669512716,0.2741949991125584,0.5858977584866797,13.487561928922712,-5.746235370820774,7.538813941826902,9.596382511962785,0.4641173374557549,2.991932757967771,3,0.72
0.17122236189536919,-0.05263496392516957,0.2004222055341761,0.6942107116493816,5.165787669309948,9.976843077386201,1.0699338202040165,20.512167219593643,0.2863970539871674,3.703857378795373,3,0.72
0.18002857127825506,0.0005855329839538556,0.2463830154818689,0.7259071625437197,6.573702189033266,-11.57805599508708,-6.3467443667776005,23.420537683294278,0.20732883360898557,3.355850634447711,3,0.72
0.25348770153706424,0.0189624655121876,0.33883953991377713,0.7555756868618508,15.976444931306593,-9.733824063906436,-0.9836654935900552,15.634106468290295,0.43893397405838186,5.142853374873738,3,0.72
0.23060680168420583,-0.0022547338689442933,0.1479276577457264,0.5495869648452625,11.757036150429913,-6.702005900062617,2.187540462186262,24.755477570688036,0.27214360115068753,3.3471352445039564,3,0.72
0.18058790573766406,-0.004620596379150374,0.21137094095616166,0.5933515587471769,1.9057142603299493,-3.1919679393052096,4.467973779377566,34.09111230845808,0.4392386613836524,5.402134229713798,3,0.72
0.2772508296473916,-0.012123097691921002,0.25118911074071715,0.5294005151916529,24.688264943859807,-2.971841485699568,2.158739936085159,22.05452372371214,0.46600257860859906,4.385579169477109,3,0.72
0.1839668374870705,-0.04115559854929693,0.2485514983679721,0.7235459974796408,13.737383164295801,14.780231723802617,6.337340570875544,26.49532686615834,0.2886855357301922,5.18319239138596,3,0.72
0.23666206203003326,0.00016030989639006024,0.16129048405389856,0.8062534987536752,10.627695148654347,-3.3643760696179337,9.239380000581813,20.235753133249048,0.4969059853529284,3.385870871220442,3,0.72
0.16886244876231166,-0.04452606359673781,0.22685802343592243,0.8115637362966969,10.014037349868147,-10.36588284263226,0.5422062193256493,29.953730718213386,0.4690012424668413,5.196020367098528,3,0.72
0.2543161599471867,-0.030445179787033084,0.14323705742771836,0.7631520501955104,11.282405677225348,4.0810802404022635,0.5735697950849342,25.277116498861698,0.45724873104400554,2.2337219138895064,3,0.72
0.24087470862730972,-0.03823357764378178,0.1498266734810833,0.843958487512239,2.147681218209379,3.417631025299754,-3.374373654129838,19.535366571725245,0.27041753158848086,4.399286416508316,3,0.72
0.22847422181459745,0.0067474848864361205,0.15992847522624654,0.7723815368701962,-8.670500915259197,1.8062814835729384,-3.243602136217016,19.7670065205282,0.4933095495633405,3.379672406343418,3,0.72
0.2306601270062946,-0.037624180551437805,0.28069552700378264,0.8135138396626724,10.558106079249356,3.3422794702855216,-6.871679579242055,24.981892691212714,0.4255838194069459,3.2484372943375757,3,0.72
0.19288169851358805,-0.03580738668928498,0.149439715675101,0.8057785330036182,15.0293021419052,-3.798351219519479,-7.035086725145547,19.825728799745598,0.4732865111431245,2.63688378430705,3,0.72
0.16610977872934737,-0.06073344918694461,0.2909682581656293,0.8770331543458503,11.734700889170137,7.098596224415693,0.9193342821836954,17.05514603002039,0.2248673589979117,3.195465568865688,3,0.72
0.18153923405252181,-0.0030111431630218816,0.26827573676987965,0.8444829692326989,4.365343508475153,-9.603796372335223,0.9672226409486373,26.469200775254162,0.19735980118263624,3.460581924139278,3,0.72
0.25049855420619516,0.01553641307928431,0.21738635005282836,0.6108778855649512,-1.2981648570334752,-3.28710788275947,-2.7722369239489844,19.418177599608534,0.3972805949195185,3.9420343387213865,3,0.72
0.15807745833018216,0.005973657572886662,0.32897522197836837,0.7592499193135296,17.492272967202805,3.9724682736156494,1.7035649710997243,23.68829619001501,0.49245338467714705,2.406458226195585,3,0.72
0.20750113837690168,-0.0317670335136578,0.20189092533217745,0.8582141619184807,15.32763591649639,-7.539057029497501,-5.909654640105316,17.8695669553586,0.2833972088742769,5.430782063255538,3,0.72
0.20574899076098663,-0.0010948770579992835,0.22342723899427575,0.5982852443181436,3.8631213926343886,8.662561499116741,0.03900503408059647,20.15661936299273,0.2670649953536807,3.2091111847130422,3,0.72
0.25000623069065225,-0.0006831122882126339,0.29103223428384234,0.559157687805526,-5.071359481549669,-2.6002980273695004,7.016084651928807,26.977653360629233,0.3670962305390806,2.689962901773095,3,0.72
0.23692303232056947,-0.05306829368721443,0.20764272981773274,0.6076990085500554,3.206336266220635,12.507764257327414,-4.751087034596786,28.588261576477866,0.19811273293863407,2.2962247539302645,3,0.72
0.19785545245104744,-0.0033672861536934717,0.3133052788991613,0.5901144650757625,19.280977654898102,-15.934906417500516,3.257880613308399,22.916424572931824,0.15134191060970445,3.5266382911071332,3,0.72
0.23957668104857666,-0.010878724269498617,0.33888478884871687,0.765139966125448,14.32861564172464,-5.58248164621437,-0.26243067377169815,29.56266907506466,0.16894360696689045,4.633263444562022,3,0.72
0.18378404083909025,-0.02219616030368014,0.19924307345743614,0.7313371717660091,22.32678687129289,0.07018547263891575,-1.6390691457354474,32.72386359947528,0.1972616661292994,3.545991972981221,3,0.72
0.21757168358789025,-0.0010727978539950313,0.23468644177664627,0.7439127440050961,11.5861120430908,-3.4857357912774014,1.0139387256354913,28.314638196156245,0.36831686821293397,3.449248097030285,3,0.72
0.21225405313671258,0.03585782987723611,0.1891958576981834,0.5433540710425012,14.326992232285441,4.553910087486595,1.6013868876498794,19.923061126594124,0.4723208242464675,3.0297056443593635,3,0.72
0.1560364499772554,-0.0019082637378708966,0.2003290316195085,0.8601276212505687,19.281588730982392,-0.08386646543671171,4.278519742116741,22.343866593932223,0.20601363264894107,2.963929909769925,3,0.72
0.1944103666396349,-0.027772371364290754,0.33423961432916194,0.591026578248755,8.212169969566368,8.566129000176574,-0.5489349810340316,25.955779486635915,0.26948829996486273,3.3177490944975814,3,0.72
0.25452449107467306,-0.04110880197162954,0.21417179694125335,0.8390657855849224,9.490263654910466,-14.888283665306114,-3.502261835373315,23.816784973290396,0.33591899856981833,2.573977769741316,3,0.72
0.18643938042085,-0.024024774330581894,0.19540715939934566,0.7255107495079613,2.3066378860823384,-0.3954950372335089,2.6512285704980525,30.10370112880223,0.1938483303056849,4.470199238572193,3,0.72
0.1718227676900711,-0.011877864586653422,0.24001793844686822,0.656127692882892,3.642966135318706,7.67611676500462,4.797705134300184,39.274545960147805,0.21211069597955595,2.68072389770593,3,0.72
0.20681541927652333,-0.014788166266606527,0.16399915396262327,0.6208669987205209,10.042428147705195,-2.266017258183799,4.922425551730296,34.63277502774607,0.42151226599005975,2.254335451083686,3,0.72
0.24910194159552163,0.027320666332495625,0.15340338842782092,0.6963182350569868,12.363716019395715,-4.39607800795718,-3.563097631338298,19.674583114572357,0.29759863611631865,4.991297065811654,3,0.72
0.2505729410804209,-0.008427790153531338,0.25267830998560337,0.830450211106859,-9.422076034106006,9.192664788595923,1.4150929512049375,25.387408808537085,0.4083908777358983,5.192825302533484,3,0.72
0.27945476644455786,0.013097410314011338,0.14526025507760418,0.7832463911649336,6.580089291444947,4.85671812022429,-0.9320125141626576,23.786603407389503,0.3344620974178798,2.6336231561014585,3,0.72
0.25730710732100764,0.0016167874662801826,0.1902545447909066,0.7196922937585404,11.517949066555389,2.2318087207553043,-3.9433478493077496,24.457038675965425,0.1958615092643931,3.4405308747492573,3,0.72
0.15814491155380928,-0.0206255127957135,0.17753737262787128,0.8748053160547884,3.686283794862101,-8.412691238622518,-4.795431934041195,20.76504556137005,0.22141993325221873,2.634591301798653,3,0.72
0.23035665559360963,0.0011911117568199278,0.20722903770621187,0.6110830848198454,-2.4741897437866083,-7.645365358846787,-0.8394471478432018,20.187402961156554,0.336763910994476,4.36270863930342,3,0.72
0.2309257346412731,-0.021411516007617298,0.25761176068937164,0.6171948096378786,-6.429922022876143,-3.399777173123873,-8.324724136284765,23.900943158411867,0.2423339882918778,3.63669161989194,3,0.72
0.26042168692858236,0.0007024049276890369,0.341979312764901,0.7808299687934279,-3.514940220038021,7.327128621843271,5.5198363908153825,32.328483568180445,0.3276772029602216,3.029867835027143,3,0.72
0.1747426033363476,-0.025288829734096997,0.25338369991151777,0.818039064811644,14.7079378160763,-13.343441422572598,0.7884283245127932,22.080012728629548,0.31123509672579597,3.5970504530071907,3,0.72
0.21941542844242634,0.0024012381832423,0.23995248982689457,0.7645164859600561,12.616088904969288,5.320846044861116,2.743274252410563,19.09989028765079,0.37315376130186206,3.005103815203876,3,0.72
0.2347351280650066,-0.036322736200628106,0.17853995020732552,0.5313151023477821,0.8975090531439642,3.357851814478087,-6.907213687320065,19.841558200250773,0.18725942516715524,4.109945902197895,3,0.72
0.2032651736497294,-0.02381899690638242,0.36865929541722053,0.6287286891647691,14.47450154937439,-5.266487026525184,-9.073514125375658,21.002953090251978,0.43455783642197676,5.204136033605893,3,0.72
0.2075968608003087,-0.023825957085629856,0.29419312731937286,0.7528207397929086,6.884980748090438,-8.661079077372921,-8.001096577314511,13.640145119361653,0.4757463821882477,3.279736450227827,3,0.72
0.25372328324023113,-0.012707170236042377,0.17342104904829178,0.5996703417240267,4.038007177929579,-4.93213866456436,1.250954677184148,23.250886056304406,0.36903755495149765,2.90180528323563,3,0.72
0.17255641518834552,-0.03050111151484603,0.19917062700711852,0.8353772153658949,6.6606754917664475,-6.400776827092812,-3.729040539892828,27.24597270303847,0.4995553774022832,2.35938749910716,3,0.72
0.23372598917003257,-0.03304449001076774,0.18681788646530384,0.743292579375961,16.635343803864394,5.097424064122899,-3.216241134252774,22.118352564100803,0.30394760878016525,3.395550170482189,3,0.72
0.18801768253170575,0.0024416521526364338,0.2648863184993153,0.5611959380354721,12.21769151365282,-0.5559663868305111,-2.6692539597431226,27.118963500292725,0.281128873962625,4.195688707793196,3,0.72
0.19273870639767163,-0.00464189046588058,0.17167208995734318,0.8199910496013381,2.2024104267769955,3.9522917795900394,-1.9958849123535307,28.94812432828529,0.44251821552015025,3.0279720407576667,3,0.72
0.32310887127118193,-0.04453787355407661,0.15952894008983123,0.5494239231963839,20.370426809576152,-18.483018424711528,-1.950689204614819,22.245084540693348,0.3217472887280992,3.323081639400379,3,0.72
0.20586749645988178,-0.03316597852329704,0.17587918212213283,0.6372008213503688,12.56562705520517,-2.9475573448804244,4.303288606493246,22.91634193487129,0.40985973188990243,2.503989427037847,3,0.72
0.22683345090571017,0.02030104777808941,0.15843440631900552,0.58862584179332,1.143217388854115,-1.085807625615104,-1.6455746188502645,19.28681753668176,0.40587187083387033,4.557724857546505,3,0.72
0.22717678311936876,-0.050058446466368534,0.2585463762514151,0.8015352400907386,8.929062980441985,4.795042451745755,0.9827690705351787,28.221635976277984,0.31944095974633213,4.608104432279323,3,0.72
0.208975175446058,-0.02584715686059716,0.1665977332514649,0.6447214947166172,4.431798903971819,1.9857494009081913,-2.7494346203149393,16.818071197343706,0.25767154473061915,4.228975987752295,3,0.72
0.23919042949244396,-0.04254200211507835,0.3061676955961855,0.7888775286931078,4.490271986072454,-2.3004260996257044,-4.18592973328383,29.039675856200425,0.2570715709242254,5.107705350170245,3,0.72
0.23518003478916122,-0.03566719961298397,0.27878764199091965,0.6747518000942581,0.43660066906756256,5.256691808409737,-1.15548868750403,28.448394104850593,0.26863445219396037,4.551660461266609,3,0.72
0.25337319225578236,0.021641121840637833,0.34604321622554374,0.6829762522983779,14.252916401226901,-3.38873472654145,4.203877251611074,30.695978942579924,0.20314979602137384,4.212546916647877,3,0.72
0.23709219254397768,-0.03558864060921506,0.24691023693224937,0.7477936717059637,1.3132944683125318,6.47623849698846,-2.4534360115308838,17.250471492410774,0.15653830419081857,4.9413236416148845,3,0.72
0.19554764337214067,-0.025514394033298422,0.1392394112350647,0.7760591262843423,5.737059829409988,-0.696660943331791,0.503353185939024,21.51152962617195,0.25163440254893016,2.756352406368895,3,0.72
0.15094457191130495,-0.007759409202649319,0.2369640647934181,0.862342407543724,11.609699104605063,-7.049774772635869,-0.9645019439159556,24.55115334626098,0.24885667446622817,5.331858847220684,3,0.72
0.3036919697986634,-0.0027711650813825074,0.25268380216560593,0.6973994174439435,14.774137321925807,11.237473891368452,-7.673044309610205,26.864000179084584,0.4663224502221749,3.091147352553273,3,0.72
0.23983533317956376,-0.0438957341809702,0.14314883915635895,0.5429615466479772,-2.725037946524866,-3.6617904604853093,-2.0062160075132445,37.89056117037909,0.4999449286616594,5.132066418925984,3,0.72
0.2570749754131763,-0.05219260180287648,0.19121086826958628,0.7136741930865478,3.0187258962846064,3.6611577893420315,4.338050189776162,22.877738982201542,0.1511075363144432,4.2575244211036605,3,0.72
0.1990622143444596,0.01863278642160347,0.22369920934187673,0.7612374191068805,12.159411515510275,6.038360759078674,6.707438168776099,26.924929958576037,0.49191100059624504,2.2356543253677423,3,0.72
0.2640606318043788,-0.001511139750154336,0.14584793396034723,0.7660617034383419,-10.291077910510872,1.5084224869593816,4.838627593355168,19.395440053428892,0.36249318727767876,2.7176068919626264,3,0.72
0.17413246815304764,0.014007098349898172,0.18155084277839356,0.7176025192710663,-0.5060429359614353,18.027538057410133,0.40408251559023,20.700981917261817,0.28913368433212655,2.8596036881017857,3,0.72
0.2315905689727878,-0.005399001060707152,0.3258869503938524,0.8610584126521976,11.441354006332137,15.452084019284321,-3.639513306682033,17.710281281644086,0.41280044066565635,3.3121216064823216,3,0.72
0.23119937296586396,-0.04312078804243358,0.27377348349708047,0.6317763222486705,-2.758376845480017,-2.23664317118162,1.3751162868280362,27.952839882099035,0.17954440908207742,3.410881155999685,3,0.72
0.27676179288976177,-0.014555972716086246,0.27834324429073987,0.7333092329550424,1.7509758471896912,-8.147187892657882,-4.035342990051874,24.578271302790895,0.40329075976843765,3.7665555331466587,3,0.72
0.18635128466836207,-0.02127979524004965,0.3112547366404955,0.8771109639569197,1.5523868046757263,3.1304346589407674,-8.855189449837598,20.511784726805267,0.3760417040556862,3.999226135813135,3,0.72
0.20236048864960043,-0.08313075742234281,0.2347479732859264,0.7990449957819571,-0.006590087929238209,7.950113153954985,-1.4530627868997499,29.103792717840605,0.48917717497696933,4.987686835727091,3,0.72
0.2497742016789304,0.01836707692064563,0.13129860239308472,0.8137291396124013,10.174932137624303,3.5190331742066645,1.1648582909739578,27.351835276022356,0.2067756338602566,4.885036282144812,3,0.72
0.2349510828272164,0.00037794262191940403,0.2665034380002362,0.7895687501142,10.723303774210969,-5.528887150627493,2.097468353759818,30.910465000885488,0.48837904261087894,4.254466440050145,3,0.72
0.21462971539973374,-0.03460318828028028,0.3324002667075814,0.618993243462897,2.1079611596721755,1.9957339016879236,-0.2968441698183554,15.90993536931786,0.38676234917637653,3.1876077654050285,3,0.72
0.24458250337377005,0.009768103484441341,0.22539180673195428,0.8093453575291412,-1.768949778074763,-18.862820347860705,0.44277435659957004,38.168555830759715,0.4375383504301237,2.876734336809698,3,0.72
0.26465926445501997,-0.0317851920512424,0.23017217643511867,0.7209035690624139,0.13632893242081146,11.891271175225832,3.42109555065934,29.587323331109918,0.4473863689203139,2.9277041800621757,3,0.72
0.2570354478309875,-0.011428248935098776,0.2620524822097578,0.5247382567611713,12.873626688296454,0.14259620964100053,-1.9263174053500807,23.31946121724078,0.21842780806967235,5.094134218779786,3,0.72
0.21788662263143857,0.014971259278090555,0.2166098394888116,0.696887151502502,3.6396138549156936,-0.48895325246360893,2.557083834511099,36.76167531276191,0.1896308823239948,3.1973699541330847,3,0.72
0.1953158909260544,-0.0430108959585782,0.22719119461027826,0.7996485680119574,4.548519215305767,-5.295709801605056,-1.1721578359420795,24.40240283141457,0.3957999565766673,3.447040756454853,3,0.72
0.20252000160090156,-0.07347937709038656,0.20682484450197464,0.8599233636271079,15.83476821234073,3.551510838828127,-1.0063589962119344,22.674159268230973,0.3077146072761816,5.244010387435457,3,0.72
0.3742652069750797,-0.0053056998670108334,0.1889031309554819,0.5767387061756515,22.2756031953489,-7.011084435888722,-0.9491901833405271,23.97868675717199,0.17504219440702024,2.25799810245764,3,0.72
0.2210318537981749,0.029645534779390543,0.3009627576824494,0.7737340237812893,3.9936883977555384,13.198805376794247,-7.339064728220566,29.00689502996295,0.16636807021456768,5.462064047641714,3,0.72
0.18212714988850348,-0.04935308024160256,0.22305841478013788,0.8651095769638228,13.123433293393774,-0.29976939995154933,-0.6015594243413498,22.77242308875457,0.170028748997,4.328433107220195,3,0.72
0.1862428257775092,-0.015154262195627011,0.21487273076530353,0.7281521757963442,-0.435735987140486,4.449502721893324,0.9582879589630594,22.05592764243272,0.2430372157414919,4.1349483821190205,3,0.72
0.16674230206935603,-0.006098363798826251,0.12955242322955274,0.8333079405280268,9.469384693651023,0.11234764648912725,3.094659803356228,23.218394853874052,0.39681782236740304,2.3237759583575857,3,0.72
0.2782776733298201,-0.029463750443750672,0.22062113712733472,0.6242055897015405,6.046028671042992,-12.480983024095918,10.499612065795585,18.15855469934123,0.17976772124789284,2.2899419039111013,3,0.72
0.24461127085269924,-0.0037154702359876897,0.2547209892196788,0.5852941584442475,-12.432906424610621,2.2417817380635587,0.7342241718577812,27.766126902183476,0.2645147821399626,2.6953923086991285,3,0.72
0.15428318716645736,0.02572341626931979,0.330471930181523,0.7524650006535702,7.231331792816861,-5.617923222383122,-8.307219711336156,27.396405154090047,0.43335654698151593,2.4993234131862714,3,0.72
0.21493164066371007,-0.030678768703246734,0.23357814375444888,0.5528061605477612,6.524777626895306,7.168673305073512,-3.0142851532275237,30.73847822500674,0.2950684405307041,4.889045308367119,3,0.72
0.22196715453680474,-0.045987174660004605,0.17129835521987552,0.5860806119924465,16.137349500837445,11.458026895541915,2.410244912765812,24.321502945497162,0.22488268611424328,4.898351041634105,3,0.72
0.2596336733360801,-0.0058792423654308035,0.19537652188957663,0.8684653819974391,-0.3471505402719064,-4.9299676070932765,-4.958752001814438,28.034970944585226,0.24353153897991192,4.497932104467564,3,0.72
0.19718039251288713,0.039843166483761044,0.3738494955488524,0.7157624837941696,11.000906322886824,-1.611563332678657,0.8002980443152705,24.2181423253351,0.21602782635508627,5.480977682311954,3,0.72
0.18088482384706028,-0.020362237436262625,0.18858404224632622,0.7228250796500835,19.675312306025013,-3.6795296723387945,6.802771238982568,20.385260749735362,0.2021593668354244,3.1358151034896755,3,0.72
0.18763202657218933,-0.004477399844086252,0.21221811459831355,0.7311239902719825,27.817215911347986,-10.2781138838803,1.8976713484721985,22.843642365831677,0.21023621018795802,3.8605751320956263,3,0.72
0.19095400328927992,0.05149724317899995,0.30449376358506747,0.7089364017030279,13.791028960352602,15.697231901921217,-3.3270903800549676,41.20759797919523,0.15813673270498277,4.8467215435382816,3,0.72
0.22676123405869164,-0.0010311158382718642,0.12465116308308198,0.7607240051653695,8.602870415744329,-8.714138085262519,7.530835491561985,22.2438473341093,0.244911266242463,3.6120139626459036,3,0.72
0.19875360623698235,0.02678299129621198,0.29886164001827054,0.8582415633239258,7.484412270560138,3.2041777853475604,-4.819741211258614,19.389651986282203,0.3895439638836158,4.794436088420099,3,0.72
